restaurant_id,restaurant_name,City,primary_cuisine,price_level,rating,num_reviews,ranking,popularity_score,avg_city_pressure,peak_city_pressure
d8574693,Estamine Art Food Drink,Lisbon,Bar,1.0,5.0,327.0,1.0,0.8594634467201074,71.93915752520559,97.65516301344215
d2719569,BA Wine Bar do Bairro Alto,Lisbon,Portuguese,1.0,4.5,1526.0,2.0,0.7408106967766086,71.93915752520559,97.65516301344215
d12351853,La Buvette da Mae d'Agua,Lisbon,French,1.0,5.0,177.0,3.0,0.6320332254305288,71.93915752520559,97.65516301344215
d8626284,Ha Tapas no Mercado!!!,Lisbon,European,1.0,5.0,423.0,4.0,0.6459011300631387,71.93915752520559,97.65516301344215
d8317381,O Vinhaca Tapas & Vinhos,Lisbon,Seafood,1.0,5.0,235.0,5.0,0.6046551282495941,71.93915752520559,97.65516301344215
d9976581,Restaurante Mili,Lisbon,Indian,1.0,4.5,813.0,6.0,0.6126070115437681,71.93915752520559,97.65516301344215
d10583082,Leo,Lisbon,Indian,1.0,4.5,363.0,7.0,0.5694157316977561,71.93915752520559,97.65516301344215
d4955432,Augusto Lisboa,Lisbon,European,1.0,4.5,706.0,8.0,0.5937915434760292,71.93915752520559,97.65516301344215
d4890768,Crisfama,Lisbon,Mediterranean,1.0,4.5,795.0,9.0,0.5949343242511302,71.93915752520559,97.65516301344215
d8074564,A Venda Lusitana,Lisbon,Mediterranean,1.0,4.5,548.0,10.0,0.5749609367835042,71.93915752520559,97.65516301344215
d2615468,Casa Nepalesa,Lisbon,Indian,1.0,4.5,1140.0,11.0,0.6049988766748402,71.93915752520559,97.65516301344215
d10392868,Sanskar Nepal,Lisbon,Indian,1.0,4.5,296.0,12.0,0.5424427219275462,71.93915752520559,97.65516301344215
d1721696,Come Prima Restaurante Italiano,Lisbon,Italian,1.0,4.5,1721.0,13.0,0.6192362711623953,71.93915752520559,97.65516301344215
d7285428,Salsa Rosa Bistro,Lisbon,Contemporary,1.0,4.5,948.0,14.0,0.5909007003051965,71.93915752520559,97.65516301344215
d6997204,Lisboete Restaurante,Lisbon,Mediterranean,4.0,4.5,418.0,15.0,0.5528550177799306,71.93915752520559,97.65516301344215
d7260478,Maruto Bar & Bistro,Lisbon,Bar,1.0,4.5,596.0,16.0,0.5674620661477323,71.93915752520559,97.65516301344215
d9608268,Il Covo,Lisbon,Italian,1.0,4.5,359.0,17.0,0.5437039520464346,71.93915752520559,97.65516301344215
d12678228,Restaurante Ti'Ascencao,Lisbon,Mediterranean,1.0,4.5,186.0,18.0,0.5133866883204363,71.93915752520559,97.65516301344215
d4115385,Santa Clara dos Cogumelos,Lisbon,Italian,1.0,4.5,421.0,19.0,0.5489629009591407,71.93915752520559,97.65516301344215
d945588,Clube de Jornalistas,Lisbon,Mediterranean,1.0,4.5,2110.0,20.0,0.6202795959925403,71.93915752520559,97.65516301344215
d2308921,Frade dos Mares,Lisbon,Seafood,1.0,4.5,2253.0,21.0,0.6225007990553596,71.93915752520559,97.65516301344215
d697284,Casa da Comida,Lisbon,Mediterranean,4.0,4.5,546.0,22.0,0.5584294330718471,71.93915752520559,97.65516301344215
d9553751,Lisbon Winery,Lisbon,Portuguese,1.0,4.5,445.0,23.0,0.5486936106318472,71.93915752520559,97.65516301344215
d3242757,Bistro Gato Pardo,Lisbon,Mediterranean,1.0,4.5,681.0,24.0,0.5671723656665236,71.93915752520559,97.65516301344215
d6852277,Mini Bar Teatro,Lisbon,European,4.0,4.5,1032.0,25.0,0.5852683134202482,71.93915752520559,97.65516301344215
d7792295,Taberna Sal Grosso,Lisbon,Mediterranean,1.0,4.5,1136.0,26.0,0.5891030841258457,71.93915752520559,97.65516301344215
d6825635,da Prata 52,Lisbon,Mediterranean,1.0,4.5,1842.0,27.0,0.6103087846212759,71.93915752520559,97.65516301344215
d12212925,IIIMPAR,Lisbon,Mediterranean,1.0,4.5,392.0,28.0,0.5406975609494415,71.93915752520559,97.65516301344215
d2285993,Restaurante India Gate,Lisbon,Indian,1.0,4.5,716.0,29.0,0.5672581331452479,71.93915752520559,97.65516301344215
d2337647,Cantinho Lusitano,Lisbon,Mediterranean,1.0,4.5,1232.0,30.0,0.5911946732136666,71.93915752520559,97.65516301344215
d9977670,Restaurante Alma,Lisbon,Mediterranean,4.0,4.5,466.0,31.0,0.5473874027494496,71.93915752520559,97.65516301344215
d10390211,Banca de Pau,Lisbon,Mediterranean,1.0,4.5,396.0,32.0,0.5398114784743301,71.93915752520559,97.65516301344215
d7201929,Cultura do Hamburguer,Lisbon,American,1.0,4.5,1751.0,33.0,0.60602007101399,71.93915752520559,97.65516301344215
d1520116,Floresta Das Escadinhas,Lisbon,Mediterranean,1.0,4.5,579.0,34.0,0.5562390136198477,71.93915752520559,97.65516301344215
d2628518,Belcanto,Lisbon,Portuguese,4.0,4.5,1664.0,35.0,0.603219217016964,71.93915752520559,97.65516301344215
d11934714,Organi Chiado,Lisbon,Mediterranean,1.0,4.5,383.0,36.0,0.5372783377796905,71.93915752520559,97.65516301344215
d6294193,Frangasqueira Nacional,Lisbon,Barbecue,1.0,4.5,625.0,37.0,0.5589417999441519,71.93915752520559,97.65516301344215
d8757206,Agulha No Palheiro,Lisbon,Mediterranean,1.0,4.5,210.0,38.0,0.5100206513514233,71.93915752520559,97.65516301344215
d1730728,Enoteca de Belem,Lisbon,Mediterranean,1.0,4.5,1173.0,39.0,0.586690196978881,71.93915752520559,97.65516301344215
d1792131,Wine Bar do Castelo,Lisbon,Portuguese,1.0,4.5,1298.0,40.0,0.5910295025048148,71.93915752520559,97.65516301344215
d10198402,Alto do Bairro,Lisbon,Fusion,1.0,4.5,384.0,41.0,0.5363782906182982,71.93915752520559,97.65516301344215
d4261980,Solar 31,Lisbon,European,1.0,4.5,1972.0,42.0,0.6093923074550748,71.93915752520559,97.65516301344215
d2285843,Cafe do Rio - Gourmet Burger,Lisbon,Portuguese,1.0,4.5,1336.0,43.0,0.5917975330148794,71.93915752520559,97.65516301344215
d10480656,Bairrices - Tapas,Lisbon,Mediterranean,1.0,4.5,246.0,44.0,0.515999431245171,71.93915752520559,97.65516301344215
d10293078,Restaurante Sucolento,Lisbon,Mediterranean,1.0,4.5,290.0,45.0,0.5231903614579053,71.93915752520559,97.65516301344215
d2165125,As Velhas,Lisbon,Mediterranean,1.0,4.5,782.0,46.0,0.5673779968027248,71.93915752520559,97.65516301344215
d7398366,Churrasqueira da Paz,Lisbon,Mediterranean,1.0,4.5,707.0,47.0,0.5627294544613842,71.93915752520559,97.65516301344215
d11766502,The B Temple,Lisbon,American,1.0,4.5,479.0,48.0,0.5451888264988481,71.93915752520559,97.65516301344215
d10383575,Os Bons Malandros,Lisbon,Mediterranean,1.0,4.5,335.0,49.0,0.5290861172251882,71.93915752520559,97.65516301344215
d12456015,Pesqueiro 25,Lisbon,Seafood,1.0,4.5,283.0,50.0,0.521432946053112,71.93915752520559,97.65516301344215
d3810944,Xapuri,Lisbon,Contemporary,1.0,4.5,1046.0,51.0,0.5797519583860165,71.93915752520559,97.65516301344215
d6909914,Lateral Cais Sodre,Lisbon,Mediterranean,1.0,4.5,484.0,52.0,0.545172067045055,71.93915752520559,97.65516301344215
d7239661,The CorkScrew Wine Bar,Lisbon,Mediterranean,1.0,4.5,726.0,53.0,0.563192778861908,71.93915752520559,97.65516301344215
d12189786,Gin Lovers & LESS,Lisbon,International,1.0,4.5,266.0,54.0,0.5182237533067252,71.93915752520559,97.65516301344215
d10314448,Petisqueira Conqvistador,Lisbon,Portuguese,1.0,4.5,294.0,55.0,0.5225893778553355,71.93915752520559,97.65516301344215
d7063650,Sommelier Lisbon,Lisbon,Steakhouse,4.0,4.5,987.0,56.0,0.5766287755891334,71.93915752520559,97.65516301344215
d10069273,Restaurante Momento,Lisbon,Seafood,1.0,4.5,642.0,57.0,0.5572961771597109,71.93915752520559,97.65516301344215
d12828246,La Vita e Bella,Lisbon,Italian,1.0,4.5,272.0,58.0,0.5188358611263726,71.93915752520559,97.65516301344215
d7998294,Tasca Mastai,Lisbon,Bar,1.0,5.0,198.0,59.0,0.5420873583199284,71.93915752520559,97.65516301344215
d4090325,Leitaria Camponeza,Lisbon,Mediterranean,1.0,4.5,1111.0,60.0,0.5815670677442609,71.93915752520559,97.65516301344215
d3929569,Lucimar,Lisbon,Portuguese,1.0,4.5,448.0,61.0,0.5408662413096008,71.93915752520559,97.65516301344215
d4953526,Tapa bucho,Lisbon,Mediterranean,1.0,4.5,682.0,62.0,0.559574638601099,71.93915752520559,97.65516301344215
d1788423,Sr. Fado de Alfama,Lisbon,Portuguese,1.0,4.5,1072.0,63.0,0.5797298625631881,71.93915752520559,97.65516301344215
d5484911,Taberna do Vilarinho,Lisbon,Mediterranean,1.0,4.5,495.0,64.0,0.5450945303011073,71.93915752520559,97.65516301344215
d2445482,Restaurante MOMA,Lisbon,Seafood,1.0,4.5,645.0,65.0,0.5568567126100907,71.93915752520559,97.65516301344215
d1878696,O Arco,Lisbon,Seafood,1.0,4.5,961.0,66.0,0.5746224239906786,71.93915752520559,97.65516301344215
d7591161,A Cevicheria,Lisbon,Contemporary,1.0,4.5,1414.0,67.0,0.5918373213281239,71.93915752520559,97.65516301344215
d9857398,Lisboa Tu & Eu,Lisbon,Portuguese,1.0,4.5,1074.0,68.0,0.5794630343168139,71.93915752520559,97.65516301344215
d1875055,Feitoria Restaurant & Wine Bar,Lisbon,European,4.0,4.5,560.0,69.0,0.5502703088407097,71.93915752520559,97.65516301344215
d3614243,Canto da Vila,Lisbon,Mediterranean,1.0,4.5,1103.0,70.0,0.5805292019248285,71.93915752520559,97.65516301344215
d10450129,Ao 26 Vegan Food Project,Lisbon,European,1.0,4.5,257.0,71.0,0.5153574176370164,71.93915752520559,97.65516301344215
d12509114,Duque Restaurante - Lisboa,Lisbon,Mediterranean,1.0,4.5,202.0,72.0,0.5045603855138828,71.93915752520559,97.65516301344215
d2518698,Floresta do Salitre,Lisbon,Seafood,1.0,4.5,644.0,73.0,0.5562813943440936,71.93915752520559,97.65516301344215
d8710657,Hamburgaria a Gina,Lisbon,American,1.0,4.5,235.0,74.0,0.5111941268822419,71.93915752520559,97.65516301344215
d1184730,Volver de Carne Y Alma,Lisbon,Portuguese,4.0,4.5,470.0,75.0,0.5420904538508301,71.93915752520559,97.65516301344215
d1783724,Restaurante Forninho Saloio,Lisbon,Mediterranean,1.0,4.5,652.0,76.0,0.5566712360145285,71.93915752520559,97.65516301344215
d1124639,Restaurante Sacramento,Lisbon,Mediterranean,1.0,4.5,3874.0,77.0,0.6363768457810143,71.93915752520559,97.65516301344215
d2520827,Os Jeronimos,Lisbon,Seafood,1.0,4.5,1312.0,78.0,0.5878548050769384,71.93915752520559,97.65516301344215
d7247085,Taberna Anti-Dantas,Lisbon,Mediterranean,1.0,4.5,495.0,79.0,0.5442042591421777,71.93915752520559,97.65516301344215
d3844606,Restaurante Vegetariano Psi,Lisbon,Indian,1.0,4.5,500.0,80.0,0.5446060197705078,71.93915752520559,97.65516301344215
d804190,rosa da rua,Lisbon,Mediterranean,1.0,4.5,794.0,81.0,0.565240418097316,71.93915752520559,97.65516301344215
d2663404,Rodas Restaurant,Lisbon,Mediterranean,1.0,4.5,369.0,82.0,0.5309388388177552,71.93915752520559,97.65516301344215
d1544131,As Salgadeiras Restaurante,Lisbon,Mediterranean,4.0,4.5,1214.0,83.0,0.5841487386115085,71.93915752520559,97.65516301344215
d3849840,Oficina do Duque,Lisbon,Mediterranean,1.0,4.5,911.0,84.0,0.5712575457082923,71.93915752520559,97.65516301344215
d12032626,Sr. Lisboa,Lisbon,Mediterranean,1.0,4.5,322.0,85.0,0.5247250592768976,71.93915752520559,97.65516301344215
d12274149,JNcQUOI,Lisbon,International,4.0,4.5,273.0,86.0,0.5173151288632097,71.93915752520559,97.65516301344215
d7714150,Forno d'Oro,Lisbon,Pizza,1.0,4.5,1217.0,87.0,0.5840929658065637,71.93915752520559,97.65516301344215
d2704113,Taberna Moderna,Lisbon,Mediterranean,1.0,4.5,670.0,88.0,0.5573507172332509,71.93915752520559,97.65516301344215
d3802502,Quermesse Restaurante,Lisbon,Mediterranean,1.0,4.5,1622.0,89.0,0.5968728679625399,71.93915752520559,97.65516301344215
d3649231,O Chiado,Lisbon,Portuguese,1.0,4.5,1053.0,90.0,0.5775007053225867,71.93915752520559,97.65516301344215
d3416924,The Old Pharmacy,Lisbon,European,1.0,4.5,681.0,91.0,0.5579665922956534,71.93915752520559,97.65516301344215
d2092318,Restaurant D'Bacalhau,Lisbon,Seafood,1.0,4.5,1940.0,92.0,0.6047768884841617,71.93915752520559,97.65516301344215
d1544365,Gandhi Palace,Lisbon,Indian,1.0,4.5,445.0,93.0,0.5388732968226418,71.93915752520559,97.65516301344215
d1896374,Claras em Castelo,Lisbon,Mediterranean,1.0,4.5,1231.0,94.0,0.5843479903765849,71.93915752520559,97.65516301344215
d1915562,El Rei D'frango,Lisbon,European,1.0,4.5,415.0,95.0,0.5356865414863771,71.93915752520559,97.65516301344215
d10036378,Bread4You Bistro,Lisbon,Italian,1.0,4.5,1035.0,96.0,0.5765208112059355,71.93915752520559,97.65516301344215
d10310185,Restaurante Comptoir Parisien,Lisbon,French,1.0,4.5,558.0,97.0,0.5488549675356227,71.93915752520559,97.65516301344215
d1774265,Restaurante Laurentina o Rei do Bacalhau,Lisbon,Mediterranean,1.0,4.5,3404.0,98.0,0.6297504880356004,71.93915752520559,97.65516301344215
d1874195,Alpendre,Lisbon,Seafood,1.0,4.5,1038.0,99.0,0.5765555992843167,71.93915752520559,97.65516301344215
d1888288,Farol de Santa Luzia,Lisbon,Seafood,1.0,4.5,728.0,100.0,0.560654732435068,71.93915752520559,97.65516301344215
d6882415,Cafe Pit,Lisbon,Portuguese,1.0,4.5,624.0,101.0,0.5537310010716763,71.93915752520559,97.65516301344215
d6403801,Ground Burger,Lisbon,American,1.0,4.5,591.0,102.0,0.5512722912055793,71.93915752520559,97.65516301344215
d3258536,Chao De Pedra,Lisbon,Mediterranean,1.0,4.5,608.0,103.0,0.5525117789154846,71.93915752520559,97.65516301344215
d940477,Cafe de Sao Bento,Lisbon,Gastropub,1.0,4.5,999.0,104.0,0.5746963019180144,71.93915752520559,97.65516301344215
d6879105,Atalho Real,Lisbon,Steakhouse,1.0,4.5,1011.0,105.0,0.575203091087891,71.93915752520559,97.65516301344215
d9726142,Mar Ao Carmo,Lisbon,Seafood,1.0,4.5,477.0,106.0,0.5415810840588318,71.93915752520559,97.65516301344215
d1516657,Madragoa Cafe,Lisbon,Seafood,1.0,4.5,1114.0,107.0,0.5794908860387399,71.93915752520559,97.65516301344215
d3346954,Cruzes Credo,Lisbon,Bar,1.0,4.5,889.0,108.0,0.5693699992412757,71.93915752520559,97.65516301344215
d10846806,Ola Nepal,Lisbon,Indian,1.0,4.5,196.0,109.0,0.5018018601895,71.93915752520559,97.65516301344215
d6404680,Stanislav Avenida,Lisbon,European,1.0,4.5,510.0,110.0,0.5444682047358876,71.93915752520559,97.65516301344215
d7620398,By The Wine,Lisbon,European,1.0,4.5,707.0,111.0,0.5590481880542401,71.93915752520559,97.65516301344215
d2703366,Cervejaria Ramiro,Lisbon,Portuguese,1.0,4.5,7560.0,112.0,0.6650985602798709,71.93915752520559,97.65516301344215
d8280300,Fabrica Lisboa,Lisbon,Cafe,1.0,4.5,657.0,113.0,0.5557200288664884,71.93915752520559,97.65516301344215
d8037046,Em Alta Na Baixa,Lisbon,International,1.0,4.5,801.0,114.0,0.5645606475320994,71.93915752520559,97.65516301344215
d1974738,Restaurante Ti Natercia,Lisbon,Seafood,1.0,4.5,749.0,115.0,0.5615353076344536,71.93915752520559,97.65516301344215
d1911498,A Tasquinha do Lagarto,Lisbon,Mediterranean,1.0,4.5,410.0,116.0,0.534573108828942,71.93915752520559,97.65516301344215
d1049991,Jardim dos Sentidos,Lisbon,European,1.0,4.5,542.0,117.0,0.5470254640972877,71.93915752520559,97.65516301344215
d3581121,Meson Andaluz,Lisbon,Mediterranean,1.0,4.5,998.0,118.0,0.5743091558779388,71.93915752520559,97.65516301344215
d6498884,Maria Catita Restaurante,Lisbon,Seafood,1.0,4.5,1539.0,119.0,0.5936717116785863,71.93915752520559,97.65516301344215
d1370032,Sessenta,Lisbon,European,1.0,4.5,995.0,120.0,0.5741320676496514,71.93915752520559,97.65516301344215
d7995707,Frankie,Lisbon,American,1.0,4.5,353.0,121.0,0.5277793758457416,71.93915752520559,97.65516301344215
d7255567,Cervejaria do Bairro,Lisbon,Seafood,1.0,4.5,583.0,122.0,0.5501806174497808,71.93915752520559,97.65516301344215
d10769801,Time Out Market,Lisbon,Japanese,1.0,4.5,4454.0,123.0,0.6411666103633349,71.93915752520559,97.65516301344215
d1601146,Simplesmente Pizza Bar,Lisbon,Italian,1.0,4.5,256.0,124.0,0.513376996167239,71.93915752520559,97.65516301344215
d2620682,O Trigueirinho,Lisbon,Mediterranean,1.0,4.5,344.0,125.0,0.5265465863920092,71.93915752520559,97.65516301344215
d10285759,Restaurante Figus,Lisbon,International,1.0,4.5,599.0,126.0,0.5513131203848517,71.93915752520559,97.65516301344215
d1910972,Grapes & Bites,Lisbon,Mediterranean,1.0,4.5,1535.0,127.0,0.5933963787810294,71.93915752520559,97.65516301344215
d792971,Flor da Laranja,Lisbon,Moroccan,1.0,4.5,391.0,128.0,0.5322106604349328,71.93915752520559,97.65516301344215
d5977415,Ze dos Cornos,Lisbon,Barbecue,1.0,4.5,461.0,129.0,0.539551460849315,71.93915752520559,97.65516301344215
d10687650,Paladarium,Lisbon,Mediterranean,1.0,4.5,170.0,130.0,0.49501769258534273,71.93915752520559,97.65516301344215
d7110309,Alfama Cellar,Lisbon,Mediterranean,1.0,4.5,512.0,131.0,0.5442058480538262,71.93915752520559,97.65516301344215
d1813590,Jardim das Cerejas,Lisbon,European,1.0,4.5,575.0,132.0,0.5493764887109802,71.93915752520559,97.65516301344215
d10041949,Butchers,Lisbon,Steakhouse,1.0,4.5,356.0,133.0,0.5279335846226094,71.93915752520559,97.65516301344215
d2317379,O Eurico - Casa de Pasto,Lisbon,Mediterranean,1.0,4.5,1345.0,134.0,0.5873588063789814,71.93915752520559,97.65516301344215
d6922596,Brunch Cafe,Lisbon,Cafe,1.0,4.5,500.0,135.0,0.5430778308576983,71.93915752520559,97.65516301344215
d7345544,Coimbra Taberna,Lisbon,Mediterranean,1.0,4.5,626.0,136.0,0.5531094767426291,71.93915752520559,97.65516301344215
d6602069,Marisqueira M,Lisbon,Seafood,1.0,4.5,1001.0,137.0,0.5740907691673235,71.93915752520559,97.65516301344215
d4086759,Le Petit Cafe,Lisbon,Mediterranean,1.0,4.5,787.0,138.0,0.5633141004891763,71.93915752520559,97.65516301344215
d7002452,Focaccia in Giro,Lisbon,Mediterranean,1.0,4.5,165.0,139.0,0.49353908464910834,71.93915752520559,97.65516301344215
d6550873,Luzzo Pizzaria,Lisbon,Italian,1.0,4.5,533.0,140.0,0.5458555247545651,71.93915752520559,97.65516301344215
d711199,Restaurante A Casa do Bacalhau,Lisbon,Mediterranean,1.0,4.5,494.0,141.0,0.5424436093954996,71.93915752520559,97.65516301344215
d2619780,Dom Feijao,Lisbon,Mediterranean,1.0,4.5,421.0,142.0,0.535282422815222,71.93915752520559,97.65516301344215
d3847493,Restaurante Carmo,Lisbon,Mediterranean,1.0,4.5,1738.0,143.0,0.5986916043562698,71.93915752520559,97.65516301344215
d2295102,Italy Caffe Ristorante,Lisbon,Italian,1.0,4.5,853.0,144.0,0.5668260169198824,71.93915752520559,97.65516301344215
d4885146,O Talho,Lisbon,European,1.0,4.5,866.0,145.0,0.5674883081475718,71.93915752520559,97.65516301344215
d1881446,Ibo,Lisbon,Seafood,1.0,4.5,669.0,146.0,0.5559292569375973,71.93915752520559,97.65516301344215
d3873228,Terras Gerais Bistro,Lisbon,Brazilian,1.0,4.5,327.0,147.0,0.523924080273852,71.93915752520559,97.65516301344215
d12396845,Il Mercato Pateo Bagatela,Lisbon,Italian,1.0,4.5,441.0,148.0,0.5372706873158338,71.93915752520559,97.65516301344215
d697214,Atira-te ao Rio,Lisbon,Seafood,1.0,4.5,650.0,149.0,0.5545993802116893,71.93915752520559,97.65516301344215
d13340325,Oficio,Lisbon,European,1.0,5.0,98.0,150.0,0.507730756295652,71.93915752520559,97.65516301344215
d2324445,Pao Pao Queijo Queijo,Lisbon,Fast Food,1.0,4.5,731.0,151.0,0.5598251535015202,71.93915752520559,97.65516301344215
d1846455,Stasha Restaurante,Lisbon,Mediterranean,1.0,4.5,622.0,152.0,0.552590565358731,71.93915752520559,97.65516301344215
d3853567,Restaurante Cerqueira,Lisbon,Mediterranean,1.0,4.5,704.0,153.0,0.5581158827704263,71.93915752520559,97.65516301344215
d1792129,Carvoaria,Lisbon,Steakhouse,1.0,4.5,572.0,154.0,0.548817840220651,71.93915752520559,97.65516301344215
d5037454,To.B To Burger or not to Burger,Lisbon,American,1.0,4.0,524.0,155.0,0.507386790759102,71.93915752520559,97.65516301344215
d4096422,Lateral Bistro,Lisbon,Mediterranean,1.0,4.5,527.0,156.0,0.5451295892977106,71.93915752520559,97.65516301344215
d3842807,O Prado,Lisbon,Mediterranean,1.0,4.5,377.0,157.0,0.5301487505376953,71.93915752520559,97.65516301344215
d1058428,Solar dos Presuntos,Lisbon,Seafood,4.0,4.5,4720.0,158.0,0.6432236508419054,71.93915752520559,97.65516301344215
d3205522,Restaurante People,Lisbon,Mediterranean,1.0,4.5,239.0,159.0,0.5097790565437881,71.93915752520559,97.65516301344215
d7624534,Porto Alfama,Lisbon,Mediterranean,1.0,4.5,207.0,160.0,0.5033579132740479,71.93915752520559,97.65516301344215
d1633357,O Faia,Lisbon,European,4.0,4.0,1014.0,161.0,0.5368416122192804,71.93915752520559,97.65516301344215
d12316585,Boa-Bao,Lisbon,Filipino,1.0,4.5,331.0,162.0,0.5242779688997092,71.93915752520559,97.65516301344215
d7916133,Restaurante Bistro4,Lisbon,Mediterranean,1.0,4.5,346.0,163.0,0.5262458234564416,71.93915752520559,97.65516301344215
d3384492,Taberna da Rua das Flores,Lisbon,Mediterranean,1.0,4.5,1135.0,164.0,0.5793518684546857,71.93915752520559,97.65516301344215
d3706486,Sapore,Lisbon,Italian,1.0,4.5,424.0,165.0,0.5353051282992437,71.93915752520559,97.65516301344215
d3785803,A Merendinha do Arco Bandeira,Lisbon,Mediterranean,1.0,4.5,281.0,166.0,0.5169225151183373,71.93915752520559,97.65516301344215
d2072513,Sea Me - Peixaria Moderna,Lisbon,International,1.0,4.0,2535.0,167.0,0.577787934181974,71.93915752520559,97.65516301344215
d10458163,Pizzeria Dama e Vagabundo,Lisbon,Italian,1.0,4.0,344.0,168.0,0.4884321353694043,71.93915752520559,97.65516301344215
d7312425,Pistola y Corazon,Lisbon,Mexican,1.0,4.5,424.0,169.0,0.5352620828293538,71.93915752520559,97.65516301344215
d7991979,BacoAlto,Lisbon,Portuguese,1.0,5.0,114.0,170.0,0.514205345131672,71.93915752520559,97.65516301344215
d697301,Restaurante Gambrinus,Lisbon,Seafood,4.0,4.0,856.0,171.0,0.5291540438240278,71.93915752520559,97.65516301344215
d1776025,Adega das Gravatas,Lisbon,Mediterranean,1.0,4.0,673.0,172.0,0.5183851670190422,71.93915752520559,97.65516301344215
d7076777,Maria Mil Reis,Lisbon,Mediterranean,1.0,4.5,349.0,173.0,0.5265249688009619,71.93915752520559,97.65516301344215
d1205235,Lisboa a Noite,Lisbon,Seafood,4.0,4.5,1169.0,174.0,0.5805675574199332,71.93915752520559,97.65516301344215
d5977487,Maca Verde,Lisbon,Seafood,1.0,4.5,143.0,175.0,0.4867271203920693,71.93915752520559,97.65516301344215
d4745119,Bebedouro-Wine and food,Lisbon,Mediterranean,1.0,4.5,501.0,176.0,0.5426493249343345,71.93915752520559,97.65516301344215
d3646976,Descobre,Lisbon,Mediterranean,1.0,4.5,636.0,177.0,0.5533070740719489,71.93915752520559,97.65516301344215
d1481137,Leao d'Ouro,Lisbon,Seafood,1.0,4.0,1104.0,178.0,0.5404687325426035,71.93915752520559,97.65516301344215
d2343231,Cantinho do Avillez,Lisbon,Portuguese,1.0,4.0,1849.0,179.0,0.5635409055377439,71.93915752520559,97.65516301344215
d7075483,Restaurante Bastardo,Lisbon,Mediterranean,1.0,4.0,709.0,180.0,0.5206382175225852,71.93915752520559,97.65516301344215
d1791439,A Parte,Lisbon,Mediterranean,1.0,4.0,537.0,181.0,0.5082042435775893,71.93915752520559,97.65516301344215
d1209299,Sabor Mineiro,Lisbon,Steakhouse,1.0,4.0,836.0,182.0,0.5279903396769383,71.93915752520559,97.65516301344215
d1852620,Restaurante Cabacas,Lisbon,Steakhouse,1.0,4.0,825.0,183.0,0.5273888025191376,71.93915752520559,97.65516301344215
d1047942,Hard Rock Cafe Lisboa,Lisbon,American,1.0,4.0,3610.0,184.0,0.5934502119408971,71.93915752520559,97.65516301344215
d2615363,Bella Lisa Elevador,Lisbon,Portuguese,1.0,4.0,821.0,185.0,0.5271536522178704,71.93915752520559,97.65516301344215
d12296420,Peixaria do Rossio,Lisbon,Seafood,1.0,4.0,406.0,186.0,0.4956615052440237,71.93915752520559,97.65516301344215
d10065370,O Corvo,Lisbon,Cafe,1.0,4.5,132.0,187.0,0.48305796018038955,71.93915752520559,97.65516301344215
d9704215,Zero Zero Pizzeria,Lisbon,Italian,1.0,4.0,549.0,188.0,0.5091305464097882,71.93915752520559,97.65516301344215
d2096417,Santa Rita,Lisbon,Seafood,1.0,4.0,655.0,189.0,0.5170158317309183,71.93915752520559,97.65516301344215
d10733351,Taberna Bairro do Avillez,Lisbon,Seafood,1.0,4.0,1301.0,190.0,0.5477101760812114,71.93915752520559,97.65516301344215
d2619476,Estrela da Bica,Lisbon,Fusion,1.0,4.5,387.0,191.0,0.5309780043555145,71.93915752520559,97.65516301344215
d3485189,Populi Caffe & Restaurant,Lisbon,Contemporary,1.0,4.0,1179.0,192.0,0.5432870615059815,71.93915752520559,97.65516301344215
d8630662,O Recanto,Lisbon,Mediterranean,1.0,4.5,163.0,193.0,0.4923921489555975,71.93915752520559,97.65516301344215
d3209150,Povo,Lisbon,Bar,1.0,4.0,600.0,194.0,0.5130529214122087,71.93915752520559,97.65516301344215
d7615300,Bistro 100 Maneiras,Lisbon,Mediterranean,4.0,4.0,847.0,195.0,0.5284652108593267,71.93915752520559,97.65516301344215
d3853405,Velha Gaiteira,Lisbon,Mediterranean,1.0,4.5,262.0,196.0,0.5135216532260515,71.93915752520559,97.65516301344215
d3294084,Super Mario,Lisbon,Brazilian,1.0,4.5,272.0,197.0,0.5151853078493018,71.93915752520559,97.65516301344215
d7953786,IL Mulino Lisboa,Lisbon,Italian,1.0,4.0,407.0,198.0,0.4956736390072098,71.93915752520559,97.65516301344215
d1572079,100 Maneiras,Lisbon,Mediterranean,4.0,4.5,1894.0,199.0,0.6019488438788315,71.93915752520559,97.65516301344215
d1603297,La Paparrucha,Lisbon,Steakhouse,1.0,4.0,1197.0,200.0,0.5439026085183031,71.93915752520559,97.65516301344215
d6957522,Tasca Kome,Lisbon,Japanese,1.0,4.5,311.0,201.0,0.5211357356050423,71.93915752520559,97.65516301344215
d1571546,Limoncello,Lisbon,Italian,1.0,4.5,695.0,202.0,0.5570646631660612,71.93915752520559,97.65516301344215
d1024469,Locanda Italiana,Lisbon,European,1.0,4.0,876.0,203.0,0.5299106573323713,71.93915752520559,97.65516301344215
d4084316,Pizzaria Lisboa,Lisbon,Italian,1.0,4.0,598.0,204.0,0.5128278005986086,71.93915752520559,97.65516301344215
d6029253,Fumeiro de Santa Catarina,Lisbon,Mediterranean,1.0,4.5,305.0,205.0,0.5202368879041628,71.93915752520559,97.65516301344215
d11711597,Paralelo 45,Lisbon,French,1.0,5.0,75.0,206.0,0.4953453059633116,71.93915752520559,97.65516301344215
d792978,Pois Cafe,Lisbon,Cafe,1.0,4.0,1041.0,207.0,0.5376032832739931,71.93915752520559,97.65516301344215
d4064502,O Cantinho de Sao Jose,Lisbon,European,1.0,4.5,207.0,208.0,0.5029251045260145,71.93915752520559,97.65516301344215
d4361939,Restaurante Coradinho,Lisbon,European,1.0,4.5,383.0,209.0,0.5303785548675711,71.93915752520559,97.65516301344215
d9603630,LOCO Restaurante,Lisbon,Mediterranean,4.0,4.5,150.0,210.0,0.4885673092679147,71.93915752520559,97.65516301344215
d10730796,Nomada,Lisbon,Japanese,1.0,4.5,128.0,211.0,0.48150772377809087,71.93915752520559,97.65516301344215
d1995036,Passage To India,Lisbon,Indian,1.0,4.5,589.0,212.0,0.5495942279376835,71.93915752520559,97.65516301344215
d5567502,Champanheria,Lisbon,Mediterranean,1.0,4.5,519.0,213.0,0.5439310093580545,71.93915752520559,97.65516301344215
d12500324,Sama Sama Crepe and Juice Bar,Lisbon,Healthy,1.0,5.0,60.0,214.0,0.4854435576358492,71.93915752520559,97.65516301344215
d1886758,Restaurant Ze da Mouraria,Lisbon,Mediterranean,1.0,4.5,352.0,215.0,0.5265683924125482,71.93915752520559,97.65516301344215
d9871750,Yak and Yeti Restaurant,Lisbon,Tibetan,1.0,5.0,206.0,216.0,0.5401558201937807,71.93915752520559,97.65516301344215
d2403507,A Cisterna,Lisbon,Mediterranean,1.0,4.5,230.0,217.0,0.507562725900643,71.93915752520559,97.65516301344215
d8519451,Cafe Portugal by My Story Hotels,Lisbon,Mediterranean,1.0,4.5,198.0,218.0,0.5008777613378722,71.93915752520559,97.65516301344215
d3683244,Caso SErio,Lisbon,European,1.0,4.5,461.0,219.0,0.5385954852775728,71.93915752520559,97.65516301344215
d6869251,Honorato Belem,Lisbon,American,1.0,4.0,370.0,220.0,0.4912642091605455,71.93915752520559,97.65516301344215
d3842788,Taberna Portuguesa,Lisbon,Mediterranean,1.0,4.5,388.0,221.0,0.5308800195492789,71.93915752520559,97.65516301344215
d2617123,Yakuza First Floor,Lisbon,Japanese,4.0,4.5,340.0,222.0,0.5249753286032297,71.93915752520559,97.65516301344215
d8417580,Audrey's,Lisbon,Mediterranean,1.0,4.5,384.0,223.0,0.5304049018817222,71.93915752520559,97.65516301344215
d10641161,Tempero Gaucho,Lisbon,Steakhouse,1.0,4.5,94.0,224.0,0.4677226321969697,71.93915752520559,97.65516301344215
d3864733,S Restaurante,Lisbon,Mediterranean,1.0,4.5,277.0,225.0,0.5158086378733391,71.93915752520559,97.65516301344215
d1954813,Lost In Esplanada Bar,Lisbon,Bar,1.0,4.0,768.0,226.0,0.5238742220923772,71.93915752520559,97.65516301344215
d806493,Casanova,Lisbon,Italian,1.0,4.5,811.0,227.0,0.5638053156005642,71.93915752520559,97.65516301344215
d3475423,Marcelino Pao e Vinho,Lisbon,Bar,1.0,4.5,449.0,228.0,0.5373626705359436,71.93915752520559,97.65516301344215
d8656720,Nogueira's Lisboa,Lisbon,Steakhouse,1.0,4.5,248.0,229.0,0.5108510146125322,71.93915752520559,97.65516301344215
d6751087,Restaurante My Story Ouro,Lisbon,Mediterranean,1.0,4.5,444.0,230.0,0.5368507845398205,71.93915752520559,97.65516301344215
d4583591,A Minhota da Prata,Lisbon,Mediterranean,1.0,4.5,394.0,231.0,0.5315067986967987,71.93915752520559,97.65516301344215
d2005226,Restaurante Inhaca,Lisbon,Seafood,1.0,4.0,322.0,232.0,0.48498814915521554,71.93915752520559,97.65516301344215
d3853235,Bistro Edelweiss,Lisbon,Swiss,1.0,4.5,244.0,233.0,0.510103174304709,71.93915752520559,97.65516301344215
d10215325,Restaurante Cafe Garrett,Lisbon,Mediterranean,1.0,4.5,105.0,234.0,0.472572566880964,71.93915752520559,97.65516301344215
d8744254,Dote Cervejaria Moderna,Lisbon,Bar,1.0,4.0,442.0,235.0,0.49912127227217606,71.93915752520559,97.65516301344215
d7807044,Arco Da Velha,Lisbon,Mediterranean,1.0,4.5,185.0,236.0,0.4977469088499772,71.93915752520559,97.65516301344215
d1800674,Restaurante Faca & Garfo,Lisbon,Mediterranean,1.0,4.0,1351.0,237.0,0.5490847715939178,71.93915752520559,97.65516301344215
d2617050,Suntory Exotic Japanese Fusion,Lisbon,Japanese,1.0,4.5,398.0,238.0,0.5319198699762688,71.93915752520559,97.65516301344215
d10920507,Nicolau Cafe,Lisbon,Cafe,1.0,4.0,323.0,239.0,0.4850887171499973,71.93915752520559,97.65516301344215
d10127857,Bossa,Lisbon,Portuguese,1.0,4.5,114.0,240.0,0.47619050073858654,71.93915752520559,97.65516301344215
d2078306,Darwin's Cafe,Lisbon,Mediterranean,4.0,4.0,754.0,241.0,0.5229686608381764,71.93915752520559,97.65516301344215
d3683771,Chapito a Mesa,Lisbon,Grill,1.0,4.0,2073.0,242.0,0.5682235733130899,71.93915752520559,97.65516301344215
d1421024,Marisqueria Uma,Lisbon,Seafood,1.0,4.0,1812.0,243.0,0.5621945173823049,71.93915752520559,97.65516301344215
d11898985,Agua Pela Barba,Lisbon,Seafood,1.0,4.5,105.0,244.0,0.47252000965594476,71.93915752520559,97.65516301344215
d10082385,The Wine Cellar,Lisbon,Mediterranean,1.0,4.5,254.0,245.0,0.5118318935200804,71.93915752520559,97.65516301344215
d1929031,Rubro Avenida,Lisbon,Mediterranean,1.0,4.0,471.0,246.0,0.5019042104695728,71.93915752520559,97.65516301344215
d11697048,Latitude 38,Lisbon,Mediterranean,1.0,4.5,195.0,247.0,0.5000357932251945,71.93915752520559,97.65516301344215
d2627097,O Magano,Lisbon,Mediterranean,1.0,4.5,208.0,248.0,0.5029072275428823,71.93915752520559,97.65516301344215
d12005271,Restaurante - Graca 77,Lisbon,Mediterranean,1.0,4.5,122.0,249.0,0.4791574697127372,71.93915752520559,97.65516301344215
d697221,Brasserie de l'Entrecote,Lisbon,Steakhouse,1.0,4.5,540.0,250.0,0.5454957210919088,71.93915752520559,97.65516301344215
d12446407,1001 Nights- Iranian Restaurant,Lisbon,Persian,1.0,4.5,87.0,251.0,0.4641503712058654,71.93915752520559,97.65516301344215
d3482610,O Tasco Do Vigario,Lisbon,Mediterranean,1.0,4.5,155.0,252.0,0.4897882049553646,71.93915752520559,97.65516301344215
d3326604,Natraj Tandoori - Rossio,Lisbon,Indian,1.0,4.5,228.0,253.0,0.5069764829744738,71.93915752520559,97.65516301344215
d7254835,Solar do Bacalhau,Lisbon,Seafood,1.0,4.0,604.0,254.0,0.5129846427873683,71.93915752520559,97.65516301344215
d1163841,Velho Macedo,Lisbon,Mediterranean,1.0,4.0,398.0,255.0,0.49433581374882635,71.93915752520559,97.65516301344215
d10295169,Italian Burger & Lobster House,Lisbon,Italian,1.0,4.5,254.0,256.0,0.511779264565175,71.93915752520559,97.65516301344215
d10717420,Segundo Muelle,Lisbon,Peruvian,1.0,4.5,159.0,257.0,0.4908989977092134,71.93915752520559,97.65516301344215
d8097709,Casa Portuguesa do Pastel de Bacalhau,Lisbon,European,1.0,4.0,1676.0,258.0,0.5586302315352769,71.93915752520559,97.65516301344215
d4737867,NATA Lisboa,Lisbon,Cafe,1.0,4.5,294.0,259.0,0.5182919774115412,71.93915752520559,97.65516301344215
d1889887,Taberna Tosca,Lisbon,Mediterranean,1.0,4.0,503.0,260.0,0.5047765652565792,71.93915752520559,97.65516301344215
d1085385,Pateo 13,Lisbon,Seafood,1.0,4.0,694.0,261.0,0.5191644512677595,71.93915752520559,97.65516301344215
d11970784,Tabuaria do Paco,Lisbon,Mediterranean,1.0,4.5,83.0,262.0,0.462016590479424,71.93915752520559,97.65516301344215
d10548384,Ghoroa Restaurante,Lisbon,Asian,1.0,4.5,139.0,263.0,0.48489161854098495,71.93915752520559,97.65516301344215
d8434408,"Madame Petisca Restaurant, Bar and Terrace",Lisbon,European,1.0,4.0,460.0,264.0,0.5007648720452117,71.93915752520559,97.65516301344215
d929404,Noobai cafe,Lisbon,Bar,1.0,4.0,744.0,265.0,0.5222586968105116,71.93915752520559,97.65516301344215
d7938189,La Piadina,Lisbon,Street Food,1.0,4.5,147.0,266.0,0.48736766981742957,71.93915752520559,97.65516301344215
d8319690,Pao A Mesa,Lisbon,Mediterranean,1.0,4.0,442.0,267.0,0.49896823085974423,71.93915752520559,97.65516301344215
d7076915,Taberna da Baixa,Lisbon,Mediterranean,1.0,4.0,343.0,268.0,0.487635632977418,71.93915752520559,97.65516301344215
d2663779,Babete Restaurante,Lisbon,International,1.0,4.5,770.0,269.0,0.5612783081996625,71.93915752520559,97.65516301344215
d812271,5 Oceanos,Lisbon,European,1.0,4.0,1061.0,270.0,0.5381165560956825,71.93915752520559,97.65516301344215
d6751330,Cerveteca Lisboa,Lisbon,Bar,1.0,4.5,171.0,271.0,0.49407784948761885,71.93915752520559,97.65516301344215
d8458544,THE OLD HOUSE,Lisbon,Chinese,1.0,4.0,306.0,272.0,0.4825224481662834,71.93915752520559,97.65516301344215
d10643817,Hamburgues - hamburgueres artesanais,Lisbon,American,1.0,4.5,128.0,273.0,0.4811847370346551,71.93915752520559,97.65516301344215
d8385906,Fado & Wine,Lisbon,Bar,1.0,4.5,122.0,274.0,0.4790475113640249,71.93915752520559,97.65516301344215
d1014831,Olivier Avenida,Lisbon,Mediterranean,4.0,4.0,661.0,275.0,0.5169270993126971,71.93915752520559,97.65516301344215
d1419011,Fabulas,Lisbon,Delicatessen,1.0,4.0,477.0,276.0,0.5023373827861056,71.93915752520559,97.65516301344215
d6833082,Da Vinci Ristorante & Pizzeria,Lisbon,Italian,1.0,4.0,756.0,277.0,0.5229253260751312,71.93915752520559,97.65516301344215
d2399630,Petiscaria Ideal,Lisbon,Mediterranean,1.0,4.5,323.0,278.0,0.5224125763272222,71.93915752520559,97.65516301344215
d13006465,Zazah,Lisbon,Unknown,1.0,5.0,38.0,279.0,0.4650821900988528,71.93915752520559,97.65516301344215
d2188859,Casa da India,Lisbon,Seafood,1.0,4.0,1238.0,280.0,0.5449811219392116,71.93915752520559,97.65516301344215
d2428204,BellaLisa Valmor,Lisbon,Italian,1.0,4.5,641.0,281.0,0.5530297953124184,71.93915752520559,97.65516301344215
d3800290,Horta dos Brunos,Lisbon,Mediterranean,4.0,4.5,226.0,282.0,0.5064616204687875,71.93915752520559,97.65516301344215
d1791310,A Provinciana,Lisbon,European,1.0,4.5,231.0,283.0,0.5074336947504775,71.93915752520559,97.65516301344215
d803999,Esquina da Fe,Lisbon,Mediterranean,1.0,4.5,137.0,284.0,0.48416279190065875,71.93915752520559,97.65516301344215
d1995176,Largo,Lisbon,Mediterranean,4.0,4.0,1123.0,285.0,0.5405993825809983,71.93915752520559,97.65516301344215
d2091618,O Piteu,Lisbon,Mediterranean,1.0,4.0,444.0,286.0,0.49909531903373483,71.93915752520559,97.65516301344215
d6351277,Il Giardinetto Ristorante Pizzeria,Lisbon,Italian,1.0,4.0,293.0,287.0,0.4805268568804203,71.93915752520559,97.65516301344215
d12200079,RIB Beef & Wine Lisboa,Lisbon,Steakhouse,4.0,4.0,189.0,288.0,0.46097032129820026,71.93915752520559,97.65516301344215
d8015749,Restaurante o Marques,Lisbon,Mediterranean,1.0,4.5,125.0,289.0,0.48006997374809124,71.93915752520559,97.65516301344215
d2190169,Avenida SushiCafe,Lisbon,Japanese,1.0,4.5,367.0,290.0,0.5280713192891111,71.93915752520559,97.65516301344215
d8550362,Baia do Peixe (Campo Pequeno),Lisbon,Seafood,1.0,4.5,218.0,291.0,0.5048217560439842,71.93915752520559,97.65516301344215
d1774071,Andaluz,Lisbon,Mediterranean,1.0,4.5,360.0,292.0,0.5272040595109918,71.93915752520559,97.65516301344215
d9825285,Os Gazeteiros,Lisbon,Mediterranean,1.0,4.5,128.0,293.0,0.48110970653496893,71.93915752520559,97.65516301344215
d2002949,Artis Wine Bar,Lisbon,Mediterranean,1.0,4.0,734.0,294.0,0.5215417331101732,71.93915752520559,97.65516301344215
d781461,Bica do Sapato,Lisbon,Seafood,4.0,4.0,884.0,295.0,0.529856363547901,71.93915752520559,97.65516301344215
d1379333,AdLib,Lisbon,Mediterranean,4.0,4.0,642.0,296.0,0.5155453891712807,71.93915752520559,97.65516301344215
d3842770,Restaurante Qosqo,Lisbon,Peruvian,1.0,4.5,234.0,297.0,0.5079591674508107,71.93915752520559,97.65516301344215
d6404693,Mesa Kreol,Lisbon,African,1.0,4.5,181.0,298.0,0.49650864978401876,71.93915752520559,97.65516301344215
d1863350,Doca Peixe,Lisbon,Seafood,1.0,4.0,752.0,299.0,0.5226083232043904,71.93915752520559,97.65516301344215
d2342033,The Decadente Restaurant & Bar,Lisbon,Mediterranean,1.0,4.0,1650.0,300.0,0.5577675542338549,71.93915752520559,97.65516301344215
d10717589,Darshan Nepal,Lisbon,Asian,1.0,5.0,78.0,301.0,0.4966195346910888,71.93915752520559,97.65516301344215
d10478073,Santelmo Restaurante Cafe,Lisbon,Mediterranean,1.0,5.0,79.0,302.0,0.4971796249696953,71.93915752520559,97.65516301344215
d697237,Marias de vinho tinto,Lisbon,Seafood,1.0,4.5,170.0,303.0,0.4936997447145434,71.93915752520559,97.65516301344215
d5958059,Navegadoors,Lisbon,Pizza,1.0,4.0,374.0,304.0,0.49136762939601425,71.93915752520559,97.65516301344215
d10337569,Quase Cafe,Lisbon,Cafe,1.0,5.0,73.0,305.0,0.4936780297771819,71.93915752520559,97.65516301344215
d12659150,Manjerico Alegre Restaurante & Wine Shop,Lisbon,European,1.0,5.0,45.0,306.0,0.4723810494109482,71.93915752520559,97.65516301344215
d4243044,Charrua do lavrador,Lisbon,Seafood,1.0,4.5,368.0,307.0,0.5281355640593761,71.93915752520559,97.65516301344215
d2615584,Restaurante Everest Montanha,Lisbon,Indian,1.0,4.5,198.0,308.0,0.5004755323095557,71.93915752520559,97.65516301344215
d697255,A Primavera do Jeronimo,Lisbon,European,1.0,4.5,339.0,309.0,0.5244632095601441,71.93915752520559,97.65516301344215
d12874291,Al Garage,Lisbon,Italian,1.0,4.5,90.0,310.0,0.46542428158307575,71.93915752520559,97.65516301344215
d940970,Salsa e Coentros,Lisbon,European,1.0,4.5,313.0,311.0,0.5208938792971911,71.93915752520559,97.65516301344215
d2242409,Restaurante Sete Mares,Lisbon,Seafood,1.0,4.0,557.0,312.0,0.5091429537234047,71.93915752520559,97.65516301344215
d10954583,Mamie Rosa,Lisbon,Mediterranean,1.0,4.5,140.0,313.0,0.48502813600870753,71.93915752520559,97.65516301344215
d8641638,Mercantina,Lisbon,Italian,1.0,4.0,365.0,314.0,0.49024814676665934,71.93915752520559,97.65516301344215
d10078593,11 Tapas Restaurante & Cocktails Wine Bar,Lisbon,Bar,1.0,4.5,208.0,315.0,0.5026498618357397,71.93915752520559,97.65516301344215
d6891395,O Cacador da Oliveira,Lisbon,Portuguese,1.0,4.5,132.0,316.0,0.48240287295328416,71.93915752520559,97.65516301344215
d3201449,La Trattoria,Lisbon,Italian,1.0,4.0,379.0,317.0,0.49192038946701483,71.93915752520559,97.65516301344215
d1224146,O Beco,Lisbon,Mediterranean,1.0,4.5,372.0,318.0,0.5285846577379373,71.93915752520559,97.65516301344215
d2078220,Pizzeria Mezzogiorno,Lisbon,Italian,1.0,4.0,571.0,319.0,0.5102317218594422,71.93915752520559,97.65516301344215
d697278,Via Graca,Lisbon,Mediterranean,4.0,4.0,533.0,320.0,0.5071498432421861,71.93915752520559,97.65516301344215
d12311440,Nova,Lisbon,European,1.0,5.0,40.0,321.0,0.4671813809706947,71.93915752520559,97.65516301344215
d1059672,Tamarind,Lisbon,Pizza,1.0,4.5,532.0,322.0,0.5445600654777534,71.93915752520559,97.65516301344215
d10025218,RendezVous,Lisbon,Mediterranean,1.0,5.0,81.0,323.0,0.4982209807839068,71.93915752520559,97.65516301344215
d12900896,The Little Wine Bar,Lisbon,European,1.0,5.0,41.0,324.0,0.4682520310327783,71.93915752520559,97.65516301344215
d4156888,Barlotti Lisboa,Lisbon,Mediterranean,1.0,4.5,469.0,325.0,0.538917508185123,71.93915752520559,97.65516301344215
d2269381,Primo Basilico,Lisbon,Pizza,1.0,4.5,339.0,326.0,0.5244125675480777,71.93915752520559,97.65516301344215
d8633707,Roda Viva,Lisbon,African,1.0,4.5,97.0,327.0,0.4686931813156577,71.93915752520559,97.65516301344215
d12315202,Tasca do Frances,Lisbon,French,1.0,4.5,66.0,328.0,0.4516582423273082,71.93915752520559,97.65516301344215
d2249904,Pharmacia,Lisbon,Mediterranean,1.0,4.0,1715.0,329.0,0.5594089055798352,71.93915752520559,97.65516301344215
d1192805,A Licorista O Bacalhoeiro,Lisbon,Seafood,1.0,4.0,1375.0,330.0,0.549516040785253,71.93915752520559,97.65516301344215
d1777182,Sol Dourado,Lisbon,Seafood,1.0,4.0,798.0,331.0,0.5251670945822104,71.93915752520559,97.65516301344215
d1949605,Aqui Ha Peixe,Lisbon,Seafood,1.0,4.0,639.0,332.0,0.515226002508532,71.93915752520559,97.65516301344215
d11828841,O Asiatico,Lisbon,Asian,4.0,4.0,262.0,333.0,0.47539177242259695,71.93915752520559,97.65516301344215
d10158895,Bacalhau com Todos,Lisbon,European,1.0,4.0,390.0,334.0,0.49315032131288444,71.93915752520559,97.65516301344215
d802984,Cafe Buenos Aires,Lisbon,Argentinean,1.0,4.0,800.0,335.0,0.5252682422745768,71.93915752520559,97.65516301344215
d7980815,Aromas e Temperos,Lisbon,Portuguese,1.0,4.5,124.0,336.0,0.4795678429607662,71.93915752520559,97.65516301344215
d1717320,Tentacoes de Goa,Lisbon,Indian,1.0,4.5,197.0,337.0,0.5001660535984842,71.93915752520559,97.65516301344215
d7242898,Hamburgueria 21,Lisbon,American,1.0,4.5,170.0,338.0,0.4935971920789765,71.93915752520559,97.65516301344215
d10299684,O Fernandinho,Lisbon,Seafood,1.0,4.5,118.0,339.0,0.47735675623631735,71.93915752520559,97.65516301344215
d4884682,Cafe Lisboa,Lisbon,Portuguese,1.0,4.0,489.0,340.0,0.5032432527957355,71.93915752520559,97.65516301344215
d7014832,A Muralha Tasca Tipica,Lisbon,Mediterranean,1.0,4.0,245.0,341.0,0.47237771659747896,71.93915752520559,97.65516301344215
d9791549,Clube Royale Restaurante Bar,Lisbon,Bar,1.0,4.5,55.0,342.0,0.44358828527426114,71.93915752520559,97.65516301344215
d4346356,Mascote da Atalaia,Lisbon,European,1.0,4.5,275.0,343.0,0.5150264287837675,71.93915752520559,97.65516301344215
d974555,Sinal Vermelho,Lisbon,Mediterranean,1.0,4.0,855.0,344.0,0.5282192203601938,71.93915752520559,97.65516301344215
d2639650,Everest Montanha,Lisbon,Indian,1.0,4.5,123.0,345.0,0.4791847916070001,71.93915752520559,97.65516301344215
d697276,Varanda do Hotel Ritz Four Seasons - Lisboa,Lisbon,Mediterranean,4.0,4.5,282.0,346.0,0.5161406306142157,71.93915752520559,97.65516301344215
d4296251,Grelha do Carmo,Lisbon,Seafood,1.0,4.0,286.0,347.0,0.47926675948407815,71.93915752520559,97.65516301344215
d8548763,Topo,Lisbon,Bar,1.0,4.0,280.0,348.0,0.47831799220573834,71.93915752520559,97.65516301344215
d2319082,1300 Taberna,Lisbon,Mediterranean,1.0,4.0,395.0,349.0,0.4936808247402628,71.93915752520559,97.65516301344215
d12076739,Sushi dos Sa Morais,Lisbon,Japanese,1.0,4.5,74.0,350.0,0.4566527360736249,71.93915752520559,97.65516301344215
d11960020,Pub Portugues,Lisbon,Brew Pub,1.0,5.0,61.0,351.0,0.4856245350041225,71.93915752520559,97.65516301344215
d3528894,Verde Minho,Lisbon,Mediterranean,1.0,4.5,237.0,352.0,0.5083694526562506,71.93915752520559,97.65516301344215
d8443331,Ao Pe da Se,Lisbon,Mediterranean,1.0,4.0,263.0,353.0,0.47551069368132143,71.93915752520559,97.65516301344215
d10086544,Nepal Curry House,Lisbon,Indian,1.0,5.0,97.0,354.0,0.5061231889197698,71.93915752520559,97.65516301344215
d12190297,Tapisco,Lisbon,Mediterranean,4.0,4.0,169.0,355.0,0.45579198410167054,71.93915752520559,97.65516301344215
d8625677,Tartar-Ia,Lisbon,Mediterranean,1.0,4.5,96.0,356.0,0.4681590479710022,71.93915752520559,97.65516301344215
d12874084,Tapas n' Friends Trindade,Lisbon,European,1.0,4.5,120.0,357.0,0.4780586256858383,71.93915752520559,97.65516301344215
d10041616,Peixola,Lisbon,Seafood,1.0,4.5,166.0,358.0,0.4924874487751243,71.93915752520559,97.65516301344215
d7375976,Marlene Vieira,Lisbon,Mediterranean,1.0,4.0,189.0,359.0,0.460764253788433,71.93915752520559,97.65516301344215
d10596068,Versiculo do Faia,Lisbon,Mediterranean,1.0,4.5,78.0,360.0,0.4589561463265058,71.93915752520559,97.65516301344215
d1014606,Restaurante Panorama,Lisbon,Mediterranean,4.0,4.5,292.0,361.0,0.5176599246738274,71.93915752520559,97.65516301344215
d4296284,O Funil,Lisbon,Contemporary,1.0,4.5,391.0,362.0,0.5306952320146775,71.93915752520559,97.65516301344215
d9983623,Restaurante Raizes,Lisbon,European,1.0,4.5,90.0,363.0,0.46528294790499525,71.93915752520559,97.65516301344215
d1058165,Os Tibetanos,Lisbon,International,1.0,4.0,591.0,364.0,0.5116547208603922,71.93915752520559,97.65516301344215
d697302,Guarda Mor,Lisbon,Mediterranean,1.0,4.5,214.0,365.0,0.5037870621964292,71.93915752520559,97.65516301344215
d8593413,Peixaria da Esquina,Lisbon,Seafood,1.0,4.5,128.0,366.0,0.48090543292455284,71.93915752520559,97.65516301344215
d8508285,Casa da Tia Helena,Lisbon,Mediterranean,1.0,4.5,122.0,367.0,0.4787699848810678,71.93915752520559,97.65516301344215
d7905925,Restaurante a Maritima Do Restelo,Lisbon,Seafood,1.0,4.5,97.0,368.0,0.46859094000789636,71.93915752520559,97.65516301344215
d1381881,Casa de Linhares,Lisbon,European,4.0,4.0,423.0,369.0,0.49669417398658117,71.93915752520559,97.65516301344215
d12818529,Costa Vicentina,Lisbon,Seafood,1.0,4.5,103.0,370.0,0.47124804946447063,71.93915752520559,97.65516301344215
d8756613,Brooklyn,Lisbon,Cafe,1.0,4.5,90.0,371.0,0.46526512216519766,71.93915752520559,97.65516301344215
d1045678,Tagide,Lisbon,Mediterranean,4.0,4.0,1018.0,372.0,0.5359605869700101,71.93915752520559,97.65516301344215
d8627034,Restaurante Vicente by Carnalentejana,Lisbon,Steakhouse,1.0,4.0,240.0,373.0,0.47138249555809736,71.93915752520559,97.65516301344215
d4045832,A Gina,Lisbon,Mediterranean,1.0,4.0,708.0,374.0,0.5197103296392435,71.93915752520559,97.65516301344215
d697259,Restaurante Natural Terra,Lisbon,Mediterranean,1.0,4.0,497.0,375.0,0.5038862219283993,71.93915752520559,97.65516301344215
d8492519,Park,Lisbon,Bar,1.0,4.5,176.0,376.0,0.49505206860942574,71.93915752520559,97.65516301344215
d878558,Restaurante Eleven,Lisbon,International,4.0,4.0,902.0,377.0,0.5305369338085834,71.93915752520559,97.65516301344215
d1045670,Bonjardim,Lisbon,Barbecue,1.0,4.0,1363.0,378.0,0.5490082544448263,71.93915752520559,97.65516301344215
d2193159,Ha Piteu - Restaurante & Bar,Lisbon,Wine Bar,1.0,4.0,725.0,379.0,0.5207609975737193,71.93915752520559,97.65516301344215
d2059487,Barracao de Alfama,Lisbon,Mediterranean,1.0,4.0,433.0,380.0,0.49771471376357707,71.93915752520559,97.65516301344215
d1595028,Toma La Da Ca,Lisbon,Mediterranean,1.0,4.0,391.0,381.0,0.4931538931861554,71.93915752520559,97.65516301344215
d5558663,O Prego da Peixaria - Principe Real,Lisbon,European,1.0,4.0,628.0,382.0,0.51433119276266,71.93915752520559,97.65516301344215
d1500681,Cervejaria Liberdade,Lisbon,Seafood,4.0,4.0,398.0,383.0,0.49394252717029624,71.93915752520559,97.65516301344215
d1045672,Cafe Martinho Da Arcada,Lisbon,Mediterranean,1.0,4.0,866.0,384.0,0.5287002460976293,71.93915752520559,97.65516301344215
d1016407,Nunes Real Marisqueira,Lisbon,Seafood,1.0,4.0,395.0,385.0,0.49360042503534773,71.93915752520559,97.65516301344215
d2732937,Pavilhao Chines,Lisbon,Pub,1.0,4.0,574.0,386.0,0.5103027347494484,71.93915752520559,97.65516301344215
d12998195,Restaurante Porter,Lisbon,Bar,4.0,5.0,37.0,387.0,0.4636186175490349,71.93915752520559,97.65516301344215
d7397953,Honorato Saldanha,Lisbon,American,1.0,4.0,234.0,388.0,0.4702221985642713,71.93915752520559,97.65516301344215
d12381381,Dom Queijo Cheese House,Lisbon,French,1.0,5.0,44.0,389.0,0.4711873953266515,71.93915752520559,97.65516301344215
d8629369,Restaurante Marrakesh,Lisbon,Indian,1.0,4.5,216.0,390.0,0.5041490771610064,71.93915752520559,97.65516301344215
d8756692,Hanaya,Lisbon,Japanese,1.0,4.5,120.0,391.0,0.4779855333141491,71.93915752520559,97.65516301344215
d3135511,Chu-Chu,Lisbon,Mediterranean,1.0,4.0,436.0,392.0,0.49799907612599525,71.93915752520559,97.65516301344215
d3469122,Mercearia Castello Cafe,Lisbon,Cafe,1.0,4.5,242.0,393.0,0.5092117131379835,71.93915752520559,97.65516301344215
d12111198,Restaurante Infame,Lisbon,Mediterranean,1.0,4.0,147.0,394.0,0.44950117298818504,71.93915752520559,97.65516301344215
d12880108,"Mestrias, Nova Tasca",Lisbon,Vegetarian Friendly,1.0,5.0,34.0,395.0,0.45991954874011437,71.93915752520559,97.65516301344215
d6260477,A Tigelinha,Lisbon,Mediterranean,1.0,4.5,120.0,396.0,0.4779758430375994,71.93915752520559,97.65516301344215
d10358524,Rainha Dona Amelia Confeitaria,Lisbon,European,1.0,4.5,93.0,397.0,0.4666648945460203,71.93915752520559,97.65516301344215
d697283,Restaurante Cantinho do Aziz,Lisbon,Indian,1.0,4.0,662.0,398.0,0.5166574744316724,71.93915752520559,97.65516301344215
d1578864,Restaurante Cervejaria Pinoquio,Lisbon,Mediterranean,1.0,4.0,1538.0,399.0,0.554373013659253,71.93915752520559,97.65516301344215
d11771532,Caminho do Castelo,Lisbon,Peruvian,1.0,4.5,99.0,400.0,0.46943056468294336,71.93915752520559,97.65516301344215
d12598938,Fabrica da Nata,Lisbon,European,1.0,4.5,46.0,401.0,0.43561196644696426,71.93915752520559,97.65516301344215
d5977211,Adega Dom Luis,Lisbon,Mediterranean,1.0,4.5,109.0,402.0,0.4736956826147279,71.93915752520559,97.65516301344215
d3977146,Restaurante Os Courenses,Lisbon,Mediterranean,1.0,4.5,218.0,403.0,0.5045351679804007,71.93915752520559,97.65516301344215
d10140189,L'atelier Porto,Lisbon,French,1.0,5.0,58.0,404.0,0.4832909794644772,71.93915752520559,97.65516301344215
d713321,O Poleiro,Lisbon,Mediterranean,1.0,4.5,274.0,405.0,0.5147299241424139,71.93915752520559,97.65516301344215
d2523963,Sol e Pesca,Lisbon,Seafood,1.0,4.0,392.0,406.0,0.49321950705389195,71.93915752520559,97.65516301344215
d1917012,Sukhothai,Lisbon,Asian,1.0,4.5,460.0,407.0,0.537865501701681,71.93915752520559,97.65516301344215
d4871868,O Cantinho Da Rute,Lisbon,European,1.0,4.5,182.0,408.0,0.4964825793957689,71.93915752520559,97.65516301344215
d1872466,Solar Dos Bicos Restaurant,Lisbon,Seafood,1.0,4.0,414.0,409.0,0.4956536951147326,71.93915752520559,97.65516301344215
d12267411,Le bar a crepes,Lisbon,French,1.0,5.0,42.0,410.0,0.4691116682576978,71.93915752520559,97.65516301344215
d2192493,Nova Pombalina,Lisbon,Italian,1.0,4.0,268.0,411.0,0.47623107417643096,71.93915752520559,97.65516301344215
d919258,Cantinho da Fatima,Lisbon,Mediterranean,1.0,4.5,116.0,412.0,0.47644075939181,71.93915752520559,97.65516301344215
d3519276,Restaurante da Calcada,Lisbon,Seafood,1.0,4.0,533.0,413.0,0.5069386786835209,71.93915752520559,97.65516301344215
d3293815,The Food Temple,Lisbon,European,1.0,4.5,322.0,414.0,0.5219195304102285,71.93915752520559,97.65516301344215
d1884232,Beira Gare,Lisbon,Seafood,1.0,4.0,466.0,415.0,0.5009304652386509,71.93915752520559,97.65516301344215
d6498948,Ze Do Cozido,Lisbon,Mediterranean,1.0,4.5,119.0,416.0,0.4775677160160192,71.93915752520559,97.65516301344215
d2484731,Restaurante O Aregos,Lisbon,Mediterranean,1.0,4.5,123.0,417.0,0.47903461044617696,71.93915752520559,97.65516301344215
d12545146,Casa dos pecados,Lisbon,European,1.0,4.5,102.0,418.0,0.4707221693520729,71.93915752520559,97.65516301344215
d3654806,Alcantara 50,Lisbon,Mediterranean,1.0,4.5,74.0,419.0,0.456511545684904,71.93915752520559,97.65516301344215
d3812272,Buffet do Leao,Lisbon,Barbecue,1.0,4.0,500.0,420.0,0.504069488554146,71.93915752520559,97.65516301344215
d6529867,Aron Sushi,Lisbon,Japanese,1.0,4.5,228.0,421.0,0.5065031739608236,71.93915752520559,97.65516301344215
d12568191,Ganesha Palace,Lisbon,Italian,1.0,5.0,38.0,422.0,0.46471772370166853,71.93915752520559,97.65516301344215
d4838928,Belem 2 A 8,Lisbon,Mediterranean,1.0,4.0,666.0,423.0,0.5168823219546179,71.93915752520559,97.65516301344215
d1233979,Clube de Fado,Lisbon,European,4.0,3.5,1076.0,424.0,0.500841070956224,71.93915752520559,97.65516301344215
d5018913,Restaurante Chimera,Lisbon,European,1.0,4.5,411.0,425.0,0.5328011216548032,71.93915752520559,97.65516301344215
d697227,Kais,Lisbon,Mediterranean,4.0,4.0,510.0,426.0,0.504944612945395,71.93915752520559,97.65516301344215
d2423585,Hennessy's Irish Pub,Lisbon,Irish,1.0,4.0,305.0,427.0,0.48197584463578647,71.93915752520559,97.65516301344215
d1884072,Trigo Latino,Lisbon,Mediterranean,1.0,4.5,285.0,428.0,0.516446764875141,71.93915752520559,97.65516301344215
d4782629,Lisbona,Lisbon,Mediterranean,1.0,4.5,125.0,429.0,0.47973112100068815,71.93915752520559,97.65516301344215
d12002817,Frankie Saldanha Restaurant,Lisbon,American,1.0,4.5,62.0,430.0,0.44868410604225967,71.93915752520559,97.65516301344215
d3249290,Aprazivel,Lisbon,Italian,1.0,4.0,545.0,431.0,0.5079036866404537,71.93915752520559,97.65516301344215
d1514036,Tasca da Esquina,Lisbon,Mediterranean,1.0,4.0,540.0,432.0,0.5074900294880336,71.93915752520559,97.65516301344215
d5958886,Apple House,Lisbon,American,1.0,4.5,191.0,433.0,0.4985904007461678,71.93915752520559,97.65516301344215
d1774384,Nosolo Italia,Lisbon,Italian,1.0,3.5,807.0,434.0,0.48795362347505583,71.93915752520559,97.65516301344215
d12655614,Tantura,Lisbon,Mediterranean,1.0,4.5,57.0,435.0,0.4449724030900909,71.93915752520559,97.65516301344215
d1948778,Le Chat,Lisbon,Bar,1.0,4.0,333.0,436.0,0.48588288123966644,71.93915752520559,97.65516301344215
d10395225,The Sandeman Chiado,Lisbon,Bar,1.0,4.0,127.0,437.0,0.44292366930795213,71.93915752520559,97.65516301344215
d7702825,Go Juu,Lisbon,Japanese,4.0,4.5,166.0,438.0,0.4923343502664282,71.93915752520559,97.65516301344215
d1371884,Parreirinha de Alfama,Lisbon,European,1.0,4.0,486.0,439.0,0.5027691561824111,71.93915752520559,97.65516301344215
d3800174,A ideal,Lisbon,European,1.0,4.5,149.0,440.0,0.4875227524573685,71.93915752520559,97.65516301344215
d4007298,A Valenciana,Lisbon,Mediterranean,1.0,4.0,316.0,441.0,0.4835353340256421,71.93915752520559,97.65516301344215
d4751476,Ginja De Alfama,Lisbon,Mediterranean,1.0,4.5,115.0,442.0,0.47600686625022115,71.93915752520559,97.65516301344215
d12093275,Kitchen Chiado,Lisbon,Mediterranean,1.0,4.5,68.0,443.0,0.4527381645070448,71.93915752520559,97.65516301344215
d3134973,Cervejaria O Zapata,Lisbon,Seafood,1.0,4.0,579.0,444.0,0.5105889672428178,71.93915752520559,97.65516301344215
d12112773,Delirium Cafe Lisboa,Lisbon,Bar,1.0,4.5,59.0,445.0,0.44647531858606826,71.93915752520559,97.65516301344215
d10729633,Mister Tapas,Lisbon,Mediterranean,1.0,4.5,54.0,446.0,0.4425766516454218,71.93915752520559,97.65516301344215
d1754229,Armazem da Cachaca,Lisbon,Mediterranean,1.0,4.5,98.0,447.0,0.4689015396305506,71.93915752520559,97.65516301344215
d4266478,Esperanca da Se,Lisbon,Italian,1.0,4.0,189.0,448.0,0.46059819737462654,71.93915752520559,97.65516301344215
d7648880,Block House Saldanha,Lisbon,American,1.0,4.0,186.0,449.0,0.45988386779593615,71.93915752520559,97.65516301344215
d1593182,A Marisqueira Do Lis,Lisbon,Seafood,1.0,4.0,341.0,450.0,0.48692161357363134,71.93915752520559,97.65516301344215
d4085265,Graca do Vinho,Lisbon,Mediterranean,1.0,4.5,129.0,451.0,0.4810967706269688,71.93915752520559,97.65516301344215
d8591395,Ola Lisboa,Lisbon,European,1.0,5.0,78.0,452.0,0.49628648416241267,71.93915752520559,97.65516301344215
d778366,Solar dos Nunes,Lisbon,Mediterranean,1.0,4.0,486.0,453.0,0.5027480308562002,71.93915752520559,97.65516301344215
d6542275,Princesa Do Castelo,Lisbon,European,1.0,4.5,252.0,454.0,0.5109153736499294,71.93915752520559,97.65516301344215
d13172076,Tapas n' Friends Rossio,Lisbon,European,1.0,4.5,44.0,455.0,0.4335754976554743,71.93915752520559,97.65516301344215
d8443986,La Pasta Fresca,Lisbon,Italian,1.0,4.0,207.0,456.0,0.46464048047987183,71.93915752520559,97.65516301344215
d11872925,Fado Menor,Lisbon,European,1.0,4.5,88.0,457.0,0.46411755833244034,71.93915752520559,97.65516301344215
d12879593,Bowls&Bar,Lisbon,Cafe,1.0,5.0,34.0,458.0,0.45981504878923213,71.93915752520559,97.65516301344215
d3799888,Cafe Bar Restaurante Duetos da Se,Lisbon,Mediterranean,1.0,4.5,448.0,459.0,0.5366006557056863,71.93915752520559,97.65516301344215
d8790080,El Clandestino,Lisbon,Mexican,1.0,4.0,315.0,460.0,0.48336571463520556,71.93915752520559,97.65516301344215
d2621918,Sushi Time,Lisbon,Japanese,1.0,4.0,545.0,461.0,0.5078583779855116,71.93915752520559,97.65516301344215
d9603018,A Maria Nao Deixa,Lisbon,Bar,1.0,4.5,102.0,462.0,0.4706537982579809,71.93915752520559,97.65516301344215
d8319508,Rc Restaurante,Lisbon,Mediterranean,1.0,4.5,273.0,463.0,0.5144739405576033,71.93915752520559,97.65516301344215
d11931122,Ribadouro,Lisbon,Seafood,1.0,3.5,1308.0,464.0,0.5095176857427899,71.93915752520559,97.65516301344215
d1551358,Taberna da Esperanca,Lisbon,Mediterranean,1.0,4.5,333.0,465.0,0.5233399575875647,71.93915752520559,97.65516301344215
d2312969,Annapurna,Lisbon,Nepali,1.0,4.5,91.0,466.0,0.4655897317328131,71.93915752520559,97.65516301344215
d9757622,Miss Can - Petiscaria,Lisbon,Mediterranean,1.0,5.0,86.0,467.0,0.5005855214282589,71.93915752520559,97.65516301344215
d2280142,Zaafran,Lisbon,Indian,1.0,4.0,325.0,468.0,0.4847499730344451,71.93915752520559,97.65516301344215
d3505232,Museu da Cerveja (Beer Museum),Lisbon,Bar,1.0,3.5,1721.0,469.0,0.5217929689189549,71.93915752520559,97.65516301344215
d7366169,K.O.B by Olivier,Lisbon,Steakhouse,4.0,4.0,285.0,470.0,0.47888411131209296,71.93915752520559,97.65516301344215
d6982116,Marco,Lisbon,European,1.0,4.0,177.0,471.0,0.4576434288545242,71.93915752520559,97.65516301344215
d8293777,Dona Saudade,Lisbon,Portuguese,1.0,4.5,84.0,472.0,0.46203706228769426,71.93915752520559,97.65516301344215
d697209,A Travessa,Lisbon,Mediterranean,4.0,4.0,731.0,473.0,0.5209722840379819,71.93915752520559,97.65516301344215
d10699989,Doc Cod,Lisbon,International,1.0,4.5,103.0,474.0,0.4710701021721633,71.93915752520559,97.65516301344215
d697220,Bota Alta,Lisbon,Mediterranean,1.0,4.0,823.0,475.0,0.5262721864937857,71.93915752520559,97.65516301344215
d2031977,Restaurante Dois Arcos,Lisbon,Mediterranean,1.0,4.0,193.0,476.0,0.4614919345125011,71.93915752520559,97.65516301344215
d3647305,Adega da Bairrada,Lisbon,Mediterranean,1.0,4.5,127.0,477.0,0.4803660857777899,71.93915752520559,97.65516301344215
d4760772,Santa Bica,Lisbon,Mediterranean,1.0,4.5,203.0,478.0,0.5012404754728431,71.93915752520559,97.65516301344215
d3847207,7Bicas,Lisbon,Mediterranean,1.0,4.5,56.0,479.0,0.4441300764260308,71.93915752520559,97.65516301344215
d1849274,Open Brasserie Mediterranica,Lisbon,Mediterranean,1.0,4.0,231.0,480.0,0.46949850699872486,71.93915752520559,97.65516301344215
d9883413,Taberna d'Alegria,Lisbon,Mediterranean,1.0,4.5,90.0,481.0,0.4650801476875165,71.93915752520559,97.65516301344215
d711201,A Picanha,Lisbon,Steakhouse,1.0,4.0,278.0,482.0,0.47775834239818055,71.93915752520559,97.65516301344215
d2711381,Churrasqueira do Marques,Lisbon,Mediterranean,1.0,4.5,84.0,483.0,0.4620225831844041,71.93915752520559,97.65516301344215
d1791578,O Nobre,Lisbon,Mediterranean,4.0,4.0,303.0,484.0,0.48159938137344727,71.93915752520559,97.65516301344215
d1748885,Adega de Belem,Lisbon,Seafood,1.0,4.0,328.0,485.0,0.4851377820862512,71.93915752520559,97.65516301344215
d3140207,Tabuas Porto Wine Bar,Lisbon,European,1.0,4.0,315.0,486.0,0.4833308152836614,71.93915752520559,97.65516301344215
d8142584,Salsa Restaurant & Bar,Lisbon,Mediterranean,1.0,4.5,83.0,487.0,0.46148742637536566,71.93915752520559,97.65516301344215
d2616711,Restaurante Aguas Livres,Lisbon,Mediterranean,1.0,4.0,257.0,488.0,0.47424584798706737,71.93915752520559,97.65516301344215
d1308087,Restaurante Sancho,Lisbon,Seafood,1.0,4.0,398.0,489.0,0.493772688593199,71.93915752520559,97.65516301344215
d10583617,Allfama,Lisbon,Portuguese,1.0,4.0,152.0,490.0,0.4508401008725209,71.93915752520559,97.65516301344215
d2164321,Faz Gostos Lx,Lisbon,Mediterranean,1.0,4.0,394.0,491.0,0.4933189102959543,71.93915752520559,97.65516301344215
d2217877,A Tasca do Chico,Lisbon,Portuguese,1.0,4.0,833.0,492.0,0.5267906420990529,71.93915752520559,97.65516301344215
d8454350,A PARTE GRILL,Lisbon,Grill,1.0,4.5,147.0,493.0,0.48684822979121933,71.93915752520559,97.65516301344215
d8039232,Taberna do Lis,Lisbon,Mediterranean,1.0,4.5,108.0,494.0,0.4731476289477612,71.93915752520559,97.65516301344215
d4309064,Paixao aos Molhos,Lisbon,European,1.0,4.5,244.0,495.0,0.5094214978684485,71.93915752520559,97.65516301344215
d12073757,Heim Cafe,Lisbon,Cafe,1.0,4.5,65.0,496.0,0.4506748316174833,71.93915752520559,97.65516301344215
d6533547,Leopold,Lisbon,European,1.0,4.5,135.0,497.0,0.4830560877429187,71.93915752520559,97.65516301344215
d2229440,Guilty By Olivier,Lisbon,Italian,1.0,4.0,748.0,498.0,0.5219687231646587,71.93915752520559,97.65516301344215
d5485652,Cerca Moura,Lisbon,Mediterranean,1.0,4.0,280.0,499.0,0.4780570554441263,71.93915752520559,97.65516301344215
d2325199,Restaurante Kampai,Lisbon,Japanese,1.0,4.5,130.0,500.0,0.4813747772335861,71.93915752520559,97.65516301344215
d5786850,Deliciadearroios,Lisbon,Mediterranean,1.0,4.5,71.0,501.0,0.4545659486490179,71.93915752520559,97.65516301344215
d1484483,Royale Cafe,Lisbon,Cafe,1.0,4.0,335.0,502.0,0.48605979103678476,71.93915752520559,97.65516301344215
d3522307,Cafe Tati,Lisbon,Cafe,1.0,4.5,197.0,503.0,0.4998721882947163,71.93915752520559,97.65516301344215
d3194573,oh lacerda,Lisbon,European,1.0,4.5,179.0,504.0,0.49560215432113003,71.93915752520559,97.65516301344215
d11903700,Eating Bear,Lisbon,Contemporary,1.0,4.5,81.0,505.0,0.4603861575412957,71.93915752520559,97.65516301344215
d7594347,Manteigaria Silva,Lisbon,Portuguese,1.0,4.5,80.0,506.0,0.4598354176784679,71.93915752520559,97.65516301344215
d2638810,Arcaz Velho,Lisbon,Mediterranean,1.0,4.0,272.0,507.0,0.4767539306137401,71.93915752520559,97.65516301344215
d12241767,Restaurante Qualquer Hora,Lisbon,Mediterranean,1.0,5.0,40.0,508.0,0.4668372601322815,71.93915752520559,97.65516301344215
d3625420,Alfaia Garrafeira,Lisbon,Mediterranean,1.0,4.5,440.0,509.0,0.5357312169295427,71.93915752520559,97.65516301344215
d11046310,Saga,Lisbon,Cafe,1.0,4.5,54.0,510.0,0.44249221848422393,71.93915752520559,97.65516301344215
d11549156,Ginginha do Carmo,Lisbon,Unknown,1.0,4.5,44.0,511.0,0.4335032217001602,71.93915752520559,97.65516301344215
d3814231,O Sopinhas,Lisbon,Portuguese,1.0,4.5,84.0,512.0,0.46198739320467486,71.93915752520559,97.65516301344215
d12840231,Frutaria,Lisbon,Cafe,1.0,4.5,31.0,513.0,0.4182311619244863,71.93915752520559,97.65516301344215
d5568997,O Trevo,Lisbon,Fast Food,1.0,4.5,163.0,514.0,0.4914211411637957,71.93915752520559,97.65516301344215
d12948986,Beco a Serio,Lisbon,European,1.0,5.0,32.0,515.0,0.4571071229345992,71.93915752520559,97.65516301344215
d8712852,Luzboa,Lisbon,Mediterranean,1.0,4.5,61.0,516.0,0.4478511559499527,71.93915752520559,97.65516301344215
d8778279,Ze Da Mouraria 2,Lisbon,Mediterranean,1.0,4.5,116.0,517.0,0.4762928350483384,71.93915752520559,97.65516301344215
d8641244,York Burger,Lisbon,Bar,1.0,4.5,57.0,518.0,0.44486186875931605,71.93915752520559,97.65516301344215
d697289,Casa Nostra,Lisbon,Italian,1.0,4.0,274.0,519.0,0.47706717429848533,71.93915752520559,97.65516301344215
d12186565,Allfama Too,Lisbon,Mediterranean,1.0,4.0,155.0,520.0,0.4516744867306399,71.93915752520559,97.65516301344215
d1924718,Kaffeehaus,Lisbon,German,1.0,4.0,266.0,521.0,0.4757426734094506,71.93915752520559,97.65516301344215
d10317163,Bruta Flor,Lisbon,Mediterranean,1.0,5.0,43.0,522.0,0.46998430950357983,71.93915752520559,97.65516301344215
d3976086,Floresta de Santana,Lisbon,Mediterranean,1.0,4.0,209.0,523.0,0.46498478323541714,71.93915752520559,97.65516301344215
d2386943,Paco Real,Lisbon,Mediterranean,1.0,4.0,240.0,524.0,0.4711506627268782,71.93915752520559,97.65516301344215
d8428262,Prego D'Pescador,Lisbon,Seafood,1.0,4.0,189.0,525.0,0.46049995665880306,71.93915752520559,97.65516301344215
d1116634,Cantinho Do Bem Estar,Lisbon,Seafood,1.0,4.0,466.0,526.0,0.5007778748256744,71.93915752520559,97.65516301344215
d1478446,Enoteca Chafariz do Vinho,Lisbon,Mediterranean,1.0,4.0,284.0,527.0,0.4786581754066188,71.93915752520559,97.65516301344215
d1027204,Restaurante Rio Coura,Lisbon,Seafood,1.0,4.0,724.0,528.0,0.5204758271491916,71.93915752520559,97.65516301344215
d2642667,A Margem,Lisbon,Bar,1.0,4.0,217.0,529.0,0.46665282667630986,71.93915752520559,97.65516301344215
d8619442,Cozinha Urbana,Lisbon,Asian,1.0,4.5,50.0,530.0,0.4390881050948885,71.93915752520559,97.65516301344215
d4755823,Restaurante Casa dos Passarinhos,Lisbon,European,1.0,4.5,125.0,531.0,0.479596755903998,71.93915752520559,97.65516301344215
d3922471,A Campesina,Lisbon,Mediterranean,1.0,4.0,107.0,532.0,0.43519143457919296,71.93915752520559,97.65516301344215
d1878599,Restaurante Tascardoso,Lisbon,Seafood,1.0,4.0,477.0,533.0,0.5018131370067037,71.93915752520559,97.65516301344215
d4104379,Leao D'ouro,Lisbon,Seafood,1.0,4.0,265.0,534.0,0.475560587560122,71.93915752520559,97.65516301344215
d11549155,Alexandre Silva no Mercado,Lisbon,Mediterranean,1.0,4.0,103.0,535.0,0.4334979190235762,71.93915752520559,97.65516301344215
d2615748,Jockey Restaurante,Lisbon,Mediterranean,1.0,4.5,121.0,536.0,0.47814655157674874,71.93915752520559,97.65516301344215
d1045677,Terraco Rui Paula,Lisbon,European,4.0,4.0,168.0,537.0,0.4552412530043567,71.93915752520559,97.65516301344215
d9585416,Rabo D'pexe,Lisbon,Seafood,1.0,4.0,280.0,538.0,0.47801346212906937,71.93915752520559,97.65516301344215
d4756816,O Pancas,Lisbon,European,1.0,4.5,139.0,539.0,0.4843073632165658,71.93915752520559,97.65516301344215
d2392526,Rossio - Restaurante Bar,Lisbon,Mediterranean,4.0,4.5,118.0,540.0,0.4770272673959047,71.93915752520559,97.65516301344215
d8509701,D. Afonso o Gordo,Lisbon,Brew Pub,1.0,4.0,358.0,541.0,0.48898223507789973,71.93915752520559,97.65516301344215
d6818521,The Insolito,Lisbon,Mediterranean,1.0,4.0,333.0,542.0,0.4857482771671318,71.93915752520559,97.65516301344215
d2615281,Atelier 145,Lisbon,Mediterranean,1.0,4.5,389.0,543.0,0.530189814196695,71.93915752520559,97.65516301344215
d6840472,O Purista Barbiere,Lisbon,Pub,1.0,4.5,101.0,544.0,0.4701189222672492,71.93915752520559,97.65516301344215
d6432740,Cultura Portuguesa Cafe,Lisbon,Cafe,1.0,4.5,163.0,545.0,0.49138793335780895,71.93915752520559,97.65516301344215
d2085494,Restaurante Principe Do Calhariz,Lisbon,European,1.0,4.0,691.0,546.0,0.5183705626682316,71.93915752520559,97.65516301344215
d12320099,The Club Steakhouse,Lisbon,Steakhouse,1.0,4.5,73.0,547.0,0.45574275218473004,71.93915752520559,97.65516301344215
d697239,Bonsai Restaurante Japones,Lisbon,Japanese,1.0,4.5,236.0,548.0,0.5078759574951595,71.93915752520559,97.65516301344215
d12051252,Cais na Preguica,Lisbon,Mediterranean,1.0,4.5,35.0,549.0,0.4234681920122624,71.93915752520559,97.65516301344215
d10354381,Restaurante Rolo,Lisbon,European,1.0,4.5,68.0,550.0,0.4526063826957549,71.93915752520559,97.65516301344215
d7616213,Sophia La Loca,Lisbon,Mediterranean,1.0,4.0,251.0,551.0,0.473121631483869,71.93915752520559,97.65516301344215
d5977357,Beco Do Forno,Lisbon,Mediterranean,1.0,4.5,56.0,552.0,0.44404722759606424,71.93915752520559,97.65516301344215
d2295980,O Satelite,Lisbon,Portuguese,1.0,4.0,272.0,553.0,0.47670469687105416,71.93915752520559,97.65516301344215
d10266436,L' Artusi Ristorante,Lisbon,Italian,1.0,4.5,66.0,554.0,0.45128502401797704,71.93915752520559,97.65516301344215
d6779641,Taberna Santa Marta,Lisbon,Mediterranean,1.0,4.0,259.0,555.0,0.4745174773939561,71.93915752520559,97.65516301344215
d10454411,Jasmim da Mouraria,Lisbon,Mediterranean,1.0,4.5,82.0,556.0,0.46087455576889363,71.93915752520559,97.65516301344215
d2615243,Restaurante Alfandega,Lisbon,Portuguese,1.0,4.5,158.0,557.0,0.48998930311291006,71.93915752520559,97.65516301344215
d1635378,Joao do Grao,Lisbon,Seafood,1.0,3.5,1547.0,558.0,0.5169198719648551,71.93915752520559,97.65516301344215
d9993632,Agua Restaurante,Lisbon,European,1.0,4.5,77.0,559.0,0.4580888372116635,71.93915752520559,97.65516301344215
d1812247,Flor Dos Arcos,Lisbon,Mediterranean,1.0,4.0,416.0,560.0,0.49567119212197885,71.93915752520559,97.65516301344215
d1628370,Lisboa Cheia de Graca,Lisbon,Mediterranean,1.0,4.0,376.0,561.0,0.49115366506113356,71.93915752520559,97.65516301344215
d9993290,Sherpa Mo Mo,Lisbon,Asian,1.0,4.5,48.0,562.0,0.43726406647652294,71.93915752520559,97.65516301344215
d3746302,Corvo Azul,Lisbon,Portuguese,1.0,4.5,151.0,563.0,0.4879669946973463,71.93915752520559,97.65516301344215
d2615480,Restaurante Tico-Tico e Novo Rio,Lisbon,Seafood,1.0,4.0,322.0,564.0,0.4842267557597185,71.93915752520559,97.65516301344215
d2196342,Restaurante O Tachadas,Lisbon,Steakhouse,1.0,4.0,240.0,565.0,0.4711091059140336,71.93915752520559,97.65516301344215
d1063251,Marisqueira Santa Marta,Lisbon,Seafood,1.0,4.0,623.0,566.0,0.5137183628517861,71.93915752520559,97.65516301344215
d12460087,Beco Cabaret Gourmet,Lisbon,European,4.0,4.5,54.0,567.0,0.4424330678056533,71.93915752520559,97.65516301344215
d8834079,Rio Maravilha,Lisbon,Bar,1.0,4.0,265.0,568.0,0.47552694977168314,71.93915752520559,97.65516301344215
d12235343,Santa Pausa,Lisbon,Mediterranean,1.0,5.0,33.0,569.0,0.4583889097510266,71.93915752520559,97.65516301344215
d4422524,Sabores do Rato,Lisbon,Mediterranean,1.0,4.5,114.0,570.0,0.4754666217798873,71.93915752520559,97.65516301344215
d3522994,Restaurante Primavera,Lisbon,Mediterranean,1.0,4.5,100.0,571.0,0.4696515639293137,71.93915752520559,97.65516301344215
d11916311,A Burgueria Regional,Lisbon,European,1.0,4.5,71.0,572.0,0.4544916017764349,71.93915752520559,97.65516301344215
d4725435,Tasca do Jaime d'Alfama,Lisbon,Portuguese,1.0,4.0,278.0,573.0,0.4776594693683773,71.93915752520559,97.65516301344215
d10326425,Quimera Brewpub,Lisbon,Brew Pub,1.0,4.5,57.0,574.0,0.44480535105859664,71.93915752520559,97.65516301344215
d2480922,Alto Minho,Lisbon,Seafood,1.0,4.0,366.0,575.0,0.48993656269786023,71.93915752520559,97.65516301344215
d4007843,Jesus e Goes,Lisbon,Indian,1.0,4.5,190.0,576.0,0.49818446135116007,71.93915752520559,97.65516301344215
d9758183,Gurkha Restaurant & Bar,Lisbon,Indian,1.0,4.5,94.0,577.0,0.46690305666477294,71.93915752520559,97.65516301344215
d11938376,Cafe Principe Real - Restaurant & Cocktail Bar,Lisbon,International,4.0,4.5,47.0,578.0,0.4363257679879268,71.93915752520559,97.65516301344215
d12705617,Cantina Peruana,Lisbon,Peruvian,1.0,4.0,71.0,579.0,0.4169852592606318,71.93915752520559,97.65516301344215
d5959206,Ultimo Porto,Lisbon,Seafood,1.0,4.5,92.0,580.0,0.46594737265695335,71.93915752520559,97.65516301344215
d12329809,Tidbit,Lisbon,European,1.0,4.5,57.0,581.0,0.4447990523991791,71.93915752520559,97.65516301344215
d919235,Restaurante Calcuta,Lisbon,Indian,1.0,4.0,226.0,582.0,0.468413107030223,71.93915752520559,97.65516301344215
d7009009,Bambu - Feed your Spirit,Lisbon,Cafe,1.0,4.5,108.0,583.0,0.47305489630998326,71.93915752520559,97.65516301344215
d1770441,Doca Seis,Lisbon,Seafood,1.0,3.5,269.0,584.0,0.4386809808540055,71.93915752520559,97.65516301344215
d1644519,La Finestra,Lisbon,Mediterranean,1.0,4.0,419.0,585.0,0.495969361861733,71.93915752520559,97.65516301344215
d2615346,Arigato Sushihouse,Lisbon,Japanese,1.0,4.0,434.0,586.0,0.49754019259943166,71.93915752520559,97.65516301344215
d1153576,Restaurante O Faz Figura,Lisbon,Mediterranean,4.0,4.0,511.0,587.0,0.5048389729779478,71.93915752520559,97.65516301344215
d6850224,A Penalva da Graca,Lisbon,Seafood,1.0,4.5,133.0,588.0,0.48229909166790297,71.93915752520559,97.65516301344215
d5979459,Restaurante Sabor Lisboa,Lisbon,Mediterranean,1.0,4.0,147.0,589.0,0.44924902169185504,71.93915752520559,97.65516301344215
d11916809,Restaurante D'Esquina,Lisbon,Mediterranean,1.0,4.5,68.0,590.0,0.45256939277501906,71.93915752520559,97.65516301344215
d12490975,Cervejaria Artesanal Adamastor,Lisbon,European,1.0,5.0,26.0,591.0,0.4480443473882705,71.93915752520559,97.65516301344215
d1992458,Adega da Mo,Lisbon,Seafood,1.0,4.0,440.0,592.0,0.4981485604862201,71.93915752520559,97.65516301344215
d7738396,Duplex,Lisbon,European,4.0,4.5,159.0,593.0,0.4902374067357823,71.93915752520559,97.65516301344215
d2639074,Restaurante BarAlto,Lisbon,Mediterranean,1.0,4.5,534.0,594.0,0.5443010735195178,71.93915752520559,97.65516301344215
d2370618,Pateo Restaurante,Lisbon,Mediterranean,1.0,4.0,234.0,595.0,0.4699531319805506,71.93915752520559,97.65516301344215
d11711598,Expressoes da Nossa Terra,Lisbon,Mediterranean,1.0,4.5,45.0,596.0,0.4344038845851419,71.93915752520559,97.65516301344215
d10469552,Estaca Zero,Lisbon,Mediterranean,1.0,4.5,67.0,597.0,0.45190956312611996,71.93915752520559,97.65516301344215
d5930860,Corinthia executive lounge,Lisbon,International,1.0,4.5,104.0,598.0,0.4713674341094628,71.93915752520559,97.65516301344215
d9990032,Rice ME,Lisbon,Asian,1.0,4.5,94.0,599.0,0.4668839555745581,71.93915752520559,97.65516301344215
d10386555,Gutsy,Lisbon,American,1.0,4.0,103.0,600.0,0.4334371550124297,71.93915752520559,97.65516301344215
d10333915,Betania Restaurante Esplanada,Lisbon,European,1.0,4.0,121.0,601.0,0.44058600184751,71.93915752520559,97.65516301344215
d8645050,Garrett47,Lisbon,Portuguese,1.0,4.0,285.0,602.0,0.478744114646298,71.93915752520559,97.65516301344215
d10540476,Wine Not?,Lisbon,Portuguese,1.0,4.0,104.0,603.0,0.43386327318704077,71.93915752520559,97.65516301344215
d11954856,Karma Restaurante,Lisbon,European,1.0,4.5,52.0,604.0,0.44074160475432855,71.93915752520559,97.65516301344215
d2421619,Trivial,Lisbon,Mediterranean,1.0,4.5,128.0,605.0,0.4805815414241202,71.93915752520559,97.65516301344215
d2277303,Bica e Agua,Lisbon,Portuguese,1.0,4.0,183.0,606.0,0.45898635263032067,71.93915752520559,97.65516301344215
d12840315,O Bar da Odete,Lisbon,Bar,1.0,4.5,36.0,607.0,0.42464313722372693,71.93915752520559,97.65516301344215
d4064494,Hamburgueria do Bairro,Lisbon,International,1.0,4.0,375.0,608.0,0.49099335400029115,71.93915752520559,97.65516301344215
d4701469,Restaurante Cave Real,Lisbon,European,1.0,4.5,147.0,609.0,0.48673229016716063,71.93915752520559,97.65516301344215
d6895120,In Bocca al Lupo - pizzeria BIO trattoria,Lisbon,Italian,1.0,4.5,214.0,610.0,0.5034568588309111,71.93915752520559,97.65516301344215
d1195059,Paladar Zen,Lisbon,Vegetarian Friendly,1.0,4.5,183.0,611.0,0.4964823003985202,71.93915752520559,97.65516301344215
d9557345,A Mercearia,Lisbon,European,1.0,4.5,55.0,612.0,0.44320118422682836,71.93915752520559,97.65516301344215
d10002838,Miss Jappa,Lisbon,Japanese,1.0,4.0,91.0,613.0,0.42793530977508887,71.93915752520559,97.65516301344215
d3936013,Prazeres da Picanha,Lisbon,Steakhouse,1.0,4.0,168.0,614.0,0.45517117428144294,71.93915752520559,97.65516301344215
d2701047,Adega do Tagarro,Lisbon,Mediterranean,1.0,4.0,144.0,615.0,0.44831026940774643,71.93915752520559,97.65516301344215
d10036174,AKLA restaurant,Lisbon,International,4.0,4.5,74.0,616.0,0.4562825065991166,71.93915752520559,97.65516301344215
d7230019,Pratinho Feio,Lisbon,Mediterranean,1.0,4.5,115.0,617.0,0.47581430507589667,71.93915752520559,97.65516301344215
d697280,XL,Lisbon,European,4.0,4.0,202.0,618.0,0.4633781650973163,71.93915752520559,97.65516301344215
d2028026,O Cacho Dourado,Lisbon,Seafood,1.0,4.0,286.0,619.0,0.47888675660178776,71.93915752520559,97.65516301344215
d10715230,Fama de Alfama,Lisbon,Mediterranean,1.0,4.0,100.0,620.0,0.4321100296773886,71.93915752520559,97.65516301344215
d10308187,Delfina - Cantina Portuguesa,Lisbon,European,1.0,4.5,102.0,621.0,0.47048749465471845,71.93915752520559,97.65516301344215
d697233,Mercado do Peixe,Lisbon,Seafood,4.0,4.0,270.0,622.0,0.47631516773994276,71.93915752520559,97.65516301344215
d1777702,Mojito Compay Tasca Cubana,Lisbon,Pub,1.0,4.5,93.0,623.0,0.4663906942014408,71.93915752520559,97.65516301344215
d1969235,Prima Pasta,Lisbon,Italian,1.0,4.0,378.0,624.0,0.4913366399396748,71.93915752520559,97.65516301344215
d8322779,Leitaria Lisboa,Lisbon,Cafe,1.0,4.0,130.0,625.0,0.44375474494079814,71.93915752520559,97.65516301344215
d1516479,Sabor & Arte,Lisbon,Seafood,1.0,4.0,200.0,626.0,0.462928500419429,71.93915752520559,97.65516301344215
d2714595,Cafetaria do Museu de Marinha,Lisbon,Cafe,1.0,4.0,163.0,627.0,0.45381592416880195,71.93915752520559,97.65516301344215
d3849336,Sushi Factory,Lisbon,Japanese,1.0,3.5,275.0,628.0,0.43962939340554136,71.93915752520559,97.65516301344215
d1143341,Fogo de Chao,Lisbon,Steakhouse,1.0,4.0,266.0,629.0,0.4756437786001754,71.93915752520559,97.65516301344215
d7297879,Charcutaria Portuguesa,Lisbon,Portuguese,1.0,4.5,68.0,630.0,0.45253709998707503,71.93915752520559,97.65516301344215
d9830786,Espumantaria do Petisco,Lisbon,Mediterranean,1.0,4.0,143.0,631.0,0.44798793711130624,71.93915752520559,97.65516301344215
d878556,Esperanca,Lisbon,Italian,1.0,4.0,303.0,632.0,0.4814541911458753,71.93915752520559,97.65516301344215
d7690594,Tabik Restaurant,Lisbon,Bar,4.0,4.0,292.0,633.0,0.47980273729676004,71.93915752520559,97.65516301344215
d13397535,Lugar Marcado,Lisbon,European,1.0,5.0,18.0,634.0,0.4322711403581202,71.93915752520559,97.65516301344215
d8630543,O Casal Minhoto,Lisbon,European,1.0,4.5,52.0,635.0,0.44071735043224725,71.93915752520559,97.65516301344215
d3330626,Restaurante Franguinho Real,Lisbon,Mediterranean,1.0,4.5,171.0,636.0,0.4934423655638274,71.93915752520559,97.65516301344215
d3384308,Telheirinho De Arroios,Lisbon,Mediterranean,1.0,4.5,86.0,637.0,0.46291403461932484,71.93915752520559,97.65516301344215
d2616666,Pepe e Oliva Pizzaria,Lisbon,Italian,1.0,4.0,158.0,638.0,0.45242090450615086,71.93915752520559,97.65516301344215
d1982144,Trobadores,Lisbon,Bar,1.0,4.5,163.0,639.0,0.49130693641934386,71.93915752520559,97.65516301344215
d2392402,Restaurante o Carvoeiro de Palma,Lisbon,Mediterranean,1.0,4.0,327.0,640.0,0.48485159089395036,71.93915752520559,97.65516301344215
d10319513,Spicy Restaurant & Grill,Lisbon,Indian,1.0,5.0,48.0,641.0,0.4746982596638092,71.93915752520559,97.65516301344215
d8069872,Italian Burger House,Lisbon,American,1.0,4.5,114.0,642.0,0.47540757982573684,71.93915752520559,97.65516301344215
d2292954,Entra,Lisbon,Mediterranean,1.0,4.5,157.0,643.0,0.4896346655189564,71.93915752520559,97.65516301344215
d5959181,O Rei da Pescada,Lisbon,Mediterranean,1.0,4.5,81.0,644.0,0.46025790213958667,71.93915752520559,97.65516301344215
d11912278,Fogo de Chao,Lisbon,Steakhouse,1.0,4.5,50.0,645.0,0.43898715647948255,71.93915752520559,97.65516301344215
d7063416,Restaurante Elevador,Lisbon,Mediterranean,1.0,4.0,173.0,646.0,0.45645285976473265,71.93915752520559,97.65516301344215
d5823036,Vestigius,Lisbon,Bar,1.0,4.0,327.0,647.0,0.4848465180454095,71.93915752520559,97.65516301344215
d8057978,Red Frog Speakeasy Bar,Lisbon,Bar,1.0,4.5,100.0,648.0,0.46958911604612824,71.93915752520559,97.65516301344215
d794412,Cervejaria Trindade,Lisbon,Seafood,1.0,3.5,3221.0,649.0,0.549676548963648,71.93915752520559,97.65516301344215
d2208530,Restaurante Zuari,Lisbon,Indian,1.0,4.5,167.0,650.0,0.4923782950788541,71.93915752520559,97.65516301344215
d1735217,Colina Restaurante,Lisbon,Mediterranean,1.0,3.5,590.0,651.0,0.47371555563744605,71.93915752520559,97.65516301344215
d8870598,Cave 23,Lisbon,European,4.0,4.5,94.0,652.0,0.4668432325935304,71.93915752520559,97.65516301344215
d10622319,The Beer Station,Lisbon,Pub,1.0,4.5,42.0,653.0,0.43133930573624457,71.93915752520559,97.65516301344215
d12634680,Pasta Non Basta - Avenidas Novas,Lisbon,Italian,1.0,4.5,40.0,654.0,0.4292053890696879,71.93915752520559,97.65516301344215
d5539080,River Lounge Restaurant & Bar,Lisbon,Bar,4.0,4.0,178.0,655.0,0.45771537287470804,71.93915752520559,97.65516301344215
d7594814,Restaurante Alqueire,Lisbon,Mediterranean,1.0,4.5,132.0,656.0,0.48191069052395724,71.93915752520559,97.65516301344215
d3653407,Jardim da Luz,Lisbon,Mediterranean,1.0,4.0,206.0,657.0,0.4642233014300489,71.93915752520559,97.65516301344215
d6850379,Josephine Bistro & Bar,Lisbon,Bar,1.0,4.5,127.0,658.0,0.4801930354554022,71.93915752520559,97.65516301344215
d7736471,Coffee shop Museu Calouste Gulbenkian,Lisbon,Cafe,1.0,4.0,126.0,659.0,0.44234105513018934,71.93915752520559,97.65516301344215
d10026201,O Prego,Lisbon,Bar,1.0,4.0,215.0,660.0,0.46612742906873533,71.93915752520559,97.65516301344215
d6813447,Atalho do Mercado,Lisbon,Steakhouse,1.0,4.5,95.0,661.0,0.4673059653387967,71.93915752520559,97.65516301344215
d10525001,Brasa de Sassoeiros,Lisbon,Seafood,1.0,4.5,53.0,662.0,0.44153527896989847,71.93915752520559,97.65516301344215
d1929374,Confraria Lx,Lisbon,Japanese,1.0,4.0,267.0,663.0,0.4757867489825513,71.93915752520559,97.65516301344215
d1807016,Restaurante A Floresta da Estefania,Lisbon,Mediterranean,1.0,4.0,139.0,664.0,0.4467025559778813,71.93915752520559,97.65516301344215
d6777411,Grei,Lisbon,European,1.0,4.5,186.0,665.0,0.49716678576534024,71.93915752520559,97.65516301344215
d1014058,Vertigo Cafe,Lisbon,Mediterranean,1.0,4.5,119.0,666.0,0.4772969397722545,71.93915752520559,97.65516301344215
d4351910,Casa Chinesa Pastelaria Restaurante,Lisbon,European,1.0,4.0,242.0,667.0,0.4713980450843777,71.93915752520559,97.65516301344215
d1059151,Mestre Andre,Lisbon,Mediterranean,1.0,4.0,191.0,668.0,0.46084659630419855,71.93915752520559,97.65516301344215
d8809879,Italian Burger House,Lisbon,Unknown,1.0,4.5,67.0,669.0,0.4518554665027394,71.93915752520559,97.65516301344215
d2324628,Moises,Lisbon,European,1.0,4.0,149.0,670.0,0.44978863248330786,71.93915752520559,97.65516301344215
d4291153,Pimenta Rosa - O Restaurante,Lisbon,Mediterranean,1.0,4.5,80.0,671.0,0.45968958695924456,71.93915752520559,97.65516301344215
d12127106,Soberba by igor martinho,Lisbon,Mediterranean,1.0,4.5,47.0,672.0,0.4362531458796584,71.93915752520559,97.65516301344215
d8045022,O Carteiro,Lisbon,European,1.0,4.5,67.0,673.0,0.4518528005225381,71.93915752520559,97.65516301344215
d983771,Farta Brutos,Lisbon,Mediterranean,1.0,4.0,205.0,674.0,0.46399488474213374,71.93915752520559,97.65516301344215
d2462315,Leitaria Baiana,Lisbon,Cafe,1.0,4.5,119.0,675.0,0.47729093214999285,71.93915752520559,97.65516301344215
d2230522,O Mastro,Lisbon,Seafood,1.0,4.0,190.0,676.0,0.46060739426639624,71.93915752520559,97.65516301344215
d10735338,L'Anisette,Lisbon,French,1.0,4.5,41.0,677.0,0.4302691066460259,71.93915752520559,97.65516301344215
d7721447,The George Pub,Lisbon,Bar,1.0,4.0,306.0,678.0,0.4818618071309082,71.93915752520559,97.65516301344215
d10153358,Casa da Praia Tapas Bar & Wine Bar,Lisbon,Mediterranean,1.0,4.5,78.0,679.0,0.4585645338510583,71.93915752520559,97.65516301344215
d5539082,Flor-de-Lis Restaurant,Lisbon,Mediterranean,4.0,4.5,100.0,680.0,0.46956732369086535,71.93915752520559,97.65516301344215
d7691007,Cafe Penta - Tostas e Bolos a Metro,Lisbon,Cafe,1.0,4.5,93.0,681.0,0.46634967086814455,71.93915752520559,97.65516301344215
d10489034,Bar 35 Lisboa,Lisbon,European,1.0,5.0,30.0,682.0,0.45416421697698944,71.93915752520559,97.65516301344215
d8873314,Hansi - Salsicharia Vienense,Lisbon,German,1.0,4.5,79.0,683.0,0.4591253370168552,71.93915752520559,97.65516301344215
d11802057,La Strada,Lisbon,Italian,1.0,4.5,44.0,684.0,0.4333546940836566,71.93915752520559,97.65516301344215
d1381944,Lapa Restaurant,Lisbon,Mediterranean,4.0,4.5,95.0,685.0,0.4672900594727294,71.93915752520559,97.65516301344215
d2689756,Venha Vinho,Lisbon,Portuguese,1.0,5.0,81.0,686.0,0.49772937373941206,71.93915752520559,97.65516301344215
d1026722,Mandarim,Lisbon,Chinese,4.0,4.0,162.0,687.0,0.45350018538561254,71.93915752520559,97.65516301344215
d3573233,Poe-te Na Bicha,Lisbon,Mediterranean,1.0,4.5,179.0,688.0,0.4954429198980194,71.93915752520559,97.65516301344215
d7364830,Chamines do Palacio,Lisbon,Portuguese,1.0,4.5,83.0,689.0,0.4613067749898267,71.93915752520559,97.65516301344215
d8148312,Memmo Alfama Terrace,Lisbon,European,1.0,4.5,112.0,690.0,0.4745892713967614,71.93915752520559,97.65516301344215
d11658459,Gioia Food Lab,Lisbon,Mediterranean,1.0,4.5,58.0,691.0,0.4454824756098421,71.93915752520559,97.65516301344215
d5963230,Gayola Steakhouse & Bar,Lisbon,Steakhouse,1.0,4.5,81.0,692.0,0.4602255809463253,71.93915752520559,97.65516301344215
d10076172,Ze Varunca,Lisbon,European,1.0,4.5,80.0,693.0,0.45967538968287575,71.93915752520559,97.65516301344215
d8746013,100 Montaditos,Lisbon,Fast Food,1.0,4.0,168.0,694.0,0.45511483643316314,71.93915752520559,97.65516301344215
d13143306,Distinto,Lisbon,Mediterranean,1.0,5.0,19.0,695.0,0.43452697451903555,71.93915752520559,97.65516301344215
d12514542,A Tasca Do Lado,Lisbon,Mediterranean,1.0,4.5,24.0,696.0,0.40702073684980766,71.93915752520559,97.65516301344215
d10859420,Hora H,Lisbon,European,1.0,4.0,72.0,697.0,0.41751530649526825,71.93915752520559,97.65516301344215
d11748979,Conserva-te,Lisbon,Mediterranean,1.0,5.0,25.0,698.0,0.4462761590677495,71.93915752520559,97.65516301344215
d12274415,A Mariscaria,Lisbon,Seafood,1.0,4.5,50.0,699.0,0.4389512150803046,71.93915752520559,97.65516301344215
d6851952,Paco de Carnide,Lisbon,Steakhouse,1.0,4.0,125.0,700.0,0.44196031887493437,71.93915752520559,97.65516301344215
d7702461,Canto Saudade,Lisbon,Mediterranean,1.0,4.0,194.0,701.0,0.46151986631502195,71.93915752520559,97.65516301344215
d8834159,Azul E Branco,Lisbon,Mediterranean,1.0,4.5,76.0,702.0,0.4574015546339377,71.93915752520559,97.65516301344215
d10372284,Trato32,Lisbon,Italian,1.0,4.5,43.0,703.0,0.43233629957217873,71.93915752520559,97.65516301344215
d944134,Lucca,Lisbon,Mediterranean,1.0,4.0,274.0,704.0,0.4769152351032059,71.93915752520559,97.65516301344215
d3853653,Cafe Imperio,Lisbon,European,1.0,4.0,181.0,705.0,0.4584273138902982,71.93915752520559,97.65516301344215
d2097861,A Camponesa,Lisbon,Mediterranean,1.0,4.0,172.0,706.0,0.4561552313075536,71.93915752520559,97.65516301344215
d1935170,Restaurant Varanda de Lisboa,Lisbon,European,4.0,4.0,225.0,707.0,0.46812420236189156,71.93915752520559,97.65516301344215
d2355534,Cantina Baldracca,Lisbon,Italian,1.0,4.0,156.0,708.0,0.4518074440854589,71.93915752520559,97.65516301344215
d7604271,Parque Das Nacoes,Lisbon,Japanese,1.0,4.5,71.0,709.0,0.4543902301501912,71.93915752520559,97.65516301344215
d804032,Velha Gruta,Lisbon,European,1.0,4.0,184.0,710.0,0.4591565783743492,71.93915752520559,97.65516301344215
d2095350,Sr. Vinho,Lisbon,European,4.0,4.0,577.0,711.0,0.510180452392687,71.93915752520559,97.65516301344215
d6212791,Honorato Rio,Lisbon,American,1.0,3.5,288.0,712.0,0.44163447137945777,71.93915752520559,97.65516301344215
d713333,Cervejaria Portugalia - Almirante Reis,Lisbon,Seafood,1.0,3.5,917.0,713.0,0.4933997262282239,71.93915752520559,97.65516301344215
d2084827,Aura Restaurante,Lisbon,Bar,1.0,3.5,750.0,714.0,0.4844058700287895,71.93915752520559,97.65516301344215
d1067164,Casa do Alentejo,Lisbon,European,1.0,3.5,1770.0,715.0,0.5228295196890966,71.93915752520559,97.65516301344215
d8393722,O Galhardo Tapas Bar & Petiscos,Lisbon,European,1.0,4.5,173.0,716.0,0.49390744567536904,71.93915752520559,97.65516301344215
d1381882,Restaurante Flores do Bairro,Lisbon,Mediterranean,1.0,4.5,131.0,717.0,0.4815337410205578,71.93915752520559,97.65516301344215
d2699368,O Solar de Benfica,Lisbon,Portuguese,1.0,4.0,80.0,718.0,0.42216031249174585,71.93915752520559,97.65516301344215
d3793455,Cova Funda,Lisbon,Seafood,1.0,4.0,205.0,719.0,0.46396701956312514,71.93915752520559,97.65516301344215
d1753961,Adega da Tia Matilde,Lisbon,Mediterranean,1.0,4.0,186.0,720.0,0.4596323153387355,71.93915752520559,97.65516301344215
d2500024,Marques de Palma,Lisbon,Seafood,1.0,4.0,186.0,721.0,0.4596317372821552,71.93915752520559,97.65516301344215
d12615004,Manteigaria,Lisbon,European,1.0,4.5,34.0,722.0,0.4220754749670012,71.93915752520559,97.65516301344215
d3806799,O Galito,Lisbon,European,1.0,4.0,96.0,723.0,0.4302311739884042,71.93915752520559,97.65516301344215
d7900875,Antonia Petiscos Bairro Alto,Lisbon,Mediterranean,1.0,4.0,127.0,724.0,0.44265146185989673,71.93915752520559,97.65516301344215
d12958751,Optimista,Lisbon,Portuguese,1.0,5.0,19.0,725.0,0.4345091081395583,71.93915752520559,97.65516301344215
d12115783,Restaurante Sabor do Bacalhau & Wine Bar,Lisbon,Mediterranean,1.0,4.5,95.0,726.0,0.4672653197530158,71.93915752520559,97.65516301344215
d697299,Fidalgo,Lisbon,Mediterranean,1.0,4.0,197.0,727.0,0.4621883721162403,71.93915752520559,97.65516301344215
d10175338,Centenarivm,Lisbon,European,1.0,4.5,39.0,728.0,0.4280527907294094,71.93915752520559,97.65516301344215
d1408047,Espaco Acores,Lisbon,European,1.0,4.0,143.0,729.0,0.4479240067294292,71.93915752520559,97.65516301344215
d3426597,Marisqueria Roma,Lisbon,Seafood,1.0,4.0,139.0,730.0,0.44666169666052274,71.93915752520559,97.65516301344215
d7382767,Il Matriciano Ristorante,Lisbon,Italian,1.0,4.0,167.0,731.0,0.45482713957156257,71.93915752520559,97.65516301344215
d799083,Restaurante Edmundo,Lisbon,Seafood,1.0,4.0,280.0,732.0,0.47786563760695205,71.93915752520559,97.65516301344215
d10150891,Monte Mar Lisboa,Lisbon,European,4.0,4.0,221.0,733.0,0.4673093217888718,71.93915752520559,97.65516301344215
d1986771,Natraj Tandoori - Rato,Lisbon,Indian,1.0,4.5,207.0,734.0,0.5018912380343451,71.93915752520559,97.65516301344215
d3935932,Ponte Velha,Lisbon,Mediterranean,1.0,4.5,59.0,735.0,0.4462092529672614,71.93915752520559,97.65516301344215
d10511881,THIRD EYE RESTAURANT,Lisbon,Indian,1.0,5.0,75.0,736.0,0.4942963217667623,71.93915752520559,97.65516301344215
d4942285,Pastelaria camoes,Lisbon,Cafe,1.0,4.5,74.0,737.0,0.45620252772599035,71.93915752520559,97.65516301344215
d8591081,O Clube do Hamburguer,Lisbon,Bar,1.0,4.0,165.0,738.0,0.45428684392022856,71.93915752520559,97.65516301344215
d5418248,Casa das bifanas,Lisbon,European,1.0,4.0,333.0,739.0,0.4856006859168683,71.93915752520559,97.65516301344215
d8765772,Quick Asia,Lisbon,Asian,1.0,4.5,71.0,740.0,0.45437249961481385,71.93915752520559,97.65516301344215
d10838243,Tabula,Lisbon,Mediterranean,1.0,4.5,43.0,741.0,0.43231440945057753,71.93915752520559,97.65516301344215
d7724518,Raffi's Bagels Campo de Ourique,Lisbon,American,1.0,4.5,99.0,742.0,0.4690847843246762,71.93915752520559,97.65516301344215
d9974209,O Prego da Peixaria - Alvalade,Lisbon,Portuguese,1.0,4.0,122.0,743.0,0.44085620337366294,71.93915752520559,97.65516301344215
d3194582,Restaurante O Mattos,Lisbon,Mediterranean,1.0,4.5,108.0,744.0,0.4729435123904921,71.93915752520559,97.65516301344215
d12789698,Jangada urbana,Lisbon,Brew Pub,1.0,5.0,21.0,745.0,0.4387668468896846,71.93915752520559,97.65516301344215
d7787584,Hikidashi - Taberna Japonesa,Lisbon,Japanese,4.0,4.5,94.0,746.0,0.4667852390640209,71.93915752520559,97.65516301344215
d10064175,Tartar-Ria,Lisbon,European,1.0,4.5,42.0,747.0,0.4312814785340101,71.93915752520559,97.65516301344215
d1105342,Terreiro Do Paco,Lisbon,European,1.0,4.0,132.0,748.0,0.44435442783291684,71.93915752520559,97.65516301344215
d5786830,Com-Tradicao Restaurante,Lisbon,Mediterranean,1.0,4.5,79.0,749.0,0.4590866219935836,71.93915752520559,97.65516301344215
d7803199,Queijaria Cheese Shop,Lisbon,European,1.0,4.5,90.0,750.0,0.46485638686450914,71.93915752520559,97.65516301344215
d6632958,Moules & Beer,Lisbon,Belgian,1.0,4.0,200.0,751.0,0.46284871310390885,71.93915752520559,97.65516301344215
d3685047,Bio,Lisbon,Vegetarian Friendly,1.0,4.5,105.0,752.0,0.47168921411705017,71.93915752520559,97.65516301344215
d4601728,Honorato Santa Marta,Lisbon,American,1.0,4.0,250.0,753.0,0.47279744612359864,71.93915752520559,97.65516301344215
d3509207,CAN the CAN Lisboa,Lisbon,Mediterranean,1.0,3.5,574.0,754.0,0.4724233085823915,71.93915752520559,97.65516301344215
d797363,Tomo,Lisbon,Japanese,4.0,4.0,212.0,755.0,0.4654437890375459,71.93915752520559,97.65516301344215
d2425417,The Fifties,Lisbon,American,1.0,4.0,299.0,756.0,0.4807830712190356,71.93915752520559,97.65516301344215
d7009138,Restaurante David da Buraca,Lisbon,Mediterranean,1.0,4.0,127.0,757.0,0.44263339354692277,71.93915752520559,97.65516301344215
d877256,Santo Antonio de Alfama,Lisbon,Mediterranean,1.0,3.5,671.0,758.0,0.4794032937651369,71.93915752520559,97.65516301344215
d10643398,Costa Do Malabar,Lisbon,Indian,1.0,4.0,71.0,759.0,0.4168623483953796,71.93915752520559,97.65516301344215
d3812183,Cockpit Bar,Lisbon,Bar,1.0,4.5,81.0,760.0,0.46018678133844965,71.93915752520559,97.65516301344215
d1787100,Restaurante O Carvoeiro,Lisbon,Portuguese,1.0,4.0,377.0,761.0,0.4911317325165716,71.93915752520559,97.65516301344215
d1045673,Cais Da Ribeira,Lisbon,Mediterranean,1.0,4.5,88.0,762.0,0.4638547332686878,71.93915752520559,97.65516301344215
d8809837,Brown's Coffee Shop,Lisbon,American,1.0,4.0,73.0,763.0,0.4180874491302868,71.93915752520559,97.65516301344215
d6869150,Hare Krishna,Lisbon,Vegetarian Friendly,1.0,4.5,46.0,764.0,0.43525641127173137,71.93915752520559,97.65516301344215
d8117284,Ma Fama,Lisbon,Portuguese,1.0,4.5,77.0,765.0,0.45794428255457087,71.93915752520559,97.65516301344215
d12995052,Tropico do Cais,Lisbon,Asian,1.0,5.0,16.0,766.0,0.42720788915652913,71.93915752520559,97.65516301344215
d6123559,BDO Bifanas Bar,Lisbon,Portuguese,1.0,4.5,43.0,767.0,0.4323006817472005,71.93915752520559,97.65516301344215
d12478594,"Lissabon, portugal",Lisbon,Unknown,1.0,4.5,34.0,768.0,0.4220505808042469,71.93915752520559,97.65516301344215
d6979796,Madeira Pura,Lisbon,Portuguese,1.0,4.5,83.0,769.0,0.4612614661923618,71.93915752520559,97.65516301344215
d8529670,Italian Republic,Lisbon,Italian,1.0,4.0,121.0,770.0,0.44047641470118915,71.93915752520559,97.65516301344215
d4416131,O Botequim,Lisbon,Eastern European,1.0,4.5,75.0,771.0,0.4567778131500256,71.93915752520559,97.65516301344215
d3625161,Casa Liege,Lisbon,Mediterranean,1.0,4.0,109.0,772.0,0.43583791874357575,71.93915752520559,97.65516301344215
d1372849,Cervejaria Real Fabrica,Lisbon,Seafood,1.0,4.0,326.0,773.0,0.4846341570122462,71.93915752520559,97.65516301344215
d1508454,A Brilhante Cervejaria,Lisbon,International,1.0,4.0,95.0,774.0,0.42973968661555484,71.93915752520559,97.65516301344215
d3215238,o cantinho da rosa,Lisbon,Mediterranean,1.0,4.0,128.0,775.0,0.44297274115872987,71.93915752520559,97.65516301344215
d9881110,Kebabish PT,Lisbon,Turkish,1.0,4.5,33.0,776.0,0.42074822906797404,71.93915752520559,97.65516301344215
d3642585,Valbom,Lisbon,Portuguese,1.0,4.0,132.0,777.0,0.4443394546720088,71.93915752520559,97.65516301344215
d9729145,Browns Bistro,Lisbon,Bar,1.0,4.0,117.0,778.0,0.4389793014972418,71.93915752520559,97.65516301344215
d8729508,Angelica,Lisbon,Indian,1.0,4.5,45.0,779.0,0.43428560617375905,71.93915752520559,97.65516301344215
d11641226,Rose Stupa Sports Bar and Restaurant,Lisbon,International,1.0,5.0,25.0,780.0,0.4462309628661083,71.93915752520559,97.65516301344215
d2266460,O Lavrador,Lisbon,European,1.0,4.0,135.0,781.0,0.4453365298632993,71.93915752520559,97.65516301344215
d1632503,Restaurante Esquina de Alfama,Lisbon,European,1.0,4.0,434.0,782.0,0.4974118443904416,71.93915752520559,97.65516301344215
d4883233,Vintage Gourmet,Lisbon,Mediterranean,1.0,4.0,188.0,783.0,0.4600752649241756,71.93915752520559,97.65516301344215
d4572615,Cafe Do Electrico,Lisbon,Cafe,1.0,4.5,47.0,784.0,0.43618935320704577,71.93915752520559,97.65516301344215
d3497286,Nosolo Italia Lisboa Praca do Comercio,Lisbon,Italian,1.0,3.5,981.0,785.0,0.49637963213003355,71.93915752520559,97.65516301344215
d1792435,A Travessa do Rio.,Lisbon,Mediterranean,1.0,4.5,66.0,786.0,0.4511251441486551,71.93915752520559,97.65516301344215
d10735449,Restaurante Adega Dos Arcos,Lisbon,European,1.0,4.5,40.0,787.0,0.42912784702104584,71.93915752520559,97.65516301344215
d3905246,Restaurante Cafe O Taxi,Lisbon,European,1.0,4.5,53.0,788.0,0.4414627979244812,71.93915752520559,97.65516301344215
d12701511,Ola Kathmandu,Lisbon,Indian,1.0,5.0,18.0,789.0,0.4321781573595249,71.93915752520559,97.65516301344215
d4469108,Restaurante Estrela do Bico,Lisbon,Brazilian,1.0,4.5,82.0,790.0,0.4607146912499952,71.93915752520559,97.65516301344215
d5981485,La Brasserie de L'Entrecote,Lisbon,French,1.0,4.0,129.0,791.0,0.44331077196443835,71.93915752520559,97.65516301344215
d11639487,Forneria,Lisbon,Italian,1.0,4.0,74.0,792.0,0.4186742523668042,71.93915752520559,97.65516301344215
d4089922,Ginjinha da Se,Lisbon,Portuguese,1.0,4.5,70.0,793.0,0.45371896695367403,71.93915752520559,97.65516301344215
d12696950,Greek Tavern Dionysos,Lisbon,Mediterranean,1.0,4.5,21.0,794.0,0.40124198939155853,71.93915752520559,97.65516301344215
d2321586,Caxemira,Lisbon,Indian,1.0,4.0,142.0,795.0,0.4475777134697279,71.93915752520559,97.65516301344215
d697296,Espaco Espelho d'Agua,Lisbon,European,1.0,4.0,237.0,796.0,0.47039393642097405,71.93915752520559,97.65516301344215
d7807375,Restaurante Astoria,Lisbon,European,1.0,4.5,108.0,797.0,0.4729166909114335,71.93915752520559,97.65516301344215
d3570050,Pano De Boca,Lisbon,Portuguese,1.0,4.0,116.0,798.0,0.43858844911812706,71.93915752520559,97.65516301344215
d5984189,Solar do Peixe,Lisbon,European,1.0,4.5,66.0,799.0,0.4511189324248471,71.93915752520559,97.65516301344215
d2440228,O Raposo,Lisbon,Mediterranean,1.0,4.0,109.0,800.0,0.43582431404717814,71.93915752520559,97.65516301344215
d3915897,Cascais Remo,Lisbon,Mediterranean,1.0,4.0,123.0,801.0,0.4411896250080812,71.93915752520559,97.65516301344215
d8534851,Restaurante Japones Samurai,Lisbon,Japanese,1.0,4.0,62.0,802.0,0.4108604093760972,71.93915752520559,97.65516301344215
d12611007,Tabernario do Bairro,Lisbon,Portuguese,1.0,5.0,25.0,803.0,0.4462199435206485,71.93915752520559,97.65516301344215
d7336913,Casa Al Parma,Lisbon,Italian,1.0,4.0,61.0,804.0,0.41014283888506553,71.93915752520559,97.65516301344215
d2655425,Rubro Campo Pequeno,Lisbon,Mediterranean,1.0,4.0,213.0,805.0,0.46562888726641466,71.93915752520559,97.65516301344215
d12972411,Madame Bacchus,Lisbon,French,1.0,5.0,16.0,806.0,0.4271884474541553,71.93915752520559,97.65516301344215
d9885889,Vila Flor restaurante,Lisbon,Mediterranean,1.0,4.5,87.0,807.0,0.4633266776925568,71.93915752520559,97.65516301344215
d8624363,Croqueteria,Lisbon,European,1.0,4.0,63.0,808.0,0.41156298451519463,71.93915752520559,97.65516301344215
d9796702,Largo Ao Tacho,Lisbon,Mediterranean,1.0,4.0,84.0,809.0,0.4242722260002871,71.93915752520559,97.65516301344215
d8738154,Tasca do Mercado,Lisbon,Portuguese,1.0,4.0,117.0,810.0,0.43896406365500146,71.93915752520559,97.65516301344215
d12860539,Solido,Lisbon,European,1.0,4.5,55.0,811.0,0.443080869466422,71.93915752520559,97.65516301344215
d2616719,Restaurante Associacao Naval de Lisboa,Lisbon,Portuguese,1.0,4.0,144.0,812.0,0.44819189080988897,71.93915752520559,97.65516301344215
d6976663,Pateo Alfacinha,Lisbon,Mediterranean,1.0,4.0,119.0,813.0,0.43971547109398285,71.93915752520559,97.65516301344215
d3522172,Pao de Canela,Lisbon,Cafe,1.0,3.5,314.0,814.0,0.4454400525941122,71.93915752520559,97.65516301344215
d3531074,O Cocas cafetaria snack bar,Lisbon,Mediterranean,1.0,4.5,64.0,815.0,0.44975421212736855,71.93915752520559,97.65516301344215
d2264448,Green Pepper,Lisbon,European,1.0,4.0,164.0,816.0,0.4539773470680588,71.93915752520559,97.65516301344215
d11659300,Lisboa 33,Lisbon,Portuguese,1.0,4.5,43.0,817.0,0.4322767380785197,71.93915752520559,97.65516301344215
d2338060,Cafe In,Lisbon,Seafood,1.0,4.0,174.0,818.0,0.45661185671644305,71.93915752520559,97.65516301344215
d3847680,Restaurante Estadio Dom Leitao,Lisbon,Portuguese,1.0,4.0,130.0,819.0,0.4436410147097805,71.93915752520559,97.65516301344215
d12209744,MeetUs ao Carmo,Lisbon,Mediterranean,1.0,5.0,48.0,820.0,0.4745960671083079,71.93915752520559,97.65516301344215
d1187229,O Cerveirense,Lisbon,Mediterranean,1.0,4.5,51.0,821.0,0.4397571385917366,71.93915752520559,97.65516301344215
d5815796,Mercantina,Lisbon,Italian,1.0,4.0,472.0,822.0,0.5011442234417424,71.93915752520559,97.65516301344215
d2616778,Portugalia Cervejaria Cais do Sodre,Lisbon,Seafood,1.0,4.0,231.0,823.0,0.4692379569504622,71.93915752520559,97.65516301344215
d7907060,O Prego da Peixaria - Saldanha,Lisbon,European,1.0,4.0,186.0,824.0,0.4595797121899274,71.93915752520559,97.65516301344215
d8487141,Mercado,Lisbon,Portuguese,1.0,4.0,66.0,825.0,0.41360709626748177,71.93915752520559,97.65516301344215
d5958908,Tasca Do Marinheiro,Lisbon,Indian,1.0,4.5,111.0,826.0,0.4741195383378734,71.93915752520559,97.65516301344215
d2399844,Retaurante Ruacana,Lisbon,Portuguese,1.0,4.0,55.0,827.0,0.4055737108065331,71.93915752520559,97.65516301344215
d8741657,Dr. Wine,Lisbon,Mediterranean,1.0,3.5,390.0,828.0,0.4551142923505443,71.93915752520559,97.65516301344215
d4997961,Lisboa Bar,Lisbon,Pub,1.0,4.5,54.0,829.0,0.44226580406217425,71.93915752520559,97.65516301344215
d8659384,Batata Doce,Lisbon,African,1.0,5.0,28.0,830.0,0.45109871713741834,71.93915752520559,97.65516301344215
d5954049,As Zebras Do Combo,Lisbon,Mediterranean,1.0,4.0,109.0,831.0,0.4358103211129256,71.93915752520559,97.65516301344215
d8093645,Honorato Chiado,Lisbon,American,1.0,3.5,228.0,832.0,0.43115106708148515,71.93915752520559,97.65516301344215
d9726154,Food Market,Lisbon,Mediterranean,1.0,4.0,78.0,833.0,0.42098282971245427,71.93915752520559,97.65516301344215
d4749863,Oficina do Gelado,Lisbon,Unknown,1.0,4.5,79.0,834.0,0.459045789192987,71.93915752520559,97.65516301344215
d3735886,Chimarrao,Lisbon,Brazilian,1.0,3.5,528.0,835.0,0.46865012046003773,71.93915752520559,97.65516301344215
d3967460,Andorinhas,Lisbon,European,1.0,4.5,84.0,836.0,0.4617602462690293,71.93915752520559,97.65516301344215
d9592538,Coffee Grill,Lisbon,Bar,1.0,4.0,141.0,837.0,0.4472444625666595,71.93915752520559,97.65516301344215
d7009057,Dinastia Tang,Lisbon,Chinese,1.0,4.0,230.0,838.0,0.46903795695024925,71.93915752520559,97.65516301344215
d5614840,Castro Restaurante,Lisbon,Mediterranean,1.0,4.0,283.0,839.0,0.47828899617172405,71.93915752520559,97.65516301344215
d6999740,O Faia,Lisbon,European,4.0,4.5,78.0,840.0,0.4584798277043314,71.93915752520559,97.65516301344215
d10472537,American Music Burguer,Lisbon,Bar,1.0,4.0,90.0,841.0,0.4273130934097184,71.93915752520559,97.65516301344215
d6802696,La Parisienne,Lisbon,French,1.0,4.0,193.0,842.0,0.4612179032246985,71.93915752520559,97.65516301344215
d4728842,Caprilia 2,Lisbon,European,1.0,4.0,94.0,843.0,0.4292389537256865,71.93915752520559,97.65516301344215
d2269689,Restaurante Leitao do Prior,Lisbon,European,1.0,4.0,83.0,844.0,0.42372679006515496,71.93915752520559,97.65516301344215
d8508061,Volta Dos Sabores,Lisbon,Mediterranean,1.0,4.0,91.0,845.0,0.42780090679079974,71.93915752520559,97.65516301344215
d10537712,Restaurante Bagos Chiado,Lisbon,European,1.0,4.5,46.0,846.0,0.435218340801484,71.93915752520559,97.65516301344215
d2062407,Tipico Restaurant,Lisbon,Mediterranean,1.0,4.0,143.0,847.0,0.4478666599307183,71.93915752520559,97.65516301344215
d10838956,TOPO Chiado,Lisbon,Bar,1.0,4.0,107.0,848.0,0.43498124184063414,71.93915752520559,97.65516301344215
d2143219,Churrasqueira o cofre,Lisbon,Seafood,1.0,4.0,188.0,849.0,0.46004547203687823,71.93915752520559,97.65516301344215
d1187307,Delicias De Goa,Lisbon,Indian,1.0,4.5,95.0,850.0,0.46720502156671817,71.93915752520559,97.65516301344215
d8565731,Sitio Restaurante - Hotel Valverde,Lisbon,European,4.0,4.5,75.0,851.0,0.45674122468759626,71.93915752520559,97.65516301344215
d1749874,Churrasco da Graca,Lisbon,Mediterranean,1.0,4.0,283.0,852.0,0.47828353884560415,71.93915752520559,97.65516301344215
d7645677,Burger Factory,Lisbon,American,1.0,4.0,169.0,853.0,0.45529848079265023,71.93915752520559,97.65516301344215
d2617072,SushiCafe Amoreiras,Lisbon,Japanese,1.0,4.0,121.0,854.0,0.4404380820549933,71.93915752520559,97.65516301344215
d4542075,A Catedral da Cerveja,Lisbon,European,1.0,4.0,98.0,855.0,0.4310811896988585,71.93915752520559,97.65516301344215
d1884238,Restaurante Churrasco,Lisbon,Barbecue,1.0,4.0,164.0,856.0,0.4539601626757662,71.93915752520559,97.65516301344215
d3632808,Fishtail,Lisbon,Nepali,1.0,4.5,328.0,857.0,0.5223692114736064,71.93915752520559,97.65516301344215
d7615604,Pho-Pu,Lisbon,Asian,1.0,4.0,140.0,858.0,0.4469191560682726,71.93915752520559,97.65516301344215
d8625661,Sabores na Travessa,Lisbon,Portuguese,1.0,4.5,48.0,859.0,0.4370794522859864,71.93915752520559,97.65516301344215
d8319732,Gelateiro D'alfama,Lisbon,Unknown,1.0,4.5,33.0,860.0,0.42071045817747194,71.93915752520559,97.65516301344215
d5981384,A Carvoaria,Lisbon,Seafood,1.0,4.0,92.0,861.0,0.42827851790569466,71.93915752520559,97.65516301344215
d12916060,Peixe Na Avenida,Lisbon,Latin,4.0,4.5,19.0,862.0,0.3969433251804738,71.93915752520559,97.65516301344215
d10135973,Alfama Wine & Burgers,Lisbon,European,1.0,4.5,72.0,863.0,0.4549324927121339,71.93915752520559,97.65516301344215
d12571169,Restaurante Leziria Casa de petiscos,Lisbon,Unknown,1.0,5.0,17.0,864.0,0.4297235242939748,71.93915752520559,97.65516301344215
d11848439,Acai 21 Lisboa,Lisbon,Cafe,1.0,4.5,40.0,865.0,0.42909346417098426,71.93915752520559,97.65516301344215
d8833324,Palacio de Buda,Lisbon,Indian,1.0,4.5,35.0,866.0,0.42326811041937157,71.93915752520559,97.65516301344215
d7897853,David Restaurante,Lisbon,European,1.0,4.5,42.0,867.0,0.43122587791108563,71.93915752520559,97.65516301344215
d6068041,Quiosque Time Out,Lisbon,European,1.0,4.5,60.0,868.0,0.44688702635377264,71.93915752520559,97.65516301344215
d12869924,Showroom Trindade,Lisbon,Brew Pub,1.0,5.0,15.0,869.0,0.42444613828850736,71.93915752520559,97.65516301344215
d4023564,Pingo Doce,Lisbon,Portuguese,1.0,4.0,93.0,870.0,0.42875394406620976,71.93915752520559,97.65516301344215
d7994283,H&S,Lisbon,Chinese,1.0,4.5,65.0,871.0,0.4504143545182816,71.93915752520559,97.65516301344215
d3793878,Osteria Cucina di Amici,Lisbon,Italian,1.0,4.0,247.0,872.0,0.4722045099037706,71.93915752520559,97.65516301344215
d11706963,Happy Noodles,Lisbon,Chinese,1.0,4.0,48.0,873.0,0.39957385008431656,71.93915752520559,97.65516301344215
d7814274,Grilled and company,Lisbon,Mediterranean,1.0,4.0,416.0,874.0,0.4954786754706252,71.93915752520559,97.65516301344215
d2615268,Arigato Sushiarena,Lisbon,Japanese,1.0,4.0,204.0,875.0,0.4636746586092939,71.93915752520559,97.65516301344215
d8554162,Adega Da Barroca,Lisbon,Mediterranean,1.0,4.5,45.0,876.0,0.43424295133732627,71.93915752520559,97.65516301344215
d2615885,Restaurante O Jacinto,Lisbon,Mediterranean,1.0,4.5,103.0,877.0,0.4707791877704008,71.93915752520559,97.65516301344215
d3694442,Alma Lusa Restaurante,Lisbon,Mediterranean,1.0,4.5,53.0,878.0,0.4414237624118988,71.93915752520559,97.65516301344215
d1499160,Moura Saluquia,Lisbon,Portuguese,1.0,4.0,261.0,879.0,0.474661392783308,71.93915752520559,97.65516301344215
d2386717,Petisqueira Estrela da Baixa,Lisbon,European,1.0,4.0,86.0,880.0,0.42528395109950773,71.93915752520559,97.65516301344215
d1889348,Restaurante Real Nepal,Lisbon,Indian,1.0,4.5,151.0,881.0,0.48777460539170414,71.93915752520559,97.65516301344215
d10543160,Chevere,Lisbon,Mediterranean,1.0,4.0,71.0,882.0,0.4168072126994193,71.93915752520559,97.65516301344215
d4457636,Este Oeste Pizza Sushi Cafe,Lisbon,Italian,1.0,3.5,513.0,883.0,0.4673422207829074,71.93915752520559,97.65516301344215
d10814324,Fabrica Imperial,Lisbon,European,1.0,5.0,19.0,884.0,0.4344346615232637,71.93915752520559,97.65516301344215
d9566661,Namaste Bhojanalaya,Lisbon,Indian,1.0,4.5,35.0,885.0,0.42326067114547455,71.93915752520559,97.65516301344215
d10306190,La Puttana,Lisbon,Italian,1.0,4.0,56.0,886.0,0.4063422946526981,71.93915752520559,97.65516301344215
d12877986,Transept,Lisbon,French,1.0,5.0,14.0,887.0,0.4215485131140071,71.93915752520559,97.65516301344215
d6432242,Embaixada Portuguesa,Lisbon,European,1.0,4.5,66.0,888.0,0.4510812907991306,71.93915752520559,97.65516301344215
d4699212,Barbica,Lisbon,Mediterranean,1.0,4.5,70.0,889.0,0.45367810356342286,71.93915752520559,97.65516301344215
d2000698,O Mercado,Lisbon,Seafood,1.0,4.0,94.0,890.0,0.4292201554338681,71.93915752520559,97.65516301344215
d12499935,Maria Limao,Lisbon,French,1.0,5.0,17.0,891.0,0.4297129995769444,71.93915752520559,97.65516301344215
d12845140,Otto,Lisbon,Italian,1.0,4.0,74.0,892.0,0.41863177593035883,71.93915752520559,97.65516301344215
d6354090,de Castro,Lisbon,Mediterranean,1.0,4.0,177.0,893.0,0.45734235142785035,71.93915752520559,97.65516301344215
d1950252,Mesa De Frades,Lisbon,European,1.0,4.0,287.0,894.0,0.4788934223663466,71.93915752520559,97.65516301344215
d1315075,Restaurante Floresta do Calhariz,Lisbon,European,1.0,4.0,162.0,895.0,0.4533986723831653,71.93915752520559,97.65516301344215
d8641616,Santorini Coffee,Lisbon,Mediterranean,1.0,4.5,50.0,896.0,0.4388568265657844,71.93915752520559,97.65516301344215
d12950319,CervejAlfama,Lisbon,Seafood,1.0,5.0,27.0,897.0,0.44950000615605507,71.93915752520559,97.65516301344215
d5981238,Pastelaria Ribeiro,Lisbon,Unknown,1.0,4.5,43.0,898.0,0.4322436078267572,71.93915752520559,97.65516301344215
d9720044,Taberna Do Conde Wine & Tapas,Lisbon,European,1.0,5.0,69.0,899.0,0.4905390328422369,71.93915752520559,97.65516301344215
d6600070,Boi-Cavalo Restaurante,Lisbon,Mediterranean,1.0,4.0,258.0,900.0,0.47413761680325894,71.93915752520559,97.65516301344215
d2309297,Cataplana da Gina,Lisbon,Seafood,1.0,4.0,111.0,901.0,0.4365892974501622,71.93915752520559,97.65516301344215
d7772676,Barrosa Hamburgueria,Lisbon,Portuguese,1.0,4.0,84.0,902.0,0.42423398176337196,71.93915752520559,97.65516301344215
d1924323,Taste of Punjab,Lisbon,Indian,1.0,4.5,87.0,903.0,0.4632871457588413,71.93915752520559,97.65516301344215
d1734710,Restaurante 1 de Maio,Lisbon,Mediterranean,1.0,3.5,302.0,904.0,0.4436637523900196,71.93915752520559,97.65516301344215
d1427361,Restaurante Xenu,Lisbon,European,1.0,4.0,169.0,905.0,0.4552782671844395,71.93915752520559,97.65516301344215
d12415456,Mercearia da Mila,Lisbon,American,1.0,5.0,19.0,906.0,0.4344264186176179,71.93915752520559,97.65516301344215
d9561443,Madame Gaufre,Lisbon,Street Food,1.0,5.0,30.0,907.0,0.4540550656633338,71.93915752520559,97.65516301344215
d10195297,Kokoro Ramen Bar,Lisbon,Japanese,1.0,4.5,45.0,908.0,0.43423087881175065,71.93915752520559,97.65516301344215
d8153010,Ver Lisboa Restaurante,Lisbon,Seafood,1.0,4.0,139.0,909.0,0.4465807489820222,71.93915752520559,97.65516301344215
d4271093,Restaurante Flor de Sao Jose,Lisbon,Mediterranean,1.0,4.5,41.0,910.0,0.43015561498022664,71.93915752520559,97.65516301344215
d12986309,Mezze,Lisbon,Middle Eastern,1.0,4.5,18.0,911.0,0.39462722397207156,71.93915752520559,97.65516301344215
d7014836,Restaurante Campinas,Lisbon,Mediterranean,1.0,4.0,62.0,912.0,0.4108152797652057,71.93915752520559,97.65516301344215
d8677422,Flor do Mundo,Lisbon,European,1.0,4.0,66.0,913.0,0.41357203754742683,71.93915752520559,97.65516301344215
d3545629,Snack Bar Himalaia,Lisbon,Mediterranean,1.0,5.0,63.0,914.0,0.48651991336998807,71.93915752520559,97.65516301344215
d8666414,"Gula""s For Kitchen Lovers",Lisbon,European,1.0,4.5,33.0,915.0,0.42068948417790614,71.93915752520559,97.65516301344215
d9819811,Damas,Lisbon,Mediterranean,1.0,4.0,70.0,916.0,0.41616815398590423,71.93915752520559,97.65516301344215
d2251526,Lumar,Lisbon,Portuguese,1.0,4.5,68.0,917.0,0.4523880231663945,71.93915752520559,97.65516301344215
d4601727,O Cartaxinho,Lisbon,Mediterranean,1.0,4.0,101.0,918.0,0.43239418860360074,71.93915752520559,97.65516301344215
d739840,A Maritima de Xabregas,Lisbon,Mediterranean,1.0,4.0,136.0,919.0,0.4456069594184375,71.93915752520559,97.65516301344215
d6002132,Tasquinha De Baco,Lisbon,Portuguese,1.0,4.5,49.0,920.0,0.43796114932159197,71.93915752520559,97.65516301344215
d11872572,Foodprintz Cafe,Lisbon,International,1.0,4.5,26.0,921.0,0.4103624171286394,71.93915752520559,97.65516301344215
d10256607,Restaurante Isco,Lisbon,Seafood,1.0,4.5,51.0,922.0,0.439717099390391,71.93915752520559,97.65516301344215
d10352507,Restaurante Solar dos Duques,Lisbon,Mediterranean,1.0,4.5,24.0,923.0,0.4069147009253528,71.93915752520559,97.65516301344215
d2369883,Trempe,Lisbon,Portuguese,1.0,4.5,65.0,924.0,0.45039459283867467,71.93915752520559,97.65516301344215
d10699974,Great Tastings,Lisbon,Mediterranean,1.0,4.5,76.0,925.0,0.4572985008059108,71.93915752520559,97.65516301344215
d8428458,Barbatana,Lisbon,Seafood,1.0,4.0,61.0,926.0,0.4100936654094357,71.93915752520559,97.65516301344215
d1453548,Cafe no Chiado,Lisbon,European,1.0,3.5,499.0,927.0,0.4660892337093413,71.93915752520559,97.65516301344215
d13124435,Antiga Wine Bar,Lisbon,European,1.0,5.0,13.0,928.0,0.41844344261096045,71.93915752520559,97.65516301344215
d1933325,Restaurante Gaucha,Lisbon,Mediterranean,1.0,4.0,84.0,929.0,0.4242243128064992,71.93915752520559,97.65516301344215
d2650301,Frei Contente,Lisbon,Mediterranean,1.0,4.0,184.0,930.0,0.4590565969098128,71.93915752520559,97.65516301344215
d13445402,Restaurante Consensual,Lisbon,European,1.0,5.0,11.0,931.0,0.41153814156333884,71.93915752520559,97.65516301344215
d12646205,The Lumbini Cafe,Lisbon,Indian,1.0,5.0,15.0,932.0,0.4244227960248007,71.93915752520559,97.65516301344215
d4747555,Cantina das Freiras,Lisbon,Mediterranean,1.0,4.0,85.0,933.0,0.4247467822112733,71.93915752520559,97.65516301344215
d4597144,Flor Do Cais Do Sodre,Lisbon,Mediterranean,1.0,4.5,125.0,934.0,0.4793529176952451,71.93915752520559,97.65516301344215
d4294051,Restaurante Tipico Ilha da Madeira,Lisbon,Mediterranean,1.0,4.0,79.0,935.0,0.4215069221211741,71.93915752520559,97.65516301344215
d10275723,Restaurante Sardinha,Lisbon,Unknown,1.0,4.5,37.0,936.0,0.42566381421346144,71.93915752520559,97.65516301344215
d12560211,Crouton,Lisbon,Pizza,1.0,5.0,13.0,937.0,0.418440336671025,71.93915752520559,97.65516301344215
d8784538,Sala Thai,Lisbon,Asian,1.0,4.0,64.0,938.0,0.4122059304027328,71.93915752520559,97.65516301344215
d8041179,Banana Cafe,Lisbon,Cafe,1.0,4.5,33.0,939.0,0.42068110188821617,71.93915752520559,97.65516301344215
d10044540,Ibo Marisqueira,Lisbon,Seafood,1.0,4.0,65.0,940.0,0.4128890649629821,71.93915752520559,97.65516301344215
d8868472,Wish,Lisbon,Vegetarian Friendly,1.0,4.0,74.0,941.0,0.41861425812434844,71.93915752520559,97.65516301344215
d1657770,Restaurante Adega de Sao Roque,Lisbon,Seafood,1.0,3.5,314.0,942.0,0.44538996008654536,71.93915752520559,97.65516301344215
d12380027,Restaurant o Gaiteiro,Lisbon,European,1.0,4.5,23.0,943.0,0.40507942815924414,71.93915752520559,97.65516301344215
d2437008,Entretanto Rooftop Bar in Hotel do Chiado,Lisbon,Bar,1.0,4.0,123.0,944.0,0.44113287451522304,71.93915752520559,97.65516301344215
d3540284,A Severa,Lisbon,European,4.0,3.5,538.0,945.0,0.46944705843490225,71.93915752520559,97.65516301344215
d7994303,Honorato,Lisbon,Unknown,1.0,4.5,40.0,946.0,0.42906376010605674,71.93915752520559,97.65516301344215
d8462887,Pizzeria Viavai,Lisbon,Italian,1.0,4.5,46.0,947.0,0.43518051055750223,71.93915752520559,97.65516301344215
d4173885,Roda do Leme,Lisbon,European,1.0,4.5,32.0,948.0,0.4193409827581563,71.93915752520559,97.65516301344215
d13273132,Memorias 57,Lisbon,European,1.0,5.0,11.0,949.0,0.41153202799569005,71.93915752520559,97.65516301344215
d11826876,Veganeats,Lisbon,Cafe,1.0,5.0,14.0,950.0,0.4215260778370664,71.93915752520559,97.65516301344215
d4972357,DaVito,Lisbon,Italian,1.0,4.0,39.0,951.0,0.39045613422666897,71.93915752520559,97.65516301344215
d6894867,Annapurna,Lisbon,Indian,1.0,4.5,33.0,952.0,0.4206767379466956,71.93915752520559,97.65516301344215
d12885233,Gorki Tapas nas Flores,Lisbon,French,1.0,5.0,14.0,953.0,0.4215250834788669,71.93915752520559,97.65516301344215
d12125778,O Afonso das Bifanas,Lisbon,Unknown,1.0,5.0,15.0,954.0,0.42441537102400967,71.93915752520559,97.65516301344215
d3463808,Chiringuito Tapas Bar,Lisbon,Spanish,1.0,4.5,79.0,955.0,0.45900020082359666,71.93915752520559,97.65516301344215
d10222764,Hamburgueria do Bairro - Principe Real,Lisbon,Fast Food,1.0,4.0,50.0,956.0,0.401335807013616,71.93915752520559,97.65516301344215
d6215851,Blend,Lisbon,Mediterranean,1.0,4.0,254.0,957.0,0.47342063818916735,71.93915752520559,97.65516301344215
d5981411,Restaurante Bota Feijao,Lisbon,European,1.0,4.0,135.0,958.0,0.44526554024616766,71.93915752520559,97.65516301344215
d10470318,Flamboyant,Lisbon,Portuguese,1.0,4.5,19.0,959.0,0.39690811372543305,71.93915752520559,97.65516301344215
d10441293,Pap'Acorda,Lisbon,European,1.0,3.5,198.0,960.0,0.4248138283145464,71.93915752520559,97.65516301344215
d12940488,O Surf & Turf,Lisbon,Fusion,1.0,4.0,45.0,961.0,0.39671265225030994,71.93915752520559,97.65516301344215
d8862130,Castico,Lisbon,European,1.0,4.5,27.0,962.0,0.4119774022261408,71.93915752520559,97.65516301344215
d2292447,Huang He,Lisbon,Chinese,1.0,4.0,126.0,963.0,0.44219730773212274,71.93915752520559,97.65516301344215
d8022636,Cofre Verde,Lisbon,European,1.0,4.0,82.0,964.0,0.423146129288544,71.93915752520559,97.65516301344215
d3387939,Devagar Devagarinho,Lisbon,Mediterranean,1.0,4.0,89.0,965.0,0.42677233229241035,71.93915752520559,97.65516301344215
d12533878,Versailles Belem,Lisbon,European,1.0,4.5,19.0,966.0,0.3969058462613478,71.93915752520559,97.65516301344215
d4101026,Estrela Do Minho,Lisbon,Mediterranean,1.0,4.5,61.0,967.0,0.44757992547986936,71.93915752520559,97.65516301344215
d2394389,Restaurante Antonio,Lisbon,European,1.0,4.0,136.0,968.0,0.44559043054242853,71.93915752520559,97.65516301344215
d10700942,Solar dos Galegos,Lisbon,Unknown,1.0,5.0,18.0,969.0,0.43210750773870066,71.93915752520559,97.65516301344215
d10107308,Madragoa Vinhos e Petiscos,Lisbon,European,1.0,4.5,80.0,970.0,0.4595517343329767,71.93915752520559,97.65516301344215
d4439371,Varanda Vale Formoso,Lisbon,Portuguese,1.0,4.0,64.0,971.0,0.41219505788856936,71.93915752520559,97.65516301344215
d3706472,Himchuli,Lisbon,Asian,1.0,4.5,75.0,972.0,0.4566973284138245,71.93915752520559,97.65516301344215
d7133211,Palmeira,Lisbon,European,1.0,4.0,55.0,973.0,0.40551926397438975,71.93915752520559,97.65516301344215
d11947706,Restaurante Aquele Lugar que nao Existe,Lisbon,Indian,1.0,4.0,84.0,974.0,0.4242093891256313,71.93915752520559,97.65516301344215
d8381290,O Tacho,Lisbon,Seafood,1.0,4.5,34.0,975.0,0.42196762579420716,71.93915752520559,97.65516301344215
d806939,Found You,Lisbon,European,1.0,4.0,300.0,976.0,0.48084264728274845,71.93915752520559,97.65516301344215
d12184366,EATFISH feels great,Lisbon,Seafood,1.0,4.5,34.0,977.0,0.4219669957530409,71.93915752520559,97.65516301344215
d12330127,Lisbon Vegan Restaurante,Lisbon,European,1.0,4.5,20.0,978.0,0.3990872987083004,71.93915752520559,97.65516301344215
d697275,Valle Flor,Lisbon,European,4.0,4.5,99.0,979.0,0.4689868804546222,71.93915752520559,97.65516301344215
d12637788,Soi,Lisbon,Japanese,1.0,4.0,42.0,980.0,0.3936859688619218,71.93915752520559,97.65516301344215
d3443417,O FERNANDO,Lisbon,Portuguese,1.0,4.0,166.0,981.0,0.45445512713315245,71.93915752520559,97.65516301344215
d5977644,A Merendeira,Lisbon,Portuguese,1.0,4.0,83.0,982.0,0.42367682536764745,71.93915752520559,97.65516301344215
d4084172,A Pescaria,Lisbon,Seafood,1.0,4.5,94.0,983.0,0.46668825639964223,71.93915752520559,97.65516301344215
d11844367,Kitanori Sushi Lounge,Lisbon,Japanese,1.0,4.5,26.0,984.0,0.41034155666621996,71.93915752520559,97.65516301344215
d6767273,Boteco da Fa,Lisbon,European,1.0,4.0,170.0,985.0,0.4555140297518071,71.93915752520559,97.65516301344215
d7728403,Divino Gastronomia Italiana,Lisbon,Italian,1.0,4.0,109.0,986.0,0.43575355464536986,71.93915752520559,97.65516301344215
d8659410,O Batista,Lisbon,European,1.0,4.0,44.0,987.0,0.39572001272632285,71.93915752520559,97.65516301344215
d11924747,Hottie,Lisbon,American,1.0,4.5,31.0,988.0,0.4179499346678044,71.93915752520559,97.65516301344215
d4698631,Restaurante O Canico,Lisbon,Seafood,1.0,4.0,104.0,989.0,0.4336690451990059,71.93915752520559,97.65516301344215
d8645353,Restaurante Pancitas,Lisbon,Unknown,1.0,4.0,59.0,990.0,0.40860409171301504,71.93915752520559,97.65516301344215
d11996013,Git Lounge Bar,Lisbon,European,1.0,4.5,32.0,991.0,0.4193272478874905,71.93915752520559,97.65516301344215
d2313349,Miss Saigon,Lisbon,International,1.0,4.5,112.0,992.0,0.4744568725230837,71.93915752520559,97.65516301344215
d2232665,Lusitania,Lisbon,Seafood,1.0,4.0,140.0,993.0,0.44687160773012,71.93915752520559,97.65516301344215
d3483351,ZamBeZe Restaurante,Lisbon,European,1.0,3.5,502.0,994.0,0.46633534528265363,71.93915752520559,97.65516301344215
d6476702,Sushima,Lisbon,Japanese,1.0,4.0,126.0,995.0,0.44218728609389735,71.93915752520559,97.65516301344215
d8466734,Bacalhau Restaurante-Bar,Lisbon,European,1.0,4.5,30.0,996.0,0.4165255017791917,71.93915752520559,97.65516301344215
d12153302,Loucos de Lisboa,Lisbon,Portuguese,1.0,4.5,34.0,997.0,0.4219608343675134,71.93915752520559,97.65516301344215
d11857632,Restaurante Nosso,Lisbon,Portuguese,1.0,4.5,37.0,998.0,0.42564389723700624,71.93915752520559,97.65516301344215
d1045669,O Barrigas,Lisbon,Mediterranean,1.0,3.5,318.0,999.0,0.4459369528905716,71.93915752520559,97.65516301344215
d7787522,La Focacceria Pugliese,Lisbon,Italian,1.0,4.5,48.0,1000.0,0.43703019572811935,71.93915752520559,97.65516301344215
d3422202,Confeitaria Cister,Lisbon,Cafe,1.0,4.0,88.0,1001.0,0.426260707484838,71.93915752520559,97.65516301344215
d2392183,A Lota,Lisbon,Seafood,1.0,3.5,220.0,1002.0,0.42949720833086735,71.93915752520559,97.65516301344215
d7705766,Chic Do Rego,Lisbon,European,1.0,4.5,38.0,1003.0,0.426805815102172,71.93915752520559,97.65516301344215
d10292976,A Tabacaria,Lisbon,Contemporary,1.0,4.5,33.0,1004.0,0.4206604122849911,71.93915752520559,97.65516301344215
d10496581,Restaurante O Pepe,Lisbon,European,1.0,4.5,18.0,1005.0,0.39459641469375933,71.93915752520559,97.65516301344215
d10180281,O Tabuas,Lisbon,European,1.0,4.0,98.0,1006.0,0.43102850906857304,71.93915752520559,97.65516301344215
d4220222,Cais da Pedra,Lisbon,European,1.0,3.5,263.0,1007.0,0.4374586013905065,71.93915752520559,97.65516301344215
d3905250,O Retiro Do Chefe Costa,Lisbon,European,1.0,4.5,57.0,1008.0,0.4445802614658008,71.93915752520559,97.65516301344215
d2443569,Restaurante O Caldo Verde,Lisbon,Portuguese,1.0,4.5,123.0,1009.0,0.47861239647901294,71.93915752520559,97.65516301344215
d8686504,The Fish and Chip Shop,Lisbon,European,1.0,4.5,41.0,1010.0,0.43012296556971963,71.93915752520559,97.65516301344215
d12065905,Boutique Taberna,Lisbon,Unknown,1.0,5.0,15.0,1011.0,0.4243976367491233,71.93915752520559,97.65516301344215
d11912200,Diyalo,Lisbon,Vegetarian Friendly,1.0,5.0,18.0,1012.0,0.4320943493631753,71.93915752520559,97.65516301344215
d2615384,Brasserie de L'Entrecote Parque das Nacoes,Lisbon,French,1.0,4.0,153.0,1013.0,0.450815707189152,71.93915752520559,97.65516301344215
d13125945,Restaurante Banho,Lisbon,European,1.0,4.5,14.0,1014.0,0.38400614098785424,71.93915752520559,97.65516301344215
d4258815,Viva Lisboa,Lisbon,Contemporary,4.0,4.0,78.0,1015.0,0.42091823477905016,71.93915752520559,97.65516301344215
d3153231,Mr Wrap,Lisbon,International,1.0,4.0,77.0,1016.0,0.42034737521099047,71.93915752520559,97.65516301344215
d3582458,Restaurante Churrasqueira Santo Antonio,Lisbon,Seafood,1.0,4.0,101.0,1017.0,0.4323623679078629,71.93915752520559,97.65516301344215
d10325951,Rui Dos Pregos,Lisbon,Mediterranean,1.0,4.0,118.0,1018.0,0.4392663371225262,71.93915752520559,97.65516301344215
d5786983,Planeta dos temperos,Lisbon,European,1.0,4.5,85.0,1019.0,0.4622196377808013,71.93915752520559,97.65516301344215
d12213219,Swayambhu House,Lisbon,Indian,1.0,4.5,22.0,1020.0,0.4031492019800779,71.93915752520559,97.65516301344215
d3460331,A Cartuxinha,Lisbon,African,1.0,4.0,91.0,1021.0,0.42773969031452147,71.93915752520559,97.65516301344215
d5963116,Peixe Azul,Lisbon,Unknown,1.0,4.5,25.0,1022.0,0.40863986504743116,71.93915752520559,97.65516301344215
d10262361,Querido Bistro,Lisbon,Mediterranean,1.0,4.5,27.0,1023.0,0.4119588020421703,71.93915752520559,97.65516301344215
d9846447,Fado em Si,Lisbon,Mediterranean,1.0,4.0,104.0,1024.0,0.43365867445518036,71.93915752520559,97.65516301344215
d3567296,O das Joanas Cafe,Lisbon,Cafe,1.0,4.0,97.0,1025.0,0.4305682649259658,71.93915752520559,97.65516301344215
d10157380,Wurst - Salsicharia Austriaca,Lisbon,German,1.0,4.5,25.0,1026.0,0.40863872032591664,71.93915752520559,97.65516301344215
d2475367,Queijadas de Belem,Lisbon,European,1.0,3.5,292.0,1027.0,0.4421208676686678,71.93915752520559,97.65516301344215
d2617356,Vela Latina,Lisbon,Mediterranean,1.0,3.5,328.0,1028.0,0.4473109662543694,71.93915752520559,97.65516301344215
d6787790,Imperial de Campo de Ourique,Lisbon,European,1.0,5.0,21.0,1029.0,0.43865567760709523,71.93915752520559,97.65516301344215
d5959963,O Maravilhas,Lisbon,Portuguese,1.0,4.5,26.0,1030.0,0.41032793708923027,71.93915752520559,97.65516301344215
d802958,O Caracol,Lisbon,Mediterranean,1.0,4.0,115.0,1031.0,0.4381190085029866,71.93915752520559,97.65516301344215
d8700233,Taberna dos gordos,Lisbon,Mediterranean,1.0,4.5,49.0,1032.0,0.43792575051600063,71.93915752520559,97.65516301344215
d8633258,Nova Alfama,Lisbon,European,1.0,4.5,30.0,1033.0,0.416514710319954,71.93915752520559,97.65516301344215
d9814586,El Bulo Social Club,Lisbon,Peruvian,1.0,4.0,110.0,1034.0,0.4361447599394623,71.93915752520559,97.65516301344215
d10692057,El Chanta,Lisbon,Bar,1.0,4.5,18.0,1035.0,0.3945877599751215,71.93915752520559,97.65516301344215
d13004877,Sabores Autenticos,Lisbon,European,1.0,5.0,12.0,1036.0,0.415090508955065,71.93915752520559,97.65516301344215
d2615827,Il Pizzarium,Lisbon,Italian,1.0,4.0,98.0,1037.0,0.4310195919802725,71.93915752520559,97.65516301344215
d4740859,Ori Asian Food,Lisbon,Japanese,1.0,4.0,81.0,1038.0,0.4225810333875729,71.93915752520559,97.65516301344215
d3936621,Cafe Buenos Aires na Fabrica,Lisbon,European,1.0,4.0,101.0,1039.0,0.43235612014854574,71.93915752520559,97.65516301344215
d3148921,solar do embaixador,Lisbon,Portuguese,1.0,4.5,48.0,1040.0,0.43701865416150515,71.93915752520559,97.65516301344215
d7626419,Restaurante Os Compadres,Lisbon,European,1.0,4.0,74.0,1041.0,0.4185836245440759,71.93915752520559,97.65516301344215
d12430790,A Talisca,Lisbon,European,1.0,5.0,12.0,1042.0,0.4150888410862578,71.93915752520559,97.65516301344215
d2345993,conquistar,Lisbon,European,1.0,3.5,169.0,1043.0,0.4177343955000062,71.93915752520559,97.65516301344215
d8663012,Maria do Carmo,Lisbon,Portuguese,1.0,4.0,101.0,1044.0,0.43235473692596965,71.93915752520559,97.65516301344215
d3611868,Restaurante Adega do Silva,Lisbon,Mediterranean,1.0,4.5,62.0,1045.0,0.44827340247007436,71.93915752520559,97.65516301344215
d9802199,Vegana Burgers,Lisbon,Fast Food,1.0,4.0,50.0,1046.0,0.4013087990995488,71.93915752520559,97.65516301344215
d8374813,Cozinha Da Felicidade,Lisbon,Portuguese,1.0,4.0,140.0,1047.0,0.4468560216846053,71.93915752520559,97.65516301344215
d1940830,Ristorante Caffetteria Museu Nacional do Azulejo,Lisbon,Portuguese,1.0,4.0,80.0,1048.0,0.42202870932993336,71.93915752520559,97.65516301344215
d12966226,Tribo Tapiocaria Tapas Bar,Lisbon,Brazilian,1.0,4.5,28.0,1049.0,0.4135232377016948,71.93915752520559,97.65516301344215
d7648926,Sakura,Lisbon,Japanese,1.0,4.0,105.0,1050.0,0.4340759617637991,71.93915752520559,97.65516301344215
d11872905,Padaria do Bairro,Lisbon,Cafe,1.0,4.0,51.0,1051.0,0.40217715146926625,71.93915752520559,97.65516301344215
d4736011,Da Vinci,Lisbon,Italian,1.0,4.0,163.0,1052.0,0.4536225743542357,71.93915752520559,97.65516301344215
d4777879,Parreirinha de Sao Vicente,Lisbon,European,1.0,4.5,72.0,1053.0,0.45486975155204906,71.93915752520559,97.65516301344215
d10701617,Papa Migas,Lisbon,Portuguese,1.0,4.5,61.0,1054.0,0.447554310720631,71.93915752520559,97.65516301344215
d13415370,Refeitorio do Senhor Abel,Lisbon,Italian,1.0,4.5,13.0,1055.0,0.380904516466002,71.93915752520559,97.65516301344215
d7283619,Adega Do Rossio,Lisbon,European,1.0,4.5,43.0,1056.0,0.4321936095607755,71.93915752520559,97.65516301344215
d4895389,Restaurante Estrela da Se,Lisbon,Portuguese,1.0,4.0,71.0,1057.0,0.4167508836286796,71.93915752520559,97.65516301344215
d11825538,Masstige Avenidas,Lisbon,European,1.0,4.0,34.0,1058.0,0.3844434808659405,71.93915752520559,97.65516301344215
d4450007,Museu Da Cerveja,Lisbon,Bar,1.0,3.5,231.0,1059.0,0.4316567011602559,71.93915752520559,97.65516301344215
d3753222,Esplanada Do Principe Real,Lisbon,Cafe,1.0,3.5,193.0,1060.0,0.4236446078368423,71.93915752520559,97.65516301344215
d9711235,Despensa Transmontana,Lisbon,Portuguese,1.0,4.0,42.0,1061.0,0.3936625922444743,71.93915752520559,97.65516301344215
d11715109,Invicta Madragoa,Lisbon,European,1.0,4.5,39.0,1062.0,0.4279231538162687,71.93915752520559,97.65516301344215
d7382292,Restaurante Sabor Do Bairro,Lisbon,Seafood,1.0,4.0,196.0,1063.0,0.46183112203023774,71.93915752520559,97.65516301344215
d7294452,Up to Sushi,Lisbon,Japanese,1.0,4.0,151.0,1064.0,0.4502160223841528,71.93915752520559,97.65516301344215
d4893664,Adega Friagem,Lisbon,Portuguese,1.0,4.0,73.0,1065.0,0.41797592447033327,71.93915752520559,97.65516301344215
d10397687,Monte Cuche,Lisbon,European,1.0,4.5,26.0,1066.0,0.4103180981974919,71.93915752520559,97.65516301344215
d6701528,Nui Sushi,Lisbon,Japanese,1.0,4.0,96.0,1067.0,0.430097362366002,71.93915752520559,97.65516301344215
d3607143,Ena pai,Lisbon,Mediterranean,1.0,3.5,181.0,1068.0,0.4207826419301088,71.93915752520559,97.65516301344215
d6673445,Novo Edmundo,Lisbon,European,1.0,4.0,81.0,1069.0,0.42257264989960036,71.93915752520559,97.65516301344215
d7238265,Don Castellana Ristorante,Lisbon,Italian,1.0,4.5,79.0,1070.0,0.4589664294440629,71.93915752520559,97.65516301344215
d7345341,Restaurante o Arco,Lisbon,Mediterranean,1.0,4.0,67.0,1071.0,0.4141871027586841,71.93915752520559,97.65516301344215
d12500045,Delidelux Avenida,Lisbon,European,1.0,4.5,22.0,1072.0,0.4031349312399711,71.93915752520559,97.65516301344215
d5959236,Restaurante Everest Montanha,Lisbon,Indian,1.0,4.0,85.0,1073.0,0.4247048174477203,71.93915752520559,97.65516301344215
d3488670,Restaurante O Pedroucos,Lisbon,Seafood,1.0,4.0,57.0,1074.0,0.40706196710531223,71.93915752520559,97.65516301344215
d3845468,Santos da Lapa,Lisbon,Mediterranean,1.0,4.5,66.0,1075.0,0.45102250691386103,71.93915752520559,97.65516301344215
d1994807,wok to walk,Lisbon,Fast Food,1.0,4.0,110.0,1076.0,0.4361334319042373,71.93915752520559,97.65516301344215
d6673137,Parreirinha Do Paraiso,Lisbon,Mediterranean,1.0,4.5,43.0,1077.0,0.4321880686930353,71.93915752520559,97.65516301344215
d8529640,Casa Do Gelado,Lisbon,Unknown,1.0,4.5,22.0,1078.0,0.4031333732099751,71.93915752520559,97.65516301344215
d7623431,A Rampa,Lisbon,European,1.0,4.5,38.0,1079.0,0.4267847419586464,71.93915752520559,97.65516301344215
d2703359,A Mourisca,Lisbon,Seafood,1.0,4.0,167.0,1080.0,0.45469448494388676,71.93915752520559,97.65516301344215
d3490833,Konceito,Lisbon,Indian,1.0,4.5,56.0,1081.0,0.44378119857836046,71.93915752520559,97.65516301344215
d1016236,Nood,Lisbon,Japanese,1.0,3.5,289.0,1082.0,0.4416450604372656,71.93915752520559,97.65516301344215
d8529951,Tsubaki,Lisbon,Japanese,1.0,4.0,64.0,1083.0,0.4121630977652321,71.93915752520559,97.65516301344215
d12201024,Wine District,Lisbon,Portuguese,1.0,4.5,22.0,1084.0,0.40313183242754363,71.93915752520559,97.65516301344215
d2666372,Adega Dantas,Lisbon,European,1.0,3.5,184.0,1085.0,0.4215105015592798,71.93915752520559,97.65516301344215
d7312272,Altis Avenida,Lisbon,European,4.0,4.0,52.0,1086.0,0.4030210997831581,71.93915752520559,97.65516301344215
d697272,Tapadinha,Lisbon,European,1.0,4.0,99.0,1087.0,0.43145642608390167,71.93915752520559,97.65516301344215
d2054064,Restaurante Maharaja,Lisbon,Indian,1.0,4.5,42.0,1088.0,0.4311555735296769,71.93915752520559,97.65516301344215
d3574434,Restaurante Paquiderme,Lisbon,Mediterranean,1.0,4.0,99.0,1089.0,0.43145591908072284,71.93915752520559,97.65516301344215
d3617204,O Apeadeiro,Lisbon,European,1.0,4.0,92.0,1090.0,0.428205295508417,71.93915752520559,97.65516301344215
d9580193,A Padaria Portuguesa,Lisbon,Cafe,1.0,4.0,47.0,1091.0,0.398581648254752,71.93915752520559,97.65516301344215
d8546015,Calcada,Lisbon,Portuguese,1.0,4.5,45.0,1092.0,0.4341751926292192,71.93915752520559,97.65516301344215
d5494255,Pop Out,Lisbon,Mediterranean,1.0,4.5,59.0,1093.0,0.4460755276502531,71.93915752520559,97.65516301344215
d9569045,O Conde,Lisbon,European,1.0,4.5,26.0,1094.0,0.4103108934027088,71.93915752520559,97.65516301344215
d804034,Cantinho Da Paz,Lisbon,Indian,1.0,4.0,69.0,1095.0,0.4154792852551502,71.93915752520559,97.65516301344215
d12325818,Ma Lingua,Lisbon,Bar,1.0,5.0,14.0,1096.0,0.4214839996706549,71.93915752520559,97.65516301344215
d11739323,Aldeia Restaurante Bairro Alto,Lisbon,Mediterranean,1.0,4.0,57.0,1097.0,0.4070561090288286,71.93915752520559,97.65516301344215
d5958865,Restaurante Jaguar,Lisbon,Mediterranean,1.0,4.0,58.0,1098.0,0.4078215029455429,71.93915752520559,97.65516301344215
d12830547,Benformoso Restaurante & Bar,Lisbon,Asian,1.0,5.0,13.0,1099.0,0.4183931286449266,71.93915752520559,97.65516301344215
d2372210,Estufa Real,Lisbon,Mediterranean,4.0,4.5,67.0,1100.0,0.4516797159993028,71.93915752520559,97.65516301344215
d2238952,A Baiuca,Lisbon,Mediterranean,1.0,4.0,196.0,1101.0,0.46182137884131697,71.93915752520559,97.65516301344215
d8570507,"Caffetteria Pollux, Lisbona",Lisbon,European,1.0,4.5,45.0,1102.0,0.4341726989885196,71.93915752520559,97.65516301344215
d3813375,Velocite Cafe,Lisbon,Cafe,1.0,4.0,94.0,1103.0,0.42915504475929356,71.93915752520559,97.65516301344215
d4570339,Tapas & Friends,Lisbon,European,1.0,4.0,80.0,1104.0,0.42201418501084537,71.93915752520559,97.65516301344215
d3244321,Toscana,Lisbon,Mediterranean,1.0,4.5,87.0,1105.0,0.4632263967143211,71.93915752520559,97.65516301344215
d4108496,Marques de Pombal,Lisbon,Mediterranean,1.0,4.5,53.0,1106.0,0.44135330554699426,71.93915752520559,97.65516301344215
d12368238,Friends Bairro Alto,Lisbon,Bar,1.0,5.0,13.0,1107.0,0.4183911553918701,71.93915752520559,97.65516301344215
d13360466,Mae Restaurante,Lisbon,European,1.0,5.0,8.0,1108.0,0.3986016513774155,71.93915752520559,97.65516301344215
d2326257,Portas Do Sol,Lisbon,Bar,1.0,3.5,323.0,1109.0,0.44660373600744824,71.93915752520559,97.65516301344215
d4340681,Restaurante O Vitral,Lisbon,European,1.0,4.0,70.0,1110.0,0.41611089793531003,71.93915752520559,97.65516301344215
d11645751,CR7 Coner Bar & Bistro,Lisbon,European,4.0,4.0,58.0,1111.0,0.4078183050441826,71.93915752520559,97.65516301344215
d10766819,Empanaderia El Pibe,Lisbon,South American,1.0,4.0,25.0,1112.0,0.37111610075232165,71.93915752520559,97.65516301344215
d4867467,Restaurante Quionga,Lisbon,Mediterranean,1.0,4.5,40.0,1113.0,0.429016164344417,71.93915752520559,97.65516301344215
d9798642,Tasco do Mitra,Lisbon,Unknown,1.0,4.0,34.0,1114.0,0.38442922297531124,71.93915752520559,97.65516301344215
d10041117,Hamburgueria Do Chef,Lisbon,Unknown,1.0,4.0,52.0,1115.0,0.40301391305172324,71.93915752520559,97.65516301344215
d6225207,Afonso a Torres,Lisbon,European,1.0,5.0,20.0,1116.0,0.4365493572387921,71.93915752520559,97.65516301344215
d9602254,Clube Do Bacalhau,Lisbon,Mediterranean,1.0,4.5,109.0,1117.0,0.4732178619522425,71.93915752520559,97.65516301344215
d799700,Antigo Primeiro de Maio,Lisbon,European,1.0,4.0,159.0,1118.0,0.4524997769278499,71.93915752520559,97.65516301344215
d1772522,Pastelaria Herculano,Lisbon,Cafe,1.0,4.0,61.0,1119.0,0.4100377728050873,71.93915752520559,97.65516301344215
d12251673,Sushic Chiado,Lisbon,Japanese,4.0,4.0,40.0,1120.0,0.3915144792549517,71.93915752520559,97.65516301344215
d10431906,Focca,Lisbon,Italian,1.0,5.0,24.0,1121.0,0.44435727658869123,71.93915752520559,97.65516301344215
d2616675,Pizzaria Divinos Prazeres,Lisbon,Italian,1.0,4.5,83.0,1122.0,0.46113869580696726,71.93915752520559,97.65516301344215
d12685847,"La Tagliatella Parque das Nacoes, Lisboa",Lisbon,Italian,1.0,4.0,50.0,1123.0,0.40128912850916276,71.93915752520559,97.65516301344215
d10358486,Hamburgues Hamburgueres Artesanais,Lisbon,European,1.0,4.0,43.0,1124.0,0.39467641794114233,71.93915752520559,97.65516301344215
d9562216,Taberna,Lisbon,Mediterranean,1.0,4.5,29.0,1125.0,0.4150223300508685,71.93915752520559,97.65516301344215
d4685923,Bella Ciao - Cantina Italiana,Lisbon,Italian,1.0,4.0,126.0,1126.0,0.44215219895671226,71.93915752520559,97.65516301344215
d2140266,O Cantinho Das Gaveas,Lisbon,Seafood,1.0,3.5,242.0,1127.0,0.4337144140027941,71.93915752520559,97.65516301344215
d11881751,Cocktail & Shisha Bar & Lounge,Lisbon,Unknown,1.0,5.0,14.0,1128.0,0.42147623240006504,71.93915752520559,97.65516301344215
d7813930,Cantina Hindu,Lisbon,Indian,1.0,4.0,37.0,1129.0,0.3881090085261141,71.93915752520559,97.65516301344215
d3600046,Restaurante 2Good!,Lisbon,Contemporary,1.0,4.0,70.0,1130.0,0.4161061131034202,71.93915752520559,97.65516301344215
d3512851,Entre Nos - Petiscar e Conversar,Lisbon,European,1.0,4.5,65.0,1131.0,0.45033515351217956,71.93915752520559,97.65516301344215
d7648860,Hamburg The Burger House,Lisbon,Unknown,1.0,4.0,47.0,1132.0,0.398571686157209,71.93915752520559,97.65516301344215
d12581541,Fabrica Pastel Feijao,Lisbon,International,1.0,5.0,19.0,1133.0,0.4343600586966466,71.93915752520559,97.65516301344215
d3812246,O Queque,Lisbon,European,1.0,4.5,33.0,1134.0,0.4206261485505496,71.93915752520559,97.65516301344215
d8461912,The Vintage - Restaurant & Bar,Lisbon,Fusion,1.0,4.0,53.0,1135.0,0.40384637312294985,71.93915752520559,97.65516301344215
d12571848,Mensagem - Restaurant and Panoramic Bar,Lisbon,European,4.0,4.0,29.0,1136.0,0.377519747196368,71.93915752520559,97.65516301344215
d1804273,Restaurante Pabe,Lisbon,European,1.0,4.0,132.0,1137.0,0.4442171736308744,71.93915752520559,97.65516301344215
d6735960,Quatro ao Rato,Lisbon,Cafe,1.0,4.5,38.0,1138.0,0.4267703232483697,71.93915752520559,97.65516301344215
d1552468,Restaurante Cervejaria Barcabela,Lisbon,Seafood,1.0,3.5,143.0,1139.0,0.4102758331695987,71.93915752520559,97.65516301344215
d7649032,Via 14,Lisbon,European,1.0,4.5,28.0,1140.0,0.4135004027991065,71.93915752520559,97.65516301344215
d3330780,Pastelaria Monte Rei,Lisbon,European,1.0,4.5,31.0,1141.0,0.4179092072428315,71.93915752520559,97.65516301344215
d12975498,Pizzaria Luzzo Expo,Lisbon,Italian,1.0,4.5,12.0,1142.0,0.3775636234551387,71.93915752520559,97.65516301344215
d1737021,Destino Restaurante,Lisbon,Mediterranean,1.0,4.0,299.0,1143.0,0.48064867685713597,71.93915752520559,97.65516301344215
d10047368,Carnalentejana,Lisbon,Steakhouse,1.0,4.0,62.0,1144.0,0.4107485522070294,71.93915752520559,97.65516301344215
d2615638,Duk,Lisbon,European,1.0,3.5,126.0,1145.0,0.4046477766604458,71.93915752520559,97.65516301344215
d4458965,Restaurante Goncalo's,Lisbon,Portuguese,1.0,4.5,54.0,1146.0,0.44216567544358326,71.93915752520559,97.65516301344215
d2044245,O Policia,Lisbon,Seafood,1.0,4.0,170.0,1147.0,0.45547100152227954,71.93915752520559,97.65516301344215
d1790769,arco do castelo,Lisbon,Indian,1.0,4.0,138.0,1148.0,0.4461909518569885,71.93915752520559,97.65516301344215
d812162,Vasku's Grill,Lisbon,Steakhouse,1.0,4.0,104.0,1149.0,0.43362679373392116,71.93915752520559,97.65516301344215
d11719569,Di Casa,Lisbon,Italian,1.0,4.0,66.0,1150.0,0.4135043018138425,71.93915752520559,97.65516301344215
d8543169,Pastelaria Coimbra,Lisbon,Cafe,1.0,4.0,69.0,1151.0,0.4154659519845058,71.93915752520559,97.65516301344215
d1045671,Brasuca,Lisbon,Brazilian,1.0,4.0,63.0,1152.0,0.4114520842171791,71.93915752520559,97.65516301344215
d4543147,Adega de Carnide,Lisbon,European,1.0,4.0,63.0,1153.0,0.4114518582963235,71.93915752520559,97.65516301344215
d10186830,Sushisan,Lisbon,Japanese,1.0,4.0,86.0,1154.0,0.42520298556405817,71.93915752520559,97.65516301344215
d12361298,Dhan Shiri Restaurant,Lisbon,Indian,1.0,5.0,13.0,1155.0,0.41837988991078395,71.93915752520559,97.65516301344215
d2615141,La Gondola,Lisbon,European,1.0,4.0,377.0,1156.0,0.49099699370412747,71.93915752520559,97.65516301344215
d2239134,Tasca Urso,Lisbon,Mediterranean,1.0,4.0,153.0,1157.0,0.45077883849138145,71.93915752520559,97.65516301344215
d10068586,Amigos Da Montanha Nepal,Lisbon,Unknown,1.0,4.5,19.0,1158.0,0.3968543407559088,71.93915752520559,97.65516301344215
d5011054,Brasa das Gravatas,Lisbon,European,1.0,4.0,75.0,1159.0,0.41914751686839685,71.93915752520559,97.65516301344215
d11908395,Paraguas Bar,Lisbon,European,1.0,5.0,10.0,1160.0,0.4075773560069573,71.93915752520559,97.65516301344215
d6847182,Aldea Restaurante,Lisbon,Seafood,1.0,4.0,226.0,1161.0,0.4681559718673693,71.93915752520559,97.65516301344215
d3522436,O Bitoque,Lisbon,Mediterranean,1.0,4.0,36.0,1162.0,0.3869070153208507,71.93915752520559,97.65516301344215
d9747419,Restaurante Das Flores,Lisbon,Unknown,1.0,5.0,21.0,1163.0,0.4386220769462227,71.93915752520559,97.65516301344215
d8498075,Lob Lobster & Secrets,Lisbon,Seafood,1.0,4.5,34.0,1164.0,0.4219176520006198,71.93915752520559,97.65516301344215
d5977294,Pizzeria Tavola Calda,Lisbon,Mediterranean,1.0,4.0,62.0,1165.0,0.41074382390232983,71.93915752520559,97.65516301344215
d12700473,SUD Lisboa,Lisbon,Mediterranean,1.0,3.5,190.0,1166.0,0.42292084697648435,71.93915752520559,97.65516301344215
d6481588,O Carvoeiro de 1900,Lisbon,Seafood,1.0,4.0,104.0,1167.0,0.43362276545317224,71.93915752520559,97.65516301344215
d7763865,Restaurante Maizakura,Lisbon,Japanese,1.0,4.0,77.0,1168.0,0.4203089385947447,71.93915752520559,97.65516301344215
d6883153,Restaurante Sem Palavras,Lisbon,Seafood,1.0,4.0,67.0,1169.0,0.4141636139925325,71.93915752520559,97.65516301344215
d12795921,Lumni - Restaunte & Bar,Lisbon,Mediterranean,1.0,4.5,13.0,1170.0,0.3808765590113282,71.93915752520559,97.65516301344215
d9789324,Taberna da Saudade - Bairro Alto,Lisbon,European,1.0,4.0,110.0,1171.0,0.436110806697858,71.93915752520559,97.65516301344215
d1419349,Cafe A Brasileira,Lisbon,Bar,1.0,3.5,2354.0,1172.0,0.535430578176094,71.93915752520559,97.65516301344215
d8624692,Casa Independente,Lisbon,Bar,1.0,4.5,47.0,1173.0,0.436062420472282,71.93915752520559,97.65516301344215
d10051299,Montana Lisboa Cafe,Lisbon,Cafe,1.0,4.5,43.0,1174.0,0.4321650475944563,71.93915752520559,97.65516301344215
d2622116,Restaurante Santa Maria,Lisbon,European,1.0,4.0,76.0,1175.0,0.41972947706077685,71.93915752520559,97.65516301344215
d11870576,POLPETTA - almondegaria artesanal,Lisbon,Italian,1.0,4.5,14.0,1176.0,0.38396537407281184,71.93915752520559,97.65516301344215
d10195314,Restaurante O CUBO,Lisbon,Mediterranean,1.0,4.5,47.0,1177.0,0.4360615510642925,71.93915752520559,97.65516301344215
d10049262,A Padaria Portuguesa,Lisbon,Unknown,1.0,4.0,37.0,1178.0,0.3880979526043159,71.93915752520559,97.65516301344215
d11619655,Restaurante ArdeMar,Lisbon,Mediterranean,1.0,4.0,57.0,1179.0,0.40703708372810365,71.93915752520559,97.65516301344215
d9792505,Girasol,Lisbon,European,1.0,4.0,28.0,1180.0,0.37599147979191144,71.93915752520559,97.65516301344215
d2616936,Sakura Picoas,Lisbon,Japanese,1.0,3.5,80.0,1181.0,0.38449646312785984,71.93915752520559,97.65516301344215
d2622113,Sabores de Goa (Taste of Goa),Lisbon,Indian,1.0,4.0,77.0,1182.0,0.42030589556759695,71.93915752520559,97.65516301344215
d9697464,T'Chef,Lisbon,European,1.0,4.0,51.0,1183.0,0.40214529302376534,71.93915752520559,97.65516301344215
d5786719,Nau do Restelo,Lisbon,Unknown,1.0,4.5,42.0,1184.0,0.43113321059754484,71.93915752520559,97.65516301344215
d7809846,Very Important Picanha,Lisbon,European,1.0,4.5,53.0,1185.0,0.44133521749805094,71.93915752520559,97.65516301344215
d2605378,Reviravolta,Lisbon,European,1.0,4.0,69.0,1186.0,0.41545825809150644,71.93915752520559,97.65516301344215
d7294523,Tasca Do Alfredo,Lisbon,Mediterranean,1.0,4.5,36.0,1187.0,0.4244015762931313,71.93915752520559,97.65516301344215
d8629397,Areperia Restaurante Aripo,Lisbon,Venezuelan,1.0,4.5,23.0,1188.0,0.40501380214000915,71.93915752520559,97.65516301344215
d9778601,Mercearia Do Campo,Lisbon,Brew Pub,1.0,4.5,36.0,1189.0,0.42440115105173787,71.93915752520559,97.65516301344215
d5958887,restaurante o cartacheiro,Lisbon,Unknown,1.0,4.5,32.0,1190.0,0.41927661058397564,71.93915752520559,97.65516301344215
d3781342,Tasca Bela,Lisbon,Mediterranean,1.0,4.0,121.0,1191.0,0.44033865641865966,71.93915752520559,97.65516301344215
d3335516,Oishi,Lisbon,Japanese,1.0,4.5,73.0,1192.0,0.45544590410533337,71.93915752520559,97.65516301344215
d10719523,Balcao da Esquina,Lisbon,Seafood,1.0,4.0,84.0,1193.0,0.42415283258663034,71.93915752520559,97.65516301344215
d12269432,Quanjude,Lisbon,Vegetarian Friendly,1.0,4.0,23.0,1194.0,0.3675125328274025,71.93915752520559,97.65516301344215
d10070015,Choco Louco,Lisbon,Mediterranean,1.0,4.5,28.0,1195.0,0.4134882876700906,71.93915752520559,97.65516301344215
d9792863,100 Montaditos - Cais do Sodre,Lisbon,Spanish,1.0,4.0,60.0,1196.0,0.4092922148468234,71.93915752520559,97.65516301344215
d10130292,Restaurante O Adamastor,Lisbon,Mediterranean,1.0,4.0,27.0,1197.0,0.37441616200499467,71.93915752520559,97.65516301344215
d2312942,Taberna Gourmet,Lisbon,Mediterranean,1.0,4.0,39.0,1198.0,0.39039107667298545,71.93915752520559,97.65516301344215
d713303,Haweli Tandoori,Lisbon,Indian,1.0,4.0,63.0,1199.0,0.4114418733105189,71.93915752520559,97.65516301344215
d8590718,Macau Dim Sum,Lisbon,Chinese,1.0,4.0,43.0,1200.0,0.39465950947759715,71.93915752520559,97.65516301344215
d3382827,Vitaminas Garrett,Lisbon,Fast Food,1.0,4.0,100.0,1201.0,0.43187588755754963,71.93915752520559,97.65516301344215
d10542600,Lotus Bar & Bistro,Lisbon,Bar,1.0,4.5,47.0,1202.0,0.43605624836269263,71.93915752520559,97.65516301344215
d2616928,Sakura Infante Santo,Lisbon,Japanese,1.0,4.0,45.0,1203.0,0.39664983709159146,71.93915752520559,97.65516301344215
d6940935,Pitcher Cocktails,Lisbon,Unknown,1.0,4.5,36.0,1204.0,0.42439800677307915,71.93915752520559,97.65516301344215
d10484140,San Telmo,Lisbon,European,1.0,4.5,13.0,1205.0,0.38086910940632135,71.93915752520559,97.65516301344215
d4504747,Ruxa Restaurante,Lisbon,Mediterranean,1.0,4.5,32.0,1206.0,0.4192732650624854,71.93915752520559,97.65516301344215
d7722814,Dona Ema,Lisbon,European,1.0,4.5,40.0,1207.0,0.4289951670407242,71.93915752520559,97.65516301344215
d6553443,Yokohama,Lisbon,Chinese,1.0,4.0,76.0,1208.0,0.41972250040574305,71.93915752520559,97.65516301344215
d12186367,Pastelaria Nata Fina,Lisbon,European,1.0,4.5,30.0,1209.0,0.41647242163735915,71.93915752520559,97.65516301344215
d7223451,Sushi Santos,Lisbon,Japanese,1.0,4.0,117.0,1210.0,0.43884159422046626,71.93915752520559,97.65516301344215
d2316115,Restaurante Museu do Oriente,Lisbon,European,1.0,4.0,56.0,1211.0,0.40625139889663003,71.93915752520559,97.65516301344215
d3574518,Pizza na Brasa,Lisbon,Italian,1.0,4.0,44.0,1212.0,0.39566357092624427,71.93915752520559,97.65516301344215
d4782965,Hotdog Lovers,Lisbon,Fast Food,1.0,4.0,66.0,1213.0,0.4134907492950325,71.93915752520559,97.65516301344215
d7214378,O Velho Mirante,Lisbon,European,1.0,4.5,37.0,1214.0,0.4255903986103415,71.93915752520559,97.65516301344215
d1151321,Galeto,Lisbon,Bar,1.0,3.5,328.0,1215.0,0.44726603895386313,71.93915752520559,97.65516301344215
d3419102,Vitaminas Restauradores,Lisbon,Fast Food,1.0,4.0,185.0,1216.0,0.45922215724241944,71.93915752520559,97.65516301344215
d8595804,Confeitaria Lisboa,Lisbon,Unknown,1.0,4.0,31.0,1217.0,0.38039278337353766,71.93915752520559,97.65516301344215
d11957123,Nepon Restaurante,Lisbon,Indian,1.0,4.5,22.0,1218.0,0.4031013768851537,71.93915752520559,97.65516301344215
d6651104,Trincas,Lisbon,Mediterranean,1.0,4.5,68.0,1219.0,0.4523069509563443,71.93915752520559,97.65516301344215
d7653322,Tasca Do Joao,Lisbon,Mediterranean,1.0,4.0,45.0,1220.0,0.39664636123720864,71.93915752520559,97.65516301344215
d2363165,Restaurante Himalaia,Lisbon,Indian,1.0,4.0,107.0,1221.0,0.4348731394181835,71.93915752520559,97.65516301344215
d6676706,Cervejaria Europa,Lisbon,Mediterranean,1.0,4.0,56.0,1222.0,0.4062491683287372,71.93915752520559,97.65516301344215
d1048084,Deli Delux,Lisbon,Cafe,1.0,3.5,202.0,1223.0,0.4256379620277228,71.93915752520559,97.65516301344215
d10212303,Restaurante Rosa & wine,Lisbon,European,1.0,4.5,85.0,1224.0,0.4621703162701781,71.93915752520559,97.65516301344215
d9993992,Frutalmeidas,Lisbon,Unknown,1.0,4.0,40.0,1225.0,0.39149151389281117,71.93915752520559,97.65516301344215
d10468925,Petiscaria Do Elevador,Lisbon,Unknown,1.0,5.0,13.0,1226.0,0.41836484380867467,71.93915752520559,97.65516301344215
d7398277,O Saboroso,Lisbon,European,1.0,4.0,66.0,1227.0,0.41348792662064476,71.93915752520559,97.65516301344215
d1901942,O Cardo,Lisbon,Seafood,1.0,3.5,199.0,1228.0,0.4249701165100218,71.93915752520559,97.65516301344215
d6424447,Maxi-Serve,Lisbon,European,1.0,5.0,28.0,1229.0,0.4509813406710425,71.93915752520559,97.65516301344215
d3177624,Quotidiano,Lisbon,Mediterranean,1.0,4.0,78.0,1230.0,0.4208665568124728,71.93915752520559,97.65516301344215
d12951829,The Paleo Kitchen,Lisbon,Healthy,1.0,4.0,26.0,1231.0,0.37278036646062623,71.93915752520559,97.65516301344215
d7260774,Dona Quiteria,Lisbon,Mediterranean,1.0,4.0,133.0,1232.0,0.44453232230970463,71.93915752520559,97.65516301344215
d3454180,Petiscos no Bairro,Lisbon,Mediterranean,1.0,3.5,337.0,1233.0,0.44847120616618863,71.93915752520559,97.65516301344215
d1202423,Malmequer Bemmequer,Lisbon,Seafood,1.0,4.0,261.0,1234.0,0.4745631812641685,71.93915752520559,97.65516301344215
d8655405,Cafe Com Calma,Lisbon,Vegetarian Friendly,1.0,4.0,31.0,1235.0,0.38038918958036105,71.93915752520559,97.65516301344215
d10466969,Miyagi Sushi,Lisbon,Japanese,1.0,4.0,32.0,1236.0,0.38176722566537763,71.93915752520559,97.65516301344215
d2590471,Associacao Regional de Vela do Centro,Lisbon,Seafood,1.0,4.0,90.0,1237.0,0.42719886671741203,71.93915752520559,97.65516301344215
d2175862,Pastelaria Snack- Bar Pombalina,Lisbon,Portuguese,1.0,4.0,35.0,1238.0,0.38566398841646443,71.93915752520559,97.65516301344215
d6692315,Pastelaria o Preto Dos Anjos - Estab. De Alimentacao,Lisbon,Unknown,1.0,4.5,26.0,1239.0,0.41027879248233484,71.93915752520559,97.65516301344215
d12873745,A Bicicleta,Lisbon,Unknown,1.0,4.5,18.0,1240.0,0.39453982749105276,71.93915752520559,97.65516301344215
d3747466,The Great American Disaster,Lisbon,American,1.0,3.5,407.0,1241.0,0.45689988534063036,71.93915752520559,97.65516301344215
d1804276,Jardim do Graca,Lisbon,Portuguese,1.0,4.5,50.0,1242.0,0.4387635259298739,71.93915752520559,97.65516301344215
d3540256,Varina da Madragoa,Lisbon,Portuguese,1.0,4.0,99.0,1243.0,0.43142177937109577,71.93915752520559,97.65516301344215
d10150632,Koppu Ramen Concept Food,Lisbon,Japanese,1.0,4.0,74.0,1244.0,0.418536585007063,71.93915752520559,97.65516301344215
d4715035,Restaurante Cervejaria Solar do Kadete,Lisbon,Mediterranean,1.0,3.5,104.0,1245.0,0.3961066555657434,71.93915752520559,97.65516301344215
d2615483,Chez Degroote,Lisbon,Mediterranean,1.0,4.0,145.0,1246.0,0.44837099809710373,71.93915752520559,97.65516301344215
d12340673,Sushisan,Lisbon,Japanese,1.0,4.5,15.0,1247.0,0.38684146311717826,71.93915752520559,97.65516301344215
d2405488,Lobby Bar,Lisbon,Bar,1.0,4.5,51.0,1248.0,0.4396320815235201,71.93915752520559,97.65516301344215
d697291,Clara,Lisbon,Mediterranean,4.0,4.5,62.0,1249.0,0.4482265006658966,71.93915752520559,97.65516301344215
d5959254,Restaurante Solar do Duque,Lisbon,Mediterranean,1.0,3.5,605.0,1250.0,0.47461725750332906,71.93915752520559,97.65516301344215
d5568809,Flor do Duque,Lisbon,Mediterranean,1.0,4.0,63.0,1251.0,0.41143147015810344,71.93915752520559,97.65516301344215
d3948764,Taste of Pakistan,Lisbon,Pakistani,1.0,4.5,56.0,1252.0,0.4437432841774486,71.93915752520559,97.65516301344215
d8804442,Restaurante Clube Naval de Lisboa,Lisbon,Portuguese,1.0,4.0,84.0,1253.0,0.424140787835078,71.93915752520559,97.65516301344215
d13330018,Union Empanadas,Lisbon,Argentinean,1.0,5.0,7.0,1254.0,0.39329473157973077,71.93915752520559,97.65516301344215
d11777784,Myiced Baixa Pombalina,Lisbon,International,1.0,4.5,11.0,1255.0,0.3739549288441548,71.93915752520559,97.65516301344215
d7008523,Noori,Lisbon,Japanese,1.0,4.0,51.0,1256.0,0.4021305499992878,71.93915752520559,97.65516301344215
d2037703,Restaurante Alfassador,Lisbon,Mediterranean,1.0,3.5,283.0,1257.0,0.44067005912411233,71.93915752520559,97.65516301344215
d9771181,Tasquinha Dim Sum,Lisbon,Unknown,1.0,4.5,19.0,1258.0,0.3968337416244112,71.93915752520559,97.65516301344215
d2484635,Relicario,Lisbon,Mediterranean,1.0,3.5,199.0,1259.0,0.42496409956965303,71.93915752520559,97.65516301344215
d8342473,Confeitaria Vitoria,Lisbon,Unknown,1.0,4.5,25.0,1260.0,0.4085844032900547,71.93915752520559,97.65516301344215
d9864530,Rose Iranian Restaurant,Lisbon,Asian,1.0,4.5,79.0,1261.0,0.45892395060750224,71.93915752520559,97.65516301344215
d2507198,Adega Bate Fundo,Lisbon,Portuguese,1.0,4.5,46.0,1262.0,0.43510141732407803,71.93915752520559,97.65516301344215
d13002571,El Gordo Sul Americano,Lisbon,South American,1.0,4.0,21.0,1263.0,0.36360164757287694,71.93915752520559,97.65516301344215
d7359587,Pub Lisboeta,Lisbon,Bar,1.0,4.0,47.0,1264.0,0.39854400281375113,71.93915752520559,97.65516301344215
d3384297,Restaurante Os Unidos,Lisbon,European,1.0,4.5,35.0,1265.0,0.4231588148419989,71.93915752520559,97.65516301344215
d4308880,Cafetaria El Corte Ingles,Lisbon,European,1.0,4.0,363.0,1266.0,0.48928408629603487,71.93915752520559,97.65516301344215
d8772933,Farm Food Ink Cafe,Lisbon,Cafe,1.0,4.0,34.0,1267.0,0.3843966941982829,71.93915752520559,97.65516301344215
d3294087,Parreirinha do Duque,Lisbon,European,1.0,4.0,39.0,1268.0,0.3903772486504414,71.93915752520559,97.65516301344215
d7734323,Cervejaria Portugalia - Vasco da Gama,Lisbon,Mediterranean,1.0,3.5,125.0,1269.0,0.40426810235293636,71.93915752520559,97.65516301344215
d4985932,Cafe do Paco,Lisbon,European,1.0,4.5,31.0,1270.0,0.4178824932715091,71.93915752520559,97.65516301344215
d7374420,Mascote do Sacramento,Lisbon,European,1.0,4.5,26.0,1271.0,0.410272694709631,71.93915752520559,97.65516301344215
d11896553,Restaurante Comendador Silva,Lisbon,Seafood,1.0,4.5,34.0,1272.0,0.421895763209628,71.93915752520559,97.65516301344215
d4858697,Naturalliving,Lisbon,International,1.0,4.5,46.0,1273.0,0.43509936264954946,71.93915752520559,97.65516301344215
d12833117,Organic Caffe Chiado,Lisbon,International,1.0,4.5,19.0,1274.0,0.39683074585746936,71.93915752520559,97.65516301344215
d10532350,Oh Pereira,Lisbon,Unknown,1.0,4.5,22.0,1275.0,0.4030903626208681,71.93915752520559,97.65516301344215
d1988519,Grill D.Fernando,Lisbon,European,4.0,4.0,69.0,1276.0,0.4154404119120213,71.93915752520559,97.65516301344215
d6110039,Aromas da Beira Baixa,Lisbon,European,1.0,4.5,38.0,1277.0,0.42674162074666394,71.93915752520559,97.65516301344215
d6578755,Restaurant Cantinho Do Alfredo,Lisbon,European,1.0,4.5,22.0,1278.0,0.40308981013862205,71.93915752520559,97.65516301344215
d7606103,H3 Hamburgology,Lisbon,Unknown,1.0,4.0,57.0,1279.0,0.4070171836967384,71.93915752520559,97.65516301344215
d5981432,Restaurante Monte Alto,Lisbon,European,1.0,4.0,44.0,1280.0,0.3956504176350843,71.93915752520559,97.65516301344215
d10353221,Loucos E Sonhadores,Lisbon,Unknown,1.0,5.0,10.0,1281.0,0.4075529207808622,71.93915752520559,97.65516301344215
d11994387,Hamburgues - hamburgueres artesanais,Lisbon,European,1.0,4.5,24.0,1282.0,0.4068236587066693,71.93915752520559,97.65516301344215
d7627114,Lekker by MJ,Lisbon,European,1.0,4.5,62.0,1283.0,0.448220133767304,71.93915752520559,97.65516301344215
d10082356,Food & Booze,Lisbon,Portuguese,1.0,4.5,40.0,1284.0,0.4289802577651577,71.93915752520559,97.65516301344215
d3648301,Casa de Pasto,Lisbon,European,1.0,4.0,148.0,1285.0,0.44927468337997606,71.93915752520559,97.65516301344215
d8806137,Let's Rock Cafe,Lisbon,Unknown,1.0,4.5,19.0,1286.0,0.396828547952252,71.93915752520559,97.65516301344215
d4371487,Guacamole - Gourmet Mexican Grill,Lisbon,Mexican,1.0,4.0,79.0,1287.0,0.42141914312375156,71.93915752520559,97.65516301344215
d969606,Floresta da cidade,Lisbon,Mediterranean,1.0,3.5,182.0,1288.0,0.4209800693404059,71.93915752520559,97.65516301344215
d8327009,Sal e Brasas,Lisbon,Grill,1.0,4.0,56.0,1289.0,0.4062364042701209,71.93915752520559,97.65516301344215
d12484155,A Padaria Portuguesa - p. Real,Lisbon,Unknown,1.0,4.5,14.0,1290.0,0.38394282410481856,71.93915752520559,97.65516301344215
d3977905,Adega Ja Fumega,Lisbon,Portuguese,1.0,4.0,67.0,1291.0,0.4141393558698709,71.93915752520559,97.65516301344215
d4266481,Restaurante Lumbini,Lisbon,Indian,1.0,4.0,37.0,1292.0,0.3880754757693037,71.93915752520559,97.65516301344215
d10693490,Muito BEY,Lisbon,Lebanese,1.0,3.5,91.0,1293.0,0.3901778626634115,71.93915752520559,97.65516301344215
d11910280,Alta Burguesia - Expo,Lisbon,Unknown,1.0,4.5,24.0,1294.0,0.4068214880204205,71.93915752520559,97.65516301344215
d1163802,Sr. Peixe,Lisbon,Seafood,1.0,3.5,374.0,1295.0,0.4531122442980105,71.93915752520559,97.65516301344215
d8660593,Honorato Sushi,Lisbon,Japanese,1.0,4.0,59.0,1296.0,0.40853252363720854,71.93915752520559,97.65516301344215
d5964720,Restaurante Mercado de Alvalade,Lisbon,Unknown,1.0,4.5,29.0,1297.0,0.4149869568745479,71.93915752520559,97.65516301344215
d10481058,Restaurante Os Minhotos,Lisbon,Mediterranean,1.0,4.0,30.0,1298.0,0.3789554029083192,71.93915752520559,97.65516301344215
d697286,Casa do Leao,Lisbon,Mediterranean,4.0,4.0,282.0,1299.0,0.4780043542932412,71.93915752520559,97.65516301344215
d6418282,Queijaria Nacional,Lisbon,European,1.0,4.5,49.0,1300.0,0.43786580594521357,71.93915752520559,97.65516301344215
d8008981,Pastelaria Pomarense,Lisbon,Cafe,1.0,4.5,32.0,1301.0,0.4192550958078508,71.93915752520559,97.65516301344215
d10226471,Restaurante A Ponte,Lisbon,Pizza,1.0,4.5,16.0,1302.0,0.38954661560636145,71.93915752520559,97.65516301344215
d5981508,Restaurante O Balcao da Carlina,Lisbon,Mediterranean,1.0,4.5,31.0,1303.0,0.4178765091016316,71.93915752520559,97.65516301344215
d1850746,La Siesta,Lisbon,Mexican,1.0,3.5,496.0,1304.0,0.4657261016772533,71.93915752520559,97.65516301344215
d1396331,Ho Caldas,Lisbon,Mediterranean,1.0,4.0,136.0,1305.0,0.44551037670731103,71.93915752520559,97.65516301344215
d6491581,Pizza Hut Fontes Pereira de Melo,Lisbon,Pizza,1.0,3.5,90.0,1306.0,0.3896860500733144,71.93915752520559,97.65516301344215
d7648966,Nova Peixaria,Lisbon,Seafood,1.0,3.5,127.0,1307.0,0.4049665807620065,71.93915752520559,97.65516301344215
d4598358,Lisboa Carmo Hotel,Lisbon,European,1.0,4.0,80.0,1308.0,0.4219717922734809,71.93915752520559,97.65516301344215
d697273,Tavares Rico,Lisbon,European,4.0,3.5,292.0,1309.0,0.4420579203654755,71.93915752520559,97.65516301344215
d5977879,Restaurante Papo Cheio,Lisbon,Portuguese,1.0,4.0,67.0,1310.0,0.41413598459492135,71.93915752520559,97.65516301344215
d2413750,Granja Velha,Lisbon,European,1.0,4.0,102.0,1311.0,0.43273316739650175,71.93915752520559,97.65516301344215
d10247498,Adega do Domingos,Lisbon,European,1.0,4.0,22.0,1312.0,0.365583725254128,71.93915752520559,97.65516301344215
d5959160,Restaurante Paco da Rainha,Lisbon,Unknown,1.0,4.5,36.0,1313.0,0.4243773161582811,71.93915752520559,97.65516301344215
d10465905,Solar dos Cortadores,Lisbon,Grill,1.0,4.5,29.0,1314.0,0.4149839635645893,71.93915752520559,97.65516301344215
d11785771,Gosta do Castelo,Lisbon,European,1.0,4.0,75.0,1315.0,0.4191168016561959,71.93915752520559,97.65516301344215
d7002518,Pastelaria Tentacao,Lisbon,Cafe,1.0,4.0,60.0,1316.0,0.40926933609709254,71.93915752520559,97.65516301344215
d9695221,Pastelaria Acoreana,Lisbon,Cafe,1.0,4.5,23.0,1317.0,0.4049890606639833,71.93915752520559,97.65516301344215
d6017506,Cais de Pedra,Lisbon,European,1.0,3.5,47.0,1318.0,0.36103427602718924,71.93915752520559,97.65516301344215
d12173923,Pintas,Lisbon,Mediterranean,1.0,4.5,16.0,1319.0,0.3895436450947653,71.93915752520559,97.65516301344215
d1045676,O Madeirense,Lisbon,European,1.0,4.0,138.0,1320.0,0.44615689137901704,71.93915752520559,97.65516301344215
d7315752,Estrela de Ouro,Lisbon,European,1.0,4.0,30.0,1321.0,0.3789513776993065,71.93915752520559,97.65516301344215
d1821684,Restaurante Sinal Verde,Lisbon,Mediterranean,1.0,4.0,73.0,1322.0,0.41792114848849027,71.93915752520559,97.65516301344215
d2707456,Tao,Lisbon,Vegetarian Friendly,1.0,4.5,50.0,1323.0,0.4387487334260796,71.93915752520559,97.65516301344215
d5786741,Secadegas,Lisbon,European,1.0,4.0,50.0,1324.0,0.4012485621130951,71.93915752520559,97.65516301344215
d2182775,Fenicios,Lisbon,Lebanese,1.0,3.5,132.0,1325.0,0.4066797264078875,71.93915752520559,97.65516301344215
d10094522,Gift in a Jar Cafe,Lisbon,Unknown,1.0,5.0,7.0,1326.0,0.39328173797813865,71.93915752520559,97.65516301344215
d13513258,A Avo Tinha,Lisbon,European,1.0,5.0,6.0,1327.0,0.3873008262018937,71.93915752520559,97.65516301344215
d10834312,Tomas Bar,Lisbon,Bar,1.0,5.0,11.0,1328.0,0.41144178509779455,71.93915752520559,97.65516301344215
d12350495,RD's Restaurante e Cafe',Lisbon,Vegetarian Friendly,1.0,5.0,9.0,1329.0,0.40327560982229405,71.93915752520559,97.65516301344215
d12812252,Snack Chinese dong,Lisbon,Chinese,1.0,5.0,7.0,1330.0,0.3932810573609124,71.93915752520559,97.65516301344215
d12334079,Tairyo,Lisbon,Chinese,1.0,5.0,9.0,1331.0,0.40327527053697365,71.93915752520559,97.65516301344215
d1866280,Cafetaria Mensagem,Lisbon,European,1.0,4.0,158.0,1332.0,0.4521758443660887,71.93915752520559,97.65516301344215
d4211511,D'Avis O Alentejo em Lisboa,Lisbon,Mediterranean,1.0,4.0,107.0,1333.0,0.43485248988111824,71.93915752520559,97.65516301344215
d2076630,Restaurante Guitarras De Lisboa,Lisbon,European,1.0,3.5,230.0,1334.0,0.4314048134595927,71.93915752520559,97.65516301344215
d9695234,Sabeapato Francesinhas,Lisbon,European,1.0,4.5,30.0,1335.0,0.41644899547822917,71.93915752520559,97.65516301344215
d9869009,Pastelaria Braan Cafe,Lisbon,Unknown,1.0,4.0,25.0,1336.0,0.3710708553052922,71.93915752520559,97.65516301344215
d13477749,Fauna & Flora,Lisbon,Cafe,1.0,5.0,6.0,1337.0,0.38729913484296513,71.93915752520559,97.65516301344215
d8126446,Beatus,Lisbon,European,1.0,4.0,74.0,1338.0,0.41851963813814286,71.93915752520559,97.65516301344215
d8624299,Burguerio,Lisbon,Fast Food,1.0,4.0,53.0,1339.0,0.40380609290244085,71.93915752520559,97.65516301344215
d12535682,The Therapist,Lisbon,Mediterranean,1.0,4.5,9.0,1340.0,0.36577375628633296,71.93915752520559,97.65516301344215
d8671784,Churrasqueira de Belem,Lisbon,European,1.0,4.5,23.0,1341.0,0.404984982780624,71.93915752520559,97.65516301344215
d10053839,Restaurante Acacias,Lisbon,Seafood,1.0,4.0,82.0,1342.0,0.42305844932499437,71.93915752520559,97.65516301344215
d3835366,A Cabreira,Lisbon,Unknown,1.0,4.5,24.0,1343.0,0.40681302697743355,71.93915752520559,97.65516301344215
d2325439,Rota do Infante,Lisbon,Mediterranean,1.0,4.0,152.0,1344.0,0.4504509655695838,71.93915752520559,97.65516301344215
d13206312,Tasquinha Serrana,Lisbon,Mediterranean,1.0,4.5,11.0,1345.0,0.37393892904209775,71.93915752520559,97.65516301344215
d6352734,Jardim Mundial restaurant (Hotel Mundial),Lisbon,European,1.0,4.0,88.0,1346.0,0.4261838691281504,71.93915752520559,97.65516301344215
d1148889,Tasca do Manel,Lisbon,Mediterranean,1.0,3.5,201.0,1347.0,0.42539419382074933,71.93915752520559,97.65516301344215
d5963234,Cafe Dias,Lisbon,Unknown,1.0,5.0,9.0,1348.0,0.40327242726054807,71.93915752520559,97.65516301344215
d3532781,A travessa do fado,Lisbon,Mediterranean,1.0,3.5,168.0,1349.0,0.4174048902467039,71.93915752520559,97.65516301344215
d9777647,Cartel 36,Lisbon,Contemporary,1.0,4.0,39.0,1350.0,0.3903628739454399,71.93915752520559,97.65516301344215
d11778636,Arte Do Mercado,Lisbon,European,1.0,4.0,55.0,1351.0,0.4054329737256192,71.93915752520559,97.65516301344215
d7136237,B'Perfect Burguers,Lisbon,Unknown,1.0,4.0,43.0,1352.0,0.3946313954050753,71.93915752520559,97.65516301344215
d4700988,Patio do Bairro,Lisbon,Mediterranean,1.0,4.0,200.0,1353.0,0.4626709273866677,71.93915752520559,97.65516301344215
d6163556,Popular Do Capelo,Lisbon,Portuguese,1.0,4.5,27.0,1354.0,0.4118870933492839,71.93915752520559,97.65516301344215
d2098316,Confeitaria Marques do Pombal,Lisbon,Cafe,1.0,4.0,173.0,1355.0,0.45620980030262503,71.93915752520559,97.65516301344215
d9838724,Cacique,Lisbon,Steakhouse,1.0,4.0,30.0,1356.0,0.37894551437862395,71.93915752520559,97.65516301344215
d12281887,Oasis de anna-purna restaurant,Lisbon,European,1.0,5.0,10.0,1357.0,0.4075398011164801,71.93915752520559,97.65516301344215
d5977382,Leka-Leka,Lisbon,Mediterranean,1.0,4.5,23.0,1358.0,0.40498218148795917,71.93915752520559,97.65516301344215
d4546520,Casa da Amendoeira,Lisbon,European,1.0,4.0,33.0,1359.0,0.3830823370510854,71.93915752520559,97.65516301344215
d12959315,Pesca,Lisbon,International,4.0,4.0,20.0,1360.0,0.36150111529105294,71.93915752520559,97.65516301344215
d10736300,A Padaria Portuguesa,Lisbon,European,1.0,4.0,22.0,1361.0,0.36557549065939265,71.93915752520559,97.65516301344215
d3386074,La Expo Dolce Vita,Lisbon,Italian,1.0,4.0,171.0,1362.0,0.4556908641053149,71.93915752520559,97.65516301344215
d7355530,La em casa,Lisbon,International,1.0,4.5,12.0,1363.0,0.3775210176845638,71.93915752520559,97.65516301344215
d7045083,Vitaminas,Lisbon,Vegetarian Friendly,1.0,4.0,46.0,1364.0,0.3975836359811804,71.93915752520559,97.65516301344215
d12710350,The Couch Coach Sports Bar,Lisbon,Bar,1.0,4.5,17.0,1365.0,0.39209604799605313,71.93915752520559,97.65516301344215
d11826942,Nostrum Restaurante,Lisbon,European,1.0,4.5,18.0,1366.0,0.3945175053282581,71.93915752520559,97.65516301344215
d12271993,Aloha Cafe Lisboa,Lisbon,Healthy,1.0,4.0,20.0,1367.0,0.36149998542040246,71.93915752520559,97.65516301344215
d11950646,Pizzeria Romana al Taglio,Lisbon,Mediterranean,1.0,4.5,105.0,1368.0,0.4715095278507064,71.93915752520559,97.65516301344215
d2280125,Cantina da Estrela,Lisbon,Mediterranean,1.0,4.0,81.0,1369.0,0.4225111352985342,71.93915752520559,97.65516301344215
d2615836,Maritaca,Lisbon,Italian,1.0,4.5,23.0,1370.0,0.4049802459619153,71.93915752520559,97.65516301344215
d7082788,Pizza a Pezzi,Lisbon,Italian,1.0,4.0,74.0,1371.0,0.41851423981991803,71.93915752520559,97.65516301344215
d11859190,Boteco do Largo,Lisbon,Portuguese,1.0,4.5,15.0,1372.0,0.3868195387251702,71.93915752520559,97.65516301344215
d10005260,Wood Sushi in a Box,Lisbon,Japanese,1.0,4.0,30.0,1373.0,0.37894277433924056,71.93915752520559,97.65516301344215
d12477757,Our American Way,Lisbon,American,1.0,5.0,11.0,1374.0,0.41143422005943664,71.93915752520559,97.65516301344215
d7823854,O Regueirao,Lisbon,European,1.0,4.5,37.0,1375.0,0.42556145567318576,71.93915752520559,97.65516301344215
d3451998,Block House Amoreiras,Lisbon,Steakhouse,1.0,4.0,185.0,1376.0,0.45919346225198476,71.93915752520559,97.65516301344215
d5959891,A Tasca do Ze Russo,Lisbon,Unknown,1.0,4.0,41.0,1377.0,0.39254377948673475,71.93915752520559,97.65516301344215
d11857903,C.O.W Beef & Cocktails,Lisbon,Steakhouse,1.0,4.0,43.0,1378.0,0.3946272076087712,71.93915752520559,97.65516301344215
d8643729,Trilogy,Lisbon,Seafood,1.0,3.5,148.0,1379.0,0.4117587650108849,71.93915752520559,97.65516301344215
d7109820,Chez Albano,Lisbon,European,1.0,4.5,30.0,1380.0,0.41644166570949515,71.93915752520559,97.65516301344215
d5979332,Ginjinha Rubi,Lisbon,Unknown,1.0,4.5,31.0,1381.0,0.41786350157814034,71.93915752520559,97.65516301344215
d4763757,Agua de beber,Lisbon,Unknown,1.0,5.0,18.0,1382.0,0.4320149620179541,71.93915752520559,97.65516301344215
d4419517,O Imperador,Lisbon,European,1.0,4.5,26.0,1383.0,0.41025357468697726,71.93915752520559,97.65516301344215
d3370637,La Rucula,Lisbon,Pizza,1.0,3.5,148.0,1384.0,0.41175797885664944,71.93915752520559,97.65516301344215
d2041806,Osaka,Lisbon,Japanese,1.0,3.5,95.0,1385.0,0.39206865019988535,71.93915752520559,97.65516301344215
d8494240,Empanaderia El Pibe,Lisbon,Unknown,1.0,4.5,25.0,1386.0,0.4085627524435922,71.93915752520559,97.65516301344215
d8789017,D&D Arte de Degustar,Lisbon,European,1.0,5.0,21.0,1387.0,0.4385804063271024,71.93915752520559,97.65516301344215
d3830783,Tasca do Gordo,Lisbon,European,1.0,4.0,116.0,1388.0,0.43842860459339467,71.93915752520559,97.65516301344215
d3861803,King Sushi,Lisbon,Chinese,1.0,4.0,105.0,1389.0,0.4340062114342453,71.93915752520559,97.65516301344215
d7744963,Ginjinha Das Gaveas,Lisbon,Unknown,1.0,4.5,30.0,1390.0,0.4164401013224033,71.93915752520559,97.65516301344215
d1222330,Restaurante O Pardieiro,Lisbon,Portuguese,1.0,4.0,42.0,1391.0,0.3935954942504694,71.93915752520559,97.65516301344215
d8418627,Casa 7 Cafe,Lisbon,Cafe,1.0,4.5,24.0,1392.0,0.4068051616113235,71.93915752520559,97.65516301344215
d3571005,Claro,Lisbon,European,4.0,4.5,48.0,1393.0,0.4369455354785399,71.93915752520559,97.65516301344215
d13126863,Ache Atalaia,Lisbon,Unknown,1.0,4.5,7.0,1394.0,0.35577069869873723,71.93915752520559,97.65516301344215
d12454222,Cafe Bertrand,Lisbon,European,1.0,5.0,8.0,1395.0,0.39854593202770383,71.93915752520559,97.65516301344215
d10080718,Restaurante Camponesa das Beiras,Lisbon,Mediterranean,1.0,4.5,21.0,1396.0,0.40107901150525704,71.93915752520559,97.65516301344215
d7606434,A Courense,Lisbon,European,1.0,4.5,15.0,1397.0,0.386815624664063,71.93915752520559,97.65516301344215
d10555907,Koko Restaurant Sushi Bar,Lisbon,Unknown,1.0,4.5,14.0,1398.0,0.3839248534052296,71.93915752520559,97.65516301344215
d7649093,Ze Pinto,Lisbon,Portuguese,1.0,3.5,78.0,1399.0,0.38333708532953037,71.93915752520559,97.65516301344215
d13364568,Taberna Fina,Lisbon,European,4.0,4.5,7.0,1400.0,0.35576977613038724,71.93915752520559,97.65516301344215
d10077897,Dom Petisco,Lisbon,European,1.0,4.5,26.0,1401.0,0.41025078695959966,71.93915752520559,97.65516301344215
d7282730,Bem Haja Lisboa,Lisbon,Portuguese,1.0,4.0,63.0,1402.0,0.4114056350826389,71.93915752520559,97.65516301344215
d1727764,Cantinho da Amizade,Lisbon,European,1.0,4.5,38.0,1403.0,0.42672051697461033,71.93915752520559,97.65516301344215
d11993676,Deguimbra Pastelaria Snack-Bar e Restaurante,Lisbon,Unknown,1.0,4.5,10.0,1404.0,0.37003239843585467,71.93915752520559,97.65516301344215
d6507527,Cafe Esplanada Do Miradouro Do Monte Agudo,Lisbon,Unknown,1.0,4.5,13.0,1405.0,0.3808336603453837,71.93915752520559,97.65516301344215
d2616941,Saldanha Mar,Lisbon,European,1.0,4.0,52.0,1406.0,0.40295821103601653,71.93915752520559,97.65516301344215
d8817460,Brown's,Lisbon,Unknown,1.0,4.0,27.0,1407.0,0.37437874498832735,71.93915752520559,97.65516301344215
d5981363,Restaurante - Marisqueira A Caravana,Lisbon,Unknown,1.0,4.0,21.0,1408.0,0.3635771794807309,71.93915752520559,97.65516301344215
d7621063,Tasca Do Papagaio,Lisbon,Mediterranean,1.0,4.0,50.0,1409.0,0.40123488929430534,71.93915752520559,97.65516301344215
d8613586,Filho Da Mae Bio Restaurant,Lisbon,Mediterranean,1.0,4.0,50.0,1410.0,0.40123473824873107,71.93915752520559,97.65516301344215
d10207024,Pizzaria Mercato di Napoli,Lisbon,Italian,1.0,4.5,21.0,1411.0,0.40107672634355196,71.93915752520559,97.65516301344215
d2615690,Il Gattopardo,Lisbon,Italian,4.0,4.0,47.0,1412.0,0.3985191189362211,71.93915752520559,97.65516301344215
d13386325,Prova - Enoteca,Lisbon,European,1.0,4.5,7.0,1413.0,0.35576780411061387,71.93915752520559,97.65516301344215
d5964722,The 50's American Diner,Lisbon,American,1.0,4.0,62.0,1414.0,0.4106984650431834,71.93915752520559,97.65516301344215
d7708431,Hamburgueria Do Bairro,Lisbon,European,1.0,4.0,54.0,1415.0,0.40461589608079745,71.93915752520559,97.65516301344215
d12713481,Atari Baby,Lisbon,Unknown,1.0,4.0,18.0,1416.0,0.35700974832163707,71.93915752520559,97.65516301344215
d8440303,Restaurante Paullus,Lisbon,European,1.0,4.0,53.0,1417.0,0.4037937566773255,71.93915752520559,97.65516301344215
d5316776,Bom de Veras,Lisbon,European,1.0,4.5,32.0,1418.0,0.4192360644206677,71.93915752520559,97.65516301344215
d10780657,MadMary Cuisine,Lisbon,European,1.0,4.0,36.0,1419.0,0.38686024366878413,71.93915752520559,97.65516301344215
d2481349,Taberna Iberica,Lisbon,Bar,1.0,3.5,205.0,1420.0,0.42626098556333003,71.93915752520559,97.65516301344215
d5489793,Sentido Proibido,Lisbon,Bar,1.0,4.0,45.0,1421.0,0.39661156916793977,71.93915752520559,97.65516301344215
d9563827,Al Cafe,Lisbon,Unknown,1.0,4.5,14.0,1422.0,0.38392123062003347,71.93915752520559,97.65516301344215
d11004865,Carapau de Corrida,Lisbon,European,1.0,4.5,13.0,1423.0,0.38083095869348016,71.93915752520559,97.65516301344215
d4025213,Cafe Luso,Lisbon,European,1.0,3.5,390.0,1424.0,0.45496260685868795,71.93915752520559,97.65516301344215
d13206964,Prado Restaurante,Lisbon,European,1.0,4.0,16.0,1425.0,0.3520267218234998,71.93915752520559,97.65516301344215
d5977857,Casa Resina,Lisbon,Unknown,1.0,4.5,14.0,1426.0,0.38392063867827286,71.93915752520559,97.65516301344215
d11788995,CR7 Corner Bar & Bistro,Lisbon,American,1.0,4.0,35.0,1427.0,0.3856318847010531,71.93915752520559,97.65516301344215
d3451407,Eira Velha,Lisbon,Unknown,1.0,4.5,23.0,1428.0,0.40497134949988667,71.93915752520559,97.65516301344215
d8388261,Kumar Kebab & Pizzeria,Lisbon,Bar,1.0,4.0,28.0,1429.0,0.3759471676011768,71.93915752520559,97.65516301344215
d5959895,Snack - Bar Xiluba,Lisbon,Unknown,1.0,4.0,25.0,1430.0,0.37105609064468065,71.93915752520559,97.65516301344215
d5786725,A Padaria do Povo,Lisbon,Unknown,1.0,4.5,23.0,1431.0,0.40497090895362126,71.93915752520559,97.65516301344215
d2251352,Caseiro,Lisbon,Mediterranean,1.0,3.5,256.0,1432.0,0.43616654384803394,71.93915752520559,97.65516301344215
d12497758,"Need "" The Art Of Taste""",Lisbon,Japanese,1.0,5.0,9.0,1433.0,0.4032592227911745,71.93915752520559,97.65516301344215
d12904112,Kubata Tehapona,Lisbon,African,1.0,5.0,7.0,1434.0,0.39326469406977405,71.93915752520559,97.65516301344215
d12439131,Sala,Lisbon,European,1.0,5.0,8.0,1435.0,0.39853993588454506,71.93915752520559,97.65516301344215
d10509205,Dois. Tres. Tres,Lisbon,Unknown,1.0,5.0,9.0,1436.0,0.40325878531063913,71.93915752520559,97.65516301344215
d13079459,Suba,Lisbon,International,1.0,5.0,6.0,1437.0,0.38728351596127963,71.93915752520559,97.65516301344215
d13276861,Maria of Lisboa,Lisbon,European,1.0,5.0,5.0,1438.0,0.38037911168056554,71.93915752520559,97.65516301344215
d10529065,Mr. Lin,Lisbon,Chinese,1.0,4.0,35.0,1439.0,0.385630131084689,71.93915752520559,97.65516301344215
d2283184,Restaurante Sem Duvida,Lisbon,Seafood,1.0,4.0,101.0,1440.0,0.43227569267185884,71.93915752520559,97.65516301344215
d4420779,A nossa taska,Lisbon,Mediterranean,1.0,4.0,66.0,1441.0,0.413451606829681,71.93915752520559,97.65516301344215
d6107139,30 Anel - Estadio Da Luz,Lisbon,Unknown,1.0,4.0,23.0,1442.0,0.36746930930019145,71.93915752520559,97.65516301344215
d2234954,Storik,Lisbon,Unknown,1.0,3.5,152.0,1443.0,0.41293564737065086,71.93915752520559,97.65516301344215
d6425909,Restaurante Taste Of nepal,Lisbon,Indian,1.0,4.0,52.0,1444.0,0.4029525944916583,71.93915752520559,97.65516301344215
d12911472,O Watt,Lisbon,Unknown,1.0,4.0,20.0,1445.0,0.36148813602063906,71.93915752520559,97.65516301344215
d3573294,Restaurante Labios De Mosto,Lisbon,Portuguese,1.0,3.5,79.0,1446.0,0.38389350487275387,71.93915752520559,97.65516301344215
d10265062,Alfama,Lisbon,Portuguese,1.0,4.5,12.0,1447.0,0.3775082370325682,71.93915752520559,97.65516301344215
d10062902,YAO Pressed Juicery,Lisbon,Healthy,1.0,4.5,15.0,1448.0,0.38680805906506316,71.93915752520559,97.65516301344215
d2090731,Nova Goa,Lisbon,Indian,1.0,4.0,48.0,1449.0,0.3994372100492688,71.93915752520559,97.65516301344215
d7171129,Restaurante cervejaria Cova Funda,Lisbon,European,1.0,4.5,26.0,1450.0,0.4102435488016994,71.93915752520559,97.65516301344215
d10501442,Casa dos Caracois,Lisbon,European,1.0,4.5,14.0,1451.0,0.38391701298399455,71.93915752520559,97.65516301344215
d7995698,Nova Tertulia Bar,Lisbon,European,1.0,4.5,32.0,1452.0,0.41923110907242617,71.93915752520559,97.65516301344215
d12192161,Pastelaria Guadalupe,Lisbon,European,1.0,4.0,11.0,1453.0,0.33642234562716444,71.93915752520559,97.65516301344215
d12452374,Ciao Gaucho,Lisbon,Unknown,1.0,4.0,17.0,1454.0,0.3545825915287883,71.93915752520559,97.65516301344215
d10195818,Kyuubi sushi lounge,Lisbon,Japanese,1.0,4.0,38.0,1455.0,0.3892128729726497,71.93915752520559,97.65516301344215
d4552300,Padaria do Bairro,Lisbon,Unknown,1.0,4.0,27.0,1456.0,0.3743715673971494,71.93915752520559,97.65516301344215
d5959786,Restaurante O Beiral,Lisbon,Mediterranean,1.0,4.0,68.0,1457.0,0.4147667393140906,71.93915752520559,97.65516301344215
d10592679,Cachorro a Portuguesa,Lisbon,Unknown,1.0,4.5,26.0,1458.0,0.4102424132613485,71.93915752520559,97.65516301344215
d2274824,Santo Andre,Lisbon,Mediterranean,1.0,3.5,234.0,1459.0,0.4321544702375334,71.93915752520559,97.65516301344215
d7215257,Pastelaria Brasil,Lisbon,European,1.0,4.5,32.0,1460.0,0.41922997664957257,71.93915752520559,97.65516301344215
d8610160,Avenida Cafe,Lisbon,Cafe,1.0,4.0,52.0,1461.0,0.40295017641746167,71.93915752520559,97.65516301344215
d10342737,Trio,Lisbon,European,4.0,4.5,20.0,1462.0,0.398985721272655,71.93915752520559,97.65516301344215
d7615436,Tunel de Alfama,Lisbon,European,1.0,4.5,20.0,1463.0,0.39898558097629233,71.93915752520559,97.65516301344215
d6852905,A Grande Churrasqueira da Buraca,Lisbon,European,1.0,4.5,14.0,1464.0,0.38391517655993634,71.93915752520559,97.65516301344215
d2484610,Taverna Imperial,Lisbon,Mediterranean,1.0,3.5,246.0,1465.0,0.4343842478736357,71.93915752520559,97.65516301344215
d1406448,Clube do Peixe,Lisbon,Seafood,1.0,4.0,122.0,1466.0,0.4406570197524395,71.93915752520559,97.65516301344215
d8133947,Cafe Do Forte,Lisbon,Bar,1.0,3.5,113.0,1467.0,0.3997535453312384,71.93915752520559,97.65516301344215
d9864403,Acaraje da Carol,Lisbon,Brazilian,1.0,4.5,9.0,1468.0,0.36575423010913377,71.93915752520559,97.65516301344215
d11673145,Hamburgueria do Bairro,Lisbon,Unknown,1.0,4.5,15.0,1469.0,0.38680509650579437,71.93915752520559,97.65516301344215
d6425918,5 Elementos,Lisbon,Unknown,1.0,4.0,31.0,1470.0,0.38035034578294835,71.93915752520559,97.65516301344215
d7814164,Wok Ninja,Lisbon,Chinese,1.0,4.0,51.0,1471.0,0.4020956299974186,71.93915752520559,97.65516301344215
d9720269,Best Kebab & Pizza House,Lisbon,Fast Food,1.0,4.5,16.0,1472.0,0.38951999804661075,71.93915752520559,97.65516301344215
d10457880,DON VITO pizzeria tradizionale,Lisbon,Pizza,1.0,4.5,11.0,1473.0,0.37391954148682544,71.93915752520559,97.65516301344215
d2251718,Restaurante Tanite,Lisbon,European,1.0,4.0,43.0,1474.0,0.39461302478709526,71.93915752520559,97.65516301344215
d12714257,Casa do Campo,Lisbon,Healthy,1.0,5.0,6.0,1475.0,0.3872781360771921,71.93915752520559,97.65516301344215
d5960011,Restaurante Jugo do Lavrador,Lisbon,Healthy,1.0,4.0,31.0,1476.0,0.3803495159595648,71.93915752520559,97.65516301344215
d8766384,Burger King,Lisbon,Fast Food,1.0,3.5,73.0,1477.0,0.38039732760537004,71.93915752520559,97.65516301344215
d10350218,Terraco Do Marques,Lisbon,European,1.0,4.0,31.0,1478.0,0.38034924084897076,71.93915752520559,97.65516301344215
d6869056,O Cocho - Mercearia Alentejana,Lisbon,European,1.0,4.5,27.0,1479.0,0.41186836233542656,71.93915752520559,97.65516301344215
d5959026,Pastelaria alfacinha,Lisbon,European,1.0,4.0,36.0,1480.0,0.38685152753606306,71.93915752520559,97.65516301344215
d8601235,STOP Benfica,Lisbon,European,1.0,5.0,13.0,1481.0,0.4183227000989263,71.93915752520559,97.65516301344215
d9878568,Restaurante Pasteleria Galao,Lisbon,Unknown,1.0,4.5,18.0,1482.0,0.3945003105255655,71.93915752520559,97.65516301344215
d3568217,Wine Lover Bairro Alto,Lisbon,Mediterranean,1.0,4.0,417.0,1483.0,0.49544495991979465,71.93915752520559,97.65516301344215
d9564910,Cozinha Popular Da Mouraria,Lisbon,Unknown,1.0,5.0,11.0,1484.0,0.4114180314270195,71.93915752520559,97.65516301344215
d3345024,Cais do Vinho,Lisbon,Portuguese,1.0,3.5,159.0,1485.0,0.4149334429689207,71.93915752520559,97.65516301344215
d8802157,The Taj Mahal,Lisbon,Indian,1.0,5.0,15.0,1486.0,0.42430275957190466,71.93915752520559,97.65516301344215
d10884237,Lasanhas do Campo,Lisbon,Italian,1.0,4.5,11.0,1487.0,0.37391762346991964,71.93915752520559,97.65516301344215
d3474008,Dragao de Alfama,Lisbon,European,1.0,4.0,81.0,1488.0,0.4224936054286501,71.93915752520559,97.65516301344215
d3849330,Adega do Manel,Lisbon,European,1.0,4.0,68.0,1489.0,0.41476231308549816,71.93915752520559,97.65516301344215
d6479256,Taberna Dos Clerigos,Lisbon,Portuguese,1.0,3.5,71.0,1490.0,0.3791683815765612,71.93915752520559,97.65516301344215
d6885351,Hamburgueria do Bairro,Lisbon,American,1.0,3.5,84.0,1491.0,0.38660255941469734,71.93915752520559,97.65516301344215
d10030080,Pastelaria Lido,Lisbon,Unknown,1.0,5.0,22.0,1492.0,0.44055613167998736,71.93915752520559,97.65516301344215
d11955534,Despensa da Academia,Lisbon,Unknown,1.0,4.5,7.0,1493.0,0.35575642453337586,71.93915752520559,97.65516301344215
d2637260,Cervejaria Amigo Antonio,Lisbon,Portuguese,1.0,4.0,33.0,1494.0,0.3830623843441005,71.93915752520559,97.65516301344215
d7819474,Gin House,Lisbon,European,1.0,4.5,22.0,1495.0,0.40305572808166773,71.93915752520559,97.65516301344215
d6894899,A Casa do Miguel,Lisbon,European,1.0,4.5,18.0,1496.0,0.3944984156253333,71.93915752520559,97.65516301344215
d5281586,Picasso Cafeteria,Lisbon,Cafe,1.0,4.0,53.0,1497.0,0.40378243954361903,71.93915752520559,97.65516301344215
d7785528,Martinez by Lx Grill,Lisbon,Steakhouse,1.0,4.0,63.0,1498.0,0.4113919183865452,71.93915752520559,97.65516301344215
d7681870,Sushi at Home Laranjeiras,Lisbon,Japanese,1.0,4.0,47.0,1499.0,0.3985067844508695,71.93915752520559,97.65516301344215
d8411070,Tasca Beat,Lisbon,Unknown,1.0,5.0,13.0,1500.0,0.41832013357454756,71.93915752520559,97.65516301344215
d5977224,Oliveira's,Lisbon,European,1.0,4.0,22.0,1501.0,0.36555492572498166,71.93915752520559,97.65516301344215
d10736828,So Picanha by Gordinni,Lisbon,Unknown,1.0,4.5,16.0,1502.0,0.3895159262917589,71.93915752520559,97.65516301344215
d3385187,Restaurante Casa Alcobaca,Lisbon,European,1.0,4.5,45.0,1503.0,0.43410004793640733,71.93915752520559,97.65516301344215
d6673239,Taste of Everest,Lisbon,Indian,1.0,4.5,29.0,1504.0,0.4149551133857287,71.93915752520559,97.65516301344215
d1650582,O Ano Novo,Lisbon,Portuguese,1.0,4.0,84.0,1505.0,0.42410068721572386,71.93915752520559,97.65516301344215
d11662796,Sabores do Chiado,Lisbon,Brew Pub,1.0,5.0,8.0,1506.0,0.39853007718601985,71.93915752520559,97.65516301344215
d5977268,La Brasserie de L'entrecote,Lisbon,French,1.0,4.0,29.0,1507.0,0.3774547161957554,71.93915752520559,97.65516301344215
d2315467,Dervixe Restaurante Turco,Lisbon,Mediterranean,1.0,4.0,79.0,1508.0,0.4213849726896795,71.93915752520559,97.65516301344215
d4082483,Super Chefe,Lisbon,European,1.0,3.5,62.0,1509.0,0.3731851045322569,71.93915752520559,97.65516301344215
d1011859,Terrace BA,Lisbon,Bar,1.0,4.0,244.0,1510.0,0.4715140031290687,71.93915752520559,97.65516301344215
d2615479,Cervejaria da Esquina,Lisbon,Seafood,4.0,4.0,77.0,1511.0,0.42025061759992494,71.93915752520559,97.65516301344215
d2615703,In Fusion,Lisbon,Indian,1.0,4.0,75.0,1512.0,0.4190870694735063,71.93915752520559,97.65516301344215
d3574126,Ciao Milano,Lisbon,Seafood,1.0,3.5,148.0,1513.0,0.4117394924372056,71.93915752520559,97.65516301344215
d3913797,Restaurante Hao Hua,Lisbon,Chinese,1.0,4.0,84.0,1514.0,0.424099501943124,71.93915752520559,97.65516301344215
d12866092,Calcuta 2,Lisbon,Indian,1.0,4.5,6.0,1515.0,0.3497727646035539,71.93915752520559,97.65516301344215
d3567623,Cervejaria Iberica,Lisbon,European,1.0,4.0,48.0,1516.0,0.3994280574314858,71.93915752520559,97.65516301344215
d3650470,Restaurante Bessa Lda,Lisbon,European,1.0,4.5,27.0,1517.0,0.41186327994584193,71.93915752520559,97.65516301344215
d4260326,D Joao 1,Lisbon,Mediterranean,1.0,4.0,62.0,1518.0,0.41068392551650174,71.93915752520559,97.65516301344215
d11723210,Quiosque Ribeira das Naus,Lisbon,Unknown,1.0,4.0,33.0,1519.0,0.38305907859607036,71.93915752520559,97.65516301344215
d3800186,Restaurante O Cantinho,Lisbon,Portuguese,1.0,4.0,82.0,1520.0,0.4230322637563759,71.93915752520559,97.65516301344215
d1782785,A BAIUCA,Lisbon,Portuguese,1.0,3.5,311.0,1521.0,0.44484008837701355,71.93915752520559,97.65516301344215
d8549744,Central Parque Quiosque,Lisbon,Bar,1.0,4.5,18.0,1522.0,0.3944949890111158,71.93915752520559,97.65516301344215
d2445195,Estrela Morena,Lisbon,African,1.0,4.0,32.0,1523.0,0.3817214745556006,71.93915752520559,97.65516301344215
d4220265,Restaurante Cervejaria Solar do Vez,Lisbon,Portuguese,1.0,3.5,50.0,1524.0,0.3637188184020024,71.93915752520559,97.65516301344215
d8407543,Isa In Chiado,Lisbon,European,1.0,4.5,58.0,1525.0,0.4452449796259149,71.93915752520559,97.65516301344215
d12322298,Arts Cafe,Lisbon,Unknown,1.0,4.5,10.0,1526.0,0.370015311023509,71.93915752520559,97.65516301344215
d5958902,Mestre Doce,Lisbon,Unknown,1.0,4.0,61.0,1527.0,0.40996612066769283,71.93915752520559,97.65516301344215
d8559278,A Castica,Lisbon,Mediterranean,1.0,4.5,19.0,1528.0,0.3967915915952617,71.93915752520559,97.65516301344215
d5313725,Glacial Artico,Lisbon,Portuguese,1.0,4.0,65.0,1529.0,0.4127660896132679,71.93915752520559,97.65516301344215
d12946228,Baguettes Et Cornets,Lisbon,French,1.0,4.5,6.0,1530.0,0.3497708227105107,71.93915752520559,97.65516301344215
d6787952,O Tasco,Lisbon,European,1.0,4.5,47.0,1531.0,0.4360026002621406,71.93915752520559,97.65516301344215
d3664832,Tasca D'Lyon,Lisbon,Italian,1.0,3.5,217.0,1532.0,0.42878144146483427,71.93915752520559,97.65516301344215
d11849432,Restaurante Alem Tejo,Lisbon,Unknown,1.0,4.0,30.0,1533.0,0.37891996328269567,71.93915752520559,97.65516301344215
d9736517,Conserveira da Trindade,Lisbon,European,1.0,3.5,98.0,1534.0,0.393425837855642,71.93915752520559,97.65516301344215
d2626819,O Sitar,Lisbon,Indian,1.0,3.5,133.0,1535.0,0.40698424262053273,71.93915752520559,97.65516301344215
d6786832,Pastelaria Continental,Lisbon,Indian,1.0,4.5,15.0,1536.0,0.3867961860503745,71.93915752520559,97.65516301344215
d2267184,Adega do Kais,Lisbon,European,1.0,4.0,125.0,1537.0,0.4417268700668121,71.93915752520559,97.65516301344215
d9884725,Cervetoria Craft Beer Pub,Lisbon,Unknown,1.0,4.5,18.0,1538.0,0.39449293790983764,71.93915752520559,97.65516301344215
d4763853,Pastelaria Abelha D'Ouro,Lisbon,European,1.0,4.0,22.0,1539.0,0.3655499894153285,71.93915752520559,97.65516301344215
d10209084,Pastelaria fim de seculo,Lisbon,Unknown,1.0,4.0,25.0,1540.0,0.37104110159712966,71.93915752520559,97.65516301344215
d3863589,Wok Nagasaki,Lisbon,Chinese,1.0,4.0,88.0,1541.0,0.42615565770317015,71.93915752520559,97.65516301344215
d3729391,Ozeki,Lisbon,Japanese,1.0,4.5,17.0,1542.0,0.3920708135165186,71.93915752520559,97.65516301344215
d2615867,Navegadores,Lisbon,International,1.0,4.0,23.0,1543.0,0.3674556876947086,71.93915752520559,97.65516301344215
d12950199,A Justa,Lisbon,Unknown,1.0,4.0,10.0,1544.0,0.3325130185264563,71.93915752520559,97.65516301344215
d6632815,Richard's Restaurant Grill,Lisbon,Brazilian,1.0,4.0,20.0,1545.0,0.36147469470500004,71.93915752520559,97.65516301344215
d13171584,Tapas n' Friends Campo de Ourique,Lisbon,European,1.0,4.5,7.0,1546.0,0.35574953412943194,71.93915752520559,97.65516301344215
d2357311,O Palacio Restaurante-Cervejaria,Lisbon,Seafood,1.0,3.5,171.0,1547.0,0.41816451642304303,71.93915752520559,97.65516301344215
d4353138,Churrasqueira de Sapadores,Lisbon,European,1.0,4.5,18.0,1548.0,0.39449167750280223,71.93915752520559,97.65516301344215
d7304315,Restaurante Flor Da Estrela,Lisbon,European,1.0,4.0,28.0,1549.0,0.37593089954325626,71.93915752520559,97.65516301344215
d7648857,Flower Power Food,Lisbon,European,1.0,3.5,251.0,1550.0,0.4352706208273057,71.93915752520559,97.65516301344215
d7195234,Lisboa Vadia,Lisbon,European,1.0,4.5,43.0,1551.0,0.43210291785019467,71.93915752520559,97.65516301344215
d8333981,Pastelaria Canecas,Lisbon,European,1.0,4.5,28.0,1552.0,0.41343052507394623,71.93915752520559,97.65516301344215
d6619688,A Roda,Lisbon,Seafood,1.0,4.0,56.0,1553.0,0.40619682956711856,71.93915752520559,97.65516301344215
d3898048,Wanli,Lisbon,Cafe,1.0,4.5,51.0,1554.0,0.43958473436318185,71.93915752520559,97.65516301344215
d11668622,Semana8,Lisbon,Chinese,1.0,4.0,40.0,1555.0,0.3914395279926602,71.93915752520559,97.65516301344215
d6553396,Couto Restaurante,Lisbon,Vegetarian Friendly,1.0,4.5,61.0,1556.0,0.44746245808466417,71.93915752520559,97.65516301344215
d6979947,Chopperia Vasco da Gama,Lisbon,Brazilian,1.0,4.0,78.0,1557.0,0.420815318816037,71.93915752520559,97.65516301344215
d10328535,Kaprixu,Lisbon,Indian,1.0,4.0,25.0,1558.0,0.37103885035378764,71.93915752520559,97.65516301344215
d5009981,Restaurante Coringa,Lisbon,Portuguese,1.0,4.0,73.0,1559.0,0.4178866413548216,71.93915752520559,97.65516301344215
d10497810,Restaurante Gardens,Lisbon,European,1.0,4.5,20.0,1560.0,0.3989728271375867,71.93915752520559,97.65516301344215
d10326034,A Padaria Portuguesa,Lisbon,European,1.0,4.0,36.0,1561.0,0.3868410064999594,71.93915752520559,97.65516301344215
d2615765,Le Cafe,Lisbon,European,4.0,4.5,21.0,1562.0,0.401056167105533,71.93915752520559,97.65516301344215
d2490253,Geladaria Emanha Lisboa,Lisbon,Cafe,1.0,4.5,23.0,1563.0,0.40495319916286693,71.93915752520559,97.65516301344215
d11908460,LXeeseCake,Lisbon,Unknown,1.0,4.0,15.0,1564.0,0.34929268846618233,71.93915752520559,97.65516301344215
d12212958,Lisboa Rio,Lisbon,Bar,1.0,3.5,41.0,1565.0,0.355017600810764,71.93915752520559,97.65516301344215
d2664767,Tendinha Bairro Azul,Lisbon,European,1.0,4.0,33.0,1566.0,0.38305314952799413,71.93915752520559,97.65516301344215
d13417943,Tasca Chic,Lisbon,International,1.0,4.5,5.0,1567.0,0.3428619325991355,71.93915752520559,97.65516301344215
d6163688,Cervejaria Germano,Lisbon,European,1.0,4.0,32.0,1568.0,0.3817158199194859,71.93915752520559,97.65516301344215
d2062408,Saraiva's,Lisbon,European,1.0,4.5,36.0,1569.0,0.42434002632805257,71.93915752520559,97.65516301344215
d10259391,TascaBeat do Rosario,Lisbon,Unknown,1.0,5.0,6.0,1570.0,0.38726582573732937,71.93915752520559,97.65516301344215
d13417683,Tipica Boemia,Lisbon,European,1.0,5.0,4.0,1571.0,0.3721954397616233,71.93915752520559,97.65516301344215
d12403381,Everest Restaurante Sao Jorge,Lisbon,European,1.0,5.0,6.0,1572.0,0.38726558256401616,71.93915752520559,97.65516301344215
d5981397,Restaurante Frazao,Lisbon,Unknown,1.0,5.0,9.0,1573.0,0.40324058513768224,71.93915752520559,97.65516301344215
d13284136,Don Costini - Cais do Sodre,Lisbon,European,1.0,5.0,4.0,1574.0,0.37219507569702326,71.93915752520559,97.65516301344215
d13385519,Hamburgueria Portuguesa by Farnel - Santos,Lisbon,European,1.0,5.0,4.0,1575.0,0.37219495465035946,71.93915752520559,97.65516301344215
d8497127,Flamingo Bar,Lisbon,Unknown,1.0,5.0,10.0,1576.0,0.4075090722765949,71.93915752520559,97.65516301344215
d12251645,Five,Lisbon,Unknown,1.0,5.0,7.0,1577.0,0.39324571856649615,71.93915752520559,97.65516301344215
d7361107,Cinebairro,Lisbon,Bar,1.0,5.0,9.0,1578.0,0.40323998067096456,71.93915752520559,97.65516301344215
d12375323,Restaurante Pirilampo,Lisbon,Unknown,1.0,5.0,6.0,1579.0,0.3872647363085658,71.93915752520559,97.65516301344215
d12632367,Palacio do kebab,Lisbon,Turkish,1.0,5.0,5.0,1580.0,0.3803603569650061,71.93915752520559,97.65516301344215
d12631383,XPTO Cafetaria Bar,Lisbon,Pizza,1.0,5.0,5.0,1581.0,0.3803602368356488,71.93915752520559,97.65516301344215
d13289882,Fama d'Alfama Restaurante,Lisbon,Unknown,1.0,4.5,5.0,1582.0,0.34286011685816176,71.93915752520559,97.65516301344215
d13087429,Tasca Jasmim da Baixa,Lisbon,Unknown,1.0,4.5,11.0,1583.0,0.37390538527234674,71.93915752520559,97.65516301344215
d3847702,Restaurante Verde Gaio,Lisbon,Portuguese,1.0,3.5,82.0,1584.0,0.3855242871287319,71.93915752520559,97.65516301344215
d3519007,Zambesi,Lisbon,European,1.0,4.0,32.0,1585.0,0.3817137672845943,71.93915752520559,97.65516301344215
d6475670,Casa Lira D'Ouro,Lisbon,European,1.0,4.0,33.0,1586.0,0.3830507331038553,71.93915752520559,97.65516301344215
d5292739,Lanterna Verde,Lisbon,Mediterranean,1.0,4.0,53.0,1587.0,0.40377107160047493,71.93915752520559,97.65516301344215
d7727467,"Caco, O original",Lisbon,Fast Food,1.0,4.0,40.0,1588.0,0.39143551774532487,71.93915752520559,97.65516301344215
d5964538,Chimarrao - Av. de Roma,Lisbon,Barbecue,1.0,3.5,78.0,1589.0,0.3833114375306331,71.93915752520559,97.65516301344215
d2615520,Coffee Shop Rendez Vous,Lisbon,European,1.0,4.0,46.0,1590.0,0.39755236546465245,71.93915752520559,97.65516301344215
d3519461,Feel Rio,Lisbon,Brazilian,1.0,4.0,68.0,1591.0,0.41474939276148753,71.93915752520559,97.65516301344215
d9607995,Adega Da Tia Rosa,Lisbon,European,1.0,4.5,19.0,1592.0,0.3967836966037605,71.93915752520559,97.65516301344215
d3208596,Grande Palacio Restaurante Hong Kong,Lisbon,Chinese,1.0,3.5,177.0,1593.0,0.41969468937024895,71.93915752520559,97.65516301344215
d2286591,Restaurante Gavea do Mar,Lisbon,Seafood,1.0,4.0,59.0,1594.0,0.40848923628159306,71.93915752520559,97.65516301344215
d10822557,O Fado da Mimi,Lisbon,Mediterranean,1.0,4.0,30.0,1595.0,0.3789123542936697,71.93915752520559,97.65516301344215
d10458622,Restaurante Katia Brasil,Lisbon,Brazilian,1.0,4.5,8.0,1596.0,0.3610188409006362,71.93915752520559,97.65516301344215
d11817545,"Hamburgues, hamburgueres artesanais",Lisbon,Unknown,1.0,4.5,8.0,1597.0,0.3610187231670678,71.93915752520559,97.65516301344215
d12124549,Aron Sushi,Lisbon,Sushi,1.0,4.5,12.0,1598.0,0.3774886409278453,71.93915752520559,97.65516301344215
d6864259,Restaurante Kathmandu,Lisbon,Asian,1.0,4.0,23.0,1599.0,0.3674488766811051,71.93915752520559,97.65516301344215
d7595216,Cervejaria Restaurante o Violino,Lisbon,Seafood,1.0,4.0,21.0,1600.0,0.36355160441834716,71.93915752520559,97.65516301344215
d10755212,Tapioca Oca,Lisbon,Unknown,1.0,4.5,10.0,1601.0,0.3700060990324378,71.93915752520559,97.65516301344215
d6896682,Silk Club Lisboa,Lisbon,Japanese,4.0,3.5,82.0,1602.0,0.3855221585342763,71.93915752520559,97.65516301344215
d7992513,Dona Lurdes,Lisbon,Unknown,1.0,5.0,8.0,1603.0,0.3985180198503796,71.93915752520559,97.65516301344215
d3608560,Sem Maneiras,Lisbon,European,4.0,4.5,24.0,1604.0,0.4067766691234441,71.93915752520559,97.65516301344215
d4799018,Dieci Pizzeria,Lisbon,Italian,1.0,3.5,97.0,1605.0,0.39296246942438234,71.93915752520559,97.65516301344215
d3815340,A Lanchonete Raio Laser,Lisbon,European,1.0,4.5,35.0,1606.0,0.4231084466429028,71.93915752520559,97.65516301344215
d2095434,York House,Lisbon,European,1.0,4.0,34.0,1607.0,0.38434658418292006,71.93915752520559,97.65516301344215
d10477701,Rodizio Brasil,Lisbon,Steakhouse,1.0,3.5,93.0,1608.0,0.39109564105526323,71.93915752520559,97.65516301344215
d12909896,Despensa N6,Lisbon,Healthy,1.0,4.5,7.0,1609.0,0.35574193413758703,71.93915752520559,97.65516301344215
d4699933,Botequim Brasil,Lisbon,Brazilian,1.0,4.5,18.0,1610.0,0.39448421244856186,71.93915752520559,97.65516301344215
d12380046,madpizza Saldanha,Lisbon,Italian,1.0,4.0,24.0,1611.0,0.3692758562250864,71.93915752520559,97.65516301344215
d8533990,Mercearia De L Praino,Lisbon,Unknown,1.0,4.5,13.0,1612.0,0.38080623405346375,71.93915752520559,97.65516301344215
d6753983,Pastelaria Treno,Lisbon,European,1.0,4.0,31.0,1613.0,0.3803322481220757,71.93915752520559,97.65516301344215
d3876491,Bar das Colunas,Lisbon,European,1.0,4.5,23.0,1614.0,0.4049471325570361,71.93915752520559,97.65516301344215
d1830173,Restaurante O Pote,Lisbon,European,1.0,3.5,81.0,1615.0,0.38497774677283597,71.93915752520559,97.65516301344215
d697292,Comida de Santo,Lisbon,Brazilian,1.0,4.0,114.0,1616.0,0.43762585787763736,71.93915752520559,97.65516301344215
d10713516,La Follia de Belem,Lisbon,Unknown,1.0,4.0,19.0,1617.0,0.35928078236563293,71.93915752520559,97.65516301344215
d3792561,Coelho da Rocha,Lisbon,Portuguese,1.0,4.0,77.0,1618.0,0.42023748414745943,71.93915752520559,97.65516301344215
d2615757,La Parrilla,Lisbon,Unknown,1.0,3.5,27.0,1619.0,0.33685081742628864,71.93915752520559,97.65516301344215
d6601058,Dom Henrique - Restaurante Bar,Lisbon,Mediterranean,1.0,4.0,35.0,1620.0,0.3856068318917968,71.93915752520559,97.65516301344215
d3842805,Pastelaria Pao de Acucar,Lisbon,Portuguese,1.0,4.0,65.0,1621.0,0.41275495088940556,71.93915752520559,97.65516301344215
d4581425,Perola do tejo,Lisbon,European,1.0,4.5,25.0,1622.0,0.4085312505954717,71.93915752520559,97.65516301344215
d2101038,SiamSquare,Lisbon,Asian,1.0,3.5,89.0,1623.0,0.3891462604293051,71.93915752520559,97.65516301344215
d8490376,Casa de Cha Dona Tilia,Lisbon,Mediterranean,1.0,4.5,19.0,1624.0,0.3967799824575124,71.93915752520559,97.65516301344215
d4470741,Churrasqueira Fome de Leao,Lisbon,Unknown,1.0,4.0,36.0,1625.0,0.3868334353505597,71.93915752520559,97.65516301344215
d11619510,Taberna do Quelha,Lisbon,Unknown,1.0,4.5,9.0,1626.0,0.36573436693725575,71.93915752520559,97.65516301344215
d3570226,O Parreirinha,Lisbon,European,1.0,4.0,29.0,1627.0,0.37744002968758295,71.93915752520559,97.65516301344215
d11841657,A Padaria Portuguesa,Lisbon,Unknown,1.0,4.5,10.0,1628.0,0.3700029904947137,71.93915752520559,97.65516301344215
d1912104,Republica da Cerveja,Lisbon,Bar,1.0,3.5,323.0,1629.0,0.4465173608556408,71.93915752520559,97.65516301344215
d10087582,Pastelaria Varanda de Alfama,Lisbon,Unknown,1.0,4.0,17.0,1630.0,0.35456030724054316,71.93915752520559,97.65516301344215
d12081682,La Mensa,Lisbon,Italian,1.0,4.5,9.0,1631.0,0.36573380117546644,71.93915752520559,97.65516301344215
d12852776,Mez Cais LX,Lisbon,Mexican,1.0,3.5,57.0,1632.0,0.3694664353244724,71.93915752520559,97.65516301344215
d8494227,A Modesta da Pampulha,Lisbon,European,1.0,4.0,22.0,1633.0,0.36553876558327575,71.93915752520559,97.65516301344215
d12694064,"Restaurant little temple,",Lisbon,Unknown,1.0,4.5,8.0,1634.0,0.3610144683306652,71.93915752520559,97.65516301344215
d5007071,O Amoraria,Lisbon,Portuguese,1.0,4.0,45.0,1635.0,0.39658392904000234,71.93915752520559,97.65516301344215
d5959272,Cervejaria Boa Esperanca,Lisbon,Unknown,1.0,4.0,36.0,1636.0,0.38683219371503147,71.93915752520559,97.65516301344215
d8498107,Barraca Surf Bar,Lisbon,European,1.0,4.5,18.0,1637.0,0.39448113828253206,71.93915752520559,97.65516301344215
d3569964,Retaurante Cervejaria Ceia Minhota,Lisbon,Seafood,1.0,4.0,56.0,1638.0,0.4061868025516931,71.93915752520559,97.65516301344215
d11725679,Padaria Portuguesa,Lisbon,European,1.0,3.5,44.0,1639.0,0.3580990672581504,71.93915752520559,97.65516301344215
d4427861,Restaurante Central do Chile,Lisbon,European,1.0,4.5,18.0,1640.0,0.3944808029568337,71.93915752520559,97.65516301344215
d3528367,Cocheira Alentejana,Lisbon,Mediterranean,1.0,3.5,256.0,1641.0,0.4361398548175589,71.93915752520559,97.65516301344215
d12244531,Tropical da Graca,Lisbon,Unknown,1.0,5.0,7.0,1642.0,0.3932381859367485,71.93915752520559,97.65516301344215
d2297690,Restaurante Tripeiro,Lisbon,Seafood,1.0,3.5,335.0,1643.0,0.4481446626093168,71.93915752520559,97.65516301344215
d3386272,Pizzeria - The Table,Lisbon,Italian,1.0,3.5,160.0,1644.0,0.41519295952589624,71.93915752520559,97.65516301344215
d5959989,Restaurante Nico Grilo,Lisbon,European,1.0,4.0,28.0,1645.0,0.37591959398470626,71.93915752520559,97.65516301344215
d13340261,Florence Italiano,Lisbon,Italian,1.0,4.5,20.0,1646.0,0.3989627767656869,71.93915752520559,97.65516301344215
d11797172,Boi Preto Grill,Lisbon,Unknown,1.0,4.0,33.0,1647.0,0.38304372547385274,71.93915752520559,97.65516301344215
d7317281,Pateo de Lisboa,Lisbon,European,1.0,4.5,24.0,1648.0,0.4067716741956367,71.93915752520559,97.65516301344215
d5959172,Restaurante Fraga,Lisbon,Unknown,1.0,4.0,43.0,1649.0,0.3945914196005735,71.93915752520559,97.65516301344215
d5603647,LAS FICHERAS,Lisbon,Mexican,1.0,3.5,497.0,1650.0,0.46576787375343115,71.93915752520559,97.65516301344215
d12635876,Level Eight Roof Top Bar & Lounge,Lisbon,European,1.0,4.0,9.0,1651.0,0.328231572396134,71.93915752520559,97.65516301344215
d8024747,"Acucar & Canela Pastelaria, Padaria and Restaurant",Lisbon,European,1.0,4.0,28.0,1652.0,0.37591882101903734,71.93915752520559,97.65516301344215
d10592268,Sakura Restaurante Japones - Parque das Nacoes,Lisbon,Japanese,1.0,3.5,23.0,1653.0,0.3299427459742143,71.93915752520559,97.65516301344215
d7303687,A Loja,Lisbon,Unknown,1.0,4.5,23.0,1654.0,0.4049426362178401,71.93915752520559,97.65516301344215
d12114022,Amuralha Tapas E Vinhos,Lisbon,Unknown,1.0,4.5,10.0,1655.0,0.36999998338359813,71.93915752520559,97.65516301344215
d8420384,Pomar de Alvalade,Lisbon,European,1.0,4.0,35.0,1656.0,0.38560280504354166,71.93915752520559,97.65516301344215
d7296699,Orange Ba restaurante,Lisbon,Portuguese,1.0,4.0,52.0,1657.0,0.4029258811626982,71.93915752520559,97.65516301344215
d8679051,Ola Bom Dia,Lisbon,European,1.0,4.0,12.0,1658.0,0.33998184532390185,71.93915752520559,97.65516301344215
d8414132,Charcutaria Lisboa,Lisbon,Portuguese,1.0,4.0,22.0,1659.0,0.36553588567346235,71.93915752520559,97.65516301344215
d12936952,Local,Lisbon,French,4.0,5.0,3.0,1660.0,0.36219081603560216,71.93915752520559,97.65516301344215
d13163694,Sopa no Pao,Lisbon,European,1.0,5.0,3.0,1661.0,0.36219070720265495,71.93915752520559,97.65516301344215
d13390341,GIRO Sabores do Mundo,Lisbon,Japanese,1.0,5.0,3.0,1662.0,0.36219059850067403,71.93915752520559,97.65516301344215
d13149322,O Montanhes,Lisbon,Cafe,1.0,5.0,3.0,1663.0,0.36219048992942304,71.93915752520559,97.65516301344215
d12131517,Brunchy,Lisbon,Italian,1.0,5.0,5.0,1664.0,0.3803507694294484,71.93915752520559,97.65516301344215
d12327834,I Love Pipocas,Lisbon,Fast Food,1.0,5.0,4.0,1665.0,0.37218465586933946,71.93915752520559,97.65516301344215
d11788030,Munal Restaurant,Lisbon,Unknown,1.0,5.0,4.0,1666.0,0.37218454768886655,71.93915752520559,97.65516301344215
d13174109,Calcada do Cacau,Lisbon,Cafe,1.0,5.0,3.0,1667.0,0.36219005694701367,71.93915752520559,97.65516301344215
d4266761,Quatro Estacoes,Lisbon,Mediterranean,1.0,4.0,34.0,1668.0,0.38433975520006397,71.93915752520559,97.65516301344215
d6123304,Alecrim & Manjerona Mercearia,Lisbon,European,1.0,4.5,15.0,1669.0,0.38678061771426697,71.93915752520559,97.65516301344215
d4236352,Fado na Morgadinha,Lisbon,Mediterranean,1.0,3.5,327.0,1670.0,0.44706240381130724,71.93915752520559,97.65516301344215
d8638911,Boa Lisboa,Lisbon,European,1.0,4.0,111.0,1671.0,0.43643582600071423,71.93915752520559,97.65516301344215
d7992795,Tasca Do Miguel,Lisbon,European,1.0,4.5,36.0,1672.0,0.4243282444067236,71.93915752520559,97.65516301344215
d4973239,Flor dos Jeronimos,Lisbon,Portuguese,1.0,3.5,69.0,1673.0,0.3778846057697544,71.93915752520559,97.65516301344215
d3774568,Coutada,Lisbon,European,1.0,4.0,32.0,1674.0,0.38170370159816525,71.93915752520559,97.65516301344215
d12575092,Bel'empada,Lisbon,European,1.0,4.0,10.0,1675.0,0.33249781839657927,71.93915752520559,97.65516301344215
d10170180,EGGS & MORE by MEZ CAIS,Lisbon,Mediterranean,1.0,4.0,41.0,1676.0,0.39250490171690416,71.93915752520559,97.65516301344215
d10279980,Namaste india a,Lisbon,Indian,1.0,4.5,7.0,1677.0,0.3557343717676836,71.93915752520559,97.65516301344215
d4329363,Caracois de Sao Bento,Lisbon,Portuguese,1.0,4.5,23.0,1678.0,0.404940041310285,71.93915752520559,97.65516301344215
d12335092,A Petisqueira da Boa-Hora,Lisbon,European,1.0,5.0,5.0,1679.0,0.3803491583188616,71.93915752520559,97.65516301344215
d9456761,Hamburgueria No Talho,Lisbon,Unknown,1.0,4.5,13.0,1680.0,0.38079869923654974,71.93915752520559,97.65516301344215
d10637276,DON VITO pizzeria tradizionale - Benfica,Lisbon,Pizza,1.0,4.5,14.0,1681.0,0.3838887166078044,71.93915752520559,97.65516301344215
d5954067,Loja das Sopas,Lisbon,Soups,1.0,4.0,39.0,1682.0,0.39031899901567635,71.93915752520559,97.65516301344215
d8815137,Amuse bouche,Lisbon,European,1.0,4.5,18.0,1683.0,0.39447612798926895,71.93915752520559,97.65516301344215
d11742318,DoLombo,Lisbon,European,1.0,4.5,16.0,1684.0,0.3894943340627047,71.93915752520559,97.65516301344215
d8736585,Feliciano,Lisbon,European,1.0,4.0,13.0,1685.0,0.3432981692084093,71.93915752520559,97.65516301344215
d12705798,O Guardanapo,Lisbon,European,1.0,5.0,5.0,1686.0,0.38034841627789223,71.93915752520559,97.65516301344215
d11807471,Restaurante Gangnam,Lisbon,Unknown,1.0,4.0,9.0,1687.0,0.3282276937652128,71.93915752520559,97.65516301344215
d8643301,Sete & Meio,Lisbon,Portuguese,1.0,4.5,15.0,1688.0,0.3867785939359781,71.93915752520559,97.65516301344215
d10005052,Agra Indian Restaurant,Lisbon,Indian,1.0,4.0,38.0,1689.0,0.38918429961185713,71.93915752520559,97.65516301344215
d12487609,Ela Canela,Lisbon,Healthy,1.0,5.0,5.0,1691.0,0.3803478900099242,71.93915752520559,97.65516301344215
d2715098,Escondidinho de Cacilhas,Lisbon,Mediterranean,1.0,3.5,72.0,1692.0,0.37976212727708053,71.93915752520559,97.65516301344215
d5959961,Tasca Da Tijulia Lda,Lisbon,Unknown,1.0,4.5,11.0,1693.0,0.37389306861320487,71.93915752520559,97.65516301344215
d12721270,madpizza Amoreiras,Lisbon,Italian,1.0,5.0,5.0,1694.0,0.3803475757403395,71.93915752520559,97.65516301344215
d8311072,Restaurante VISEU,Lisbon,European,1.0,4.5,6.0,1695.0,0.349751730293068,71.93915752520559,97.65516301344215
d8092405,Bar Terraco Santa Luzia,Lisbon,Cafe,1.0,3.5,55.0,1696.0,0.36788779062726373,71.93915752520559,97.65516301344215
d11912228,O Taxi,Lisbon,Unknown,1.0,4.5,8.0,1697.0,0.36100765052268446,71.93915752520559,97.65516301344215
d1406449,Pateo de Alfama,Lisbon,European,1.0,3.5,135.0,1698.0,0.4076290295645247,71.93915752520559,97.65516301344215
d2637207,Restaurante Grand'Elias,Lisbon,European,1.0,3.5,212.0,1699.0,0.42772295308731456,71.93915752520559,97.65516301344215
d6379969,LadyBug,Lisbon,Vegetarian Friendly,1.0,4.5,13.0,1700.0,0.38079659783086367,71.93915752520559,97.65516301344215
d12926416,Mestizo,Lisbon,Brazilian,4.0,4.5,5.0,1701.0,0.34284684675561017,71.93915752520559,97.65516301344215
d11722124,Chirashi,Lisbon,Unknown,1.0,4.5,7.0,1702.0,0.35573174340374003,71.93915752520559,97.65516301344215
d8774850,Restaurante Tasca Do Marques,Lisbon,European,1.0,5.0,7.0,1703.0,0.39323163987429005,71.93915752520559,97.65516301344215
d9822889,Restaurante Chuanyue,Lisbon,Chinese,1.0,4.5,10.0,1704.0,0.3699947694367212,71.93915752520559,97.65516301344215
d8813965,Pastelaria Verona,Lisbon,European,1.0,4.5,8.0,1705.0,0.361006820821191,71.93915752520559,97.65516301344215
d6883286,Restaurante Carnalentejana,Lisbon,European,1.0,4.0,25.0,1706.0,0.3710221412427247,71.93915752520559,97.65516301344215
d2649733,Restaurante Monte Verde,Lisbon,European,1.0,4.0,38.0,1707.0,0.38918242613882964,71.93915752520559,97.65516301344215
d7251709,Cone ou Copo,Lisbon,Unknown,1.0,4.5,15.0,1708.0,0.38677651228556265,71.93915752520559,97.65516301344215
d2389621,Gruta do Paraiso,Lisbon,European,1.0,3.5,165.0,1709.0,0.41655581895377275,71.93915752520559,97.65516301344215
d8554405,Alcaparra,Lisbon,Mediterranean,1.0,4.5,34.0,1710.0,0.42183533649266397,71.93915752520559,97.65516301344215
d3732666,Alfarroba,Lisbon,Vegetarian Friendly,1.0,4.5,34.0,1711.0,0.4218352339293629,71.93915752520559,97.65516301344215
d6873498,Primeiro Andar,Lisbon,Mediterranean,1.0,4.0,79.0,1712.0,0.4213612609632323,71.93915752520559,97.65516301344215
d2292500,Sakura,Lisbon,Japanese,1.0,3.5,86.0,1713.0,0.38761812874523105,71.93915752520559,97.65516301344215
d4097937,Restaurante O Churrasco,Lisbon,Barbecue,1.0,4.0,62.0,1714.0,0.4106613201479158,71.93915752520559,97.65516301344215
d12912834,Restaurante O Conquistador,Lisbon,European,1.0,4.0,14.0,1715.0,0.3463851775700988,71.93915752520559,97.65516301344215
d8471958,Alfacinha,Lisbon,Unknown,1.0,4.5,9.0,1716.0,0.36572468766300703,71.93915752520559,97.65516301344215
d5959151,Cafe Belmonte,Lisbon,Cafe,1.0,4.0,43.0,1717.0,0.39458421257484605,71.93915752520559,97.65516301344215
d2615772,Ma Che Pizza,Lisbon,Pizza,1.0,4.0,35.0,1718.0,0.38559626551698073,71.93915752520559,97.65516301344215
d11967172,Jeronymo Conde Barao,Lisbon,Unknown,1.0,4.5,7.0,1719.0,0.3557299997847135,71.93915752520559,97.65516301344215
d4766793,Restaurant Adamastor,Lisbon,European,1.0,3.5,119.0,1720.0,0.402020833644473,71.93915752520559,97.65516301344215
d12074101,Leitaria,Lisbon,Unknown,1.0,4.0,11.0,1721.0,0.33639018485851774,71.93915752520559,97.65516301344215
d4100978,Grelhados de Alcantara,Lisbon,European,1.0,4.0,47.0,1722.0,0.3984808600819215,71.93915752520559,97.65516301344215
d7696102,Sao Bernardo,Lisbon,European,1.0,4.5,22.0,1723.0,0.4030291669553406,71.93915752520559,97.65516301344215
d6123104,Restaurante Cantinho Do Taxi,Lisbon,Unknown,1.0,4.5,9.0,1724.0,0.3657238761909818,71.93915752520559,97.65516301344215
d5959068,Arco Iris,Lisbon,Unknown,1.0,4.0,15.0,1725.0,0.3492747808351185,71.93915752520559,97.65516301344215
d4437195,A Tigela,Lisbon,European,1.0,4.0,27.0,1726.0,0.37433932705008516,71.93915752520559,97.65516301344215
d13116314,Tiles Bar,Lisbon,Peruvian,1.0,4.5,6.0,1727.0,0.34974844989876713,71.93915752520559,97.65516301344215
d8406498,Madpizza,Lisbon,Pizza,1.0,4.0,39.0,1728.0,0.3903142497527596,71.93915752520559,97.65516301344215
d10690645,Sete Risos,Lisbon,Unknown,1.0,4.0,16.0,1729.0,0.35198969624639154,71.93915752520559,97.65516301344215
d6676177,Be Chill,Lisbon,Mediterranean,1.0,4.0,30.0,1730.0,0.3788976729742227,71.93915752520559,97.65516301344215
d5982719,Casa de Angola - Espaco Gastronomico e Cultural,Lisbon,African,1.0,4.5,25.0,1731.0,0.4085196008431904,71.93915752520559,97.65516301344215
d4725766,Petisqueira Matateu,Lisbon,European,1.0,3.5,96.0,1732.0,0.3924893813402472,71.93915752520559,97.65516301344215
d12343010,Bota Sal,Lisbon,Mediterranean,1.0,4.0,32.0,1733.0,0.3816975987002457,71.93915752520559,97.65516301344215
d12427816,American Music Burger,Lisbon,Unknown,1.0,3.5,27.0,1734.0,0.3368385249321762,71.93915752520559,97.65516301344215
d10108172,Pastelaria Portugal,Lisbon,Unknown,1.0,4.5,10.0,1735.0,0.3699916229149954,71.93915752520559,97.65516301344215
d1986543,O Campos,Lisbon,Portuguese,1.0,4.0,90.0,1736.0,0.4271291367863814,71.93915752520559,97.65516301344215
d8001085,KIZZY,Lisbon,Mediterranean,1.0,4.5,22.0,1737.0,0.4030277632335223,71.93915752520559,97.65516301344215
d7697106,Ristorante Amore Mio,Lisbon,Italian,1.0,4.5,11.0,1738.0,0.3738884793401953,71.93915752520559,97.65516301344215
d9582635,A Tasquinha dos Arcos,Lisbon,European,1.0,4.5,12.0,1739.0,0.3774734151017128,71.93915752520559,97.65516301344215
d13231957,Porca Miseria,Lisbon,Bar,1.0,5.0,11.0,1740.0,0.41138828088197804,71.93915752520559,97.65516301344215
d8449638,Cinderela,Lisbon,European,1.0,3.5,38.0,1741.0,0.3516789930524145,71.93915752520559,97.65516301344215
d10120700,Adega dos Lamelas Vinhos & Petiscos,Lisbon,European,1.0,4.5,20.0,1742.0,0.3989527298822883,71.93915752520559,97.65516301344215
d4742352,Restaurante Dom Tacho,Lisbon,Portuguese,1.0,3.5,85.0,1743.0,0.3870973156308831,71.93915752520559,97.65516301344215
d5532310,Italian Republic,Lisbon,Italian,1.0,3.5,42.0,1744.0,0.3560518286732721,71.93915752520559,97.65516301344215
d3335520,Sushi Buddha,Lisbon,Chinese,1.0,3.0,325.0,1745.0,0.40928074092472316,71.93915752520559,97.65516301344215
d12386114,Taste of Belgium,Lisbon,Belgian,1.0,4.5,7.0,1746.0,0.3557273002944923,71.93915752520559,97.65516301344215
d13150829,Tezero,Lisbon,European,1.0,4.0,11.0,1747.0,0.3363875898565999,71.93915752520559,97.65516301344215
d4222468,Mercearia Criativa Lisboa,Lisbon,European,1.0,4.5,18.0,1748.0,0.39446949780005075,71.93915752520559,97.65516301344215
d4477709,Restaurante O Serrano,Lisbon,European,1.0,4.0,26.0,1749.0,0.37270816931830636,71.93915752520559,97.65516301344215
d12149248,Snack-bar a Pracinha,Lisbon,Unknown,1.0,5.0,6.0,1750.0,0.38724616621712754,71.93915752520559,97.65516301344215
d13273188,Saiko - Campo Pequeno,Lisbon,Japanese,1.0,4.5,8.0,1751.0,0.36100219716628057,71.93915752520559,97.65516301344215
d10479344,Pizpireto,Lisbon,Mexican,1.0,4.5,8.0,1752.0,0.3610020993484869,71.93915752520559,97.65516301344215
d11592298,Tavolata,Lisbon,Unknown,1.0,5.0,5.0,1753.0,0.38034161370151176,71.93915752520559,97.65516301344215
d10639071,Cafe de La Musique,Lisbon,European,1.0,3.5,48.0,1754.0,0.36190119865177656,71.93915752520559,97.65516301344215
d8826252,Pana Cotta,Lisbon,Unknown,1.0,4.5,14.0,1755.0,0.3838811895544239,71.93915752520559,97.65516301344215
d3573932,Adega Tipica O Gato Preto,Lisbon,Mediterranean,1.0,4.0,30.0,1756.0,0.37889510470324717,71.93915752520559,97.65516301344215
d12406156,M - Angel,Lisbon,European,1.0,4.5,5.0,1757.0,0.3428412239889326,71.93915752520559,97.65516301344215
d6553420,Tens Bom Remedio,Lisbon,Portuguese,1.0,5.0,23.0,1758.0,0.44243190331806637,71.93915752520559,97.65516301344215
d12207700,Kentucky Fried Chicken,Lisbon,Unknown,1.0,4.0,10.0,1759.0,0.3324892630669787,71.93915752520559,97.65516301344215
d11847244,Edo Sushi - Lumiar,Lisbon,Japanese,1.0,4.0,26.0,1760.0,0.3727070969886467,71.93915752520559,97.65516301344215
d6166900,Pastelaria Baixa Do Chiado,Lisbon,Unknown,1.0,4.0,33.0,1761.0,0.3830319306894532,71.93915752520559,97.65516301344215
d7645585,O Arranca-Coracoes,Lisbon,European,1.0,4.5,21.0,1763.0,0.40103426424559085,71.93915752520559,97.65516301344215
d12849430,SushiNow,Lisbon,Japanese,1.0,4.0,9.0,1764.0,0.328219929235213,71.93915752520559,97.65516301344215
d2655474,Restaurante Jardim da Estrela,Lisbon,Cafe,1.0,4.0,50.0,1765.0,0.40119193244644896,71.93915752520559,97.65516301344215
d6280297,Floresta Do Carmo,Lisbon,Unknown,1.0,4.5,14.0,1766.0,0.38388012452164205,71.93915752520559,97.65516301344215
d10743777,O Mondego,Lisbon,European,1.0,4.5,16.0,1767.0,0.38948596382934436,71.93915752520559,97.65516301344215
d4213127,Ministerium,Lisbon,Bar,1.0,3.5,374.0,1768.0,0.45305025064585824,71.93915752520559,97.65516301344215
d10250880,A Graca,Lisbon,Unknown,1.0,4.5,8.0,1769.0,0.361000453366428,71.93915752520559,97.65516301344215
d7681795,Costa & Travassos,Lisbon,European,1.0,4.5,11.0,1770.0,0.3738853578278969,71.93915752520559,97.65516301344215
d5608406,confeitaria imperial,Lisbon,Unknown,1.0,4.0,26.0,1771.0,0.3727060379798523,71.93915752520559,97.65516301344215
d6840618,Largo Cafe Estudio,Lisbon,European,1.0,4.5,20.0,1772.0,0.39894981347955233,71.93915752520559,97.65516301344215
d8333987,Garden Burguer,Lisbon,Unknown,1.0,4.0,11.0,1773.0,0.3363850709630293,71.93915752520559,97.65516301344215
d10101031,Hot Plate,Lisbon,Indian,1.0,4.0,22.0,1774.0,0.36552416004985194,71.93915752520559,97.65516301344215
d8563424,Parrilha Vasco Da Gama,Lisbon,Unknown,1.0,4.5,11.0,1775.0,0.37388488025849775,71.93915752520559,97.65516301344215
d9598525,Chimarrao,Lisbon,Barbecue,1.0,4.0,39.0,1776.0,0.3903095562978677,71.93915752520559,97.65516301344215
d6999620,Maria da Mouraria,Lisbon,Portuguese,1.0,3.5,94.0,1777.0,0.39155185536415255,71.93915752520559,97.65516301344215
d2425203,Novo Conceito,Lisbon,Mediterranean,1.0,3.5,126.0,1778.0,0.40455447173349446,71.93915752520559,97.65516301344215
d5568811,Rosa dos ventos,Lisbon,European,1.0,4.5,12.0,1779.0,0.3774695351834928,71.93915752520559,97.65516301344215
d8633659,Cachorro Vadio,Lisbon,Unknown,1.0,4.0,16.0,1780.0,0.3519847235345783,71.93915752520559,97.65516301344215
d697297,Espiral,Lisbon,Vegetarian Friendly,1.0,4.0,28.0,1781.0,0.37590566411041754,71.93915752520559,97.65516301344215
d5924137,Restaurante Luminosa By Furnas,Lisbon,Seafood,1.0,4.0,137.0,1782.0,0.4457745650774761,71.93915752520559,97.65516301344215
d3294083,Parreirinha do Rato,Lisbon,European,1.0,4.0,21.0,1783.0,0.36353235498833086,71.93915752520559,97.65516301344215
d5786802,A Lareira,Lisbon,Unknown,1.0,4.5,9.0,1784.0,0.36571802212990323,71.93915752520559,97.65516301344215
d5960008,Restaurant Museu Nacional de Arte Antiga,Lisbon,Portuguese,1.0,3.5,35.0,1785.0,0.3480897093269474,71.93915752520559,97.65516301344215
d3538415,Lisboa A Mesa Restaurante,Lisbon,Mediterranean,1.0,4.0,29.0,1786.0,0.3774236099494217,71.93915752520559,97.65516301344215
d8297821,Hamburgueria Do Tecnyco,Lisbon,Unknown,1.0,4.0,29.0,1787.0,0.37742351592685486,71.93915752520559,97.65516301344215
d8602285,Pao Doce,Lisbon,Unknown,1.0,4.0,14.0,1788.0,0.34637803376936904,71.93915752520559,97.65516301344215
d12623073,Garden Roof Bar,Lisbon,Bar,1.0,4.5,6.0,1789.0,0.3497424280877506,71.93915752520559,97.65516301344215
d6988917,Restaurante Churrasqueira A.Costa,Lisbon,European,1.0,4.5,10.0,1790.0,0.36998630858779874,71.93915752520559,97.65516301344215
d10106527,Selfish,Lisbon,Unknown,1.0,4.0,20.0,1791.0,0.36144801695809775,71.93915752520559,97.65516301344215
d9814440,Boizao Steakhouse Grill,Lisbon,Brazilian,1.0,4.0,25.0,1792.0,0.3710136997445756,71.93915752520559,97.65516301344215
d2650632,A Charcutaria,Lisbon,European,1.0,4.0,94.0,1793.0,0.4290503484435319,71.93915752520559,97.65516301344215
d7648925,O Pavao,Lisbon,Seafood,1.0,4.0,24.0,1794.0,0.36925685545420506,71.93915752520559,97.65516301344215
d6878936,Pastelaria Cristal,Lisbon,European,1.0,4.5,18.0,1795.0,0.39446500279600233,71.93915752520559,97.65516301344215
d13124772,madpizza Santa Justa,Lisbon,Pizza,1.0,4.5,4.0,1796.0,0.33467151001439055,71.93915752520559,97.65516301344215
d7887196,Asian Lab,Lisbon,Asian,1.0,3.5,93.0,1797.0,0.3910760135187865,71.93915752520559,97.65516301344215
d8075243,Bangla,Lisbon,Unknown,1.0,4.5,11.0,1798.0,0.3738827176500172,71.93915752520559,97.65516301344215
d7967739,Miura,Lisbon,Unknown,1.0,4.5,11.0,1799.0,0.37388262487794444,71.93915752520559,97.65516301344215
d10287613,Pastelaria Quequinho Da Barbara,Lisbon,Unknown,1.0,5.0,4.0,1800.0,0.3721711387192507,71.93915752520559,97.65516301344215
d7814123,Restaurante BACALHAU,Lisbon,European,1.0,4.0,43.0,1801.0,0.3945760611526324,71.93915752520559,97.65516301344215
d12748669,Havana - Lisboa,Lisbon,Caribbean,1.0,5.0,4.0,1802.0,0.3721709536898193,71.93915752520559,97.65516301344215
d6594216,Flagrante Delitro,Lisbon,European,1.0,4.0,25.0,1803.0,0.3710126781065159,71.93915752520559,97.65516301344215
d9819286,Taberna Madeirense,Lisbon,Unknown,1.0,5.0,9.0,1804.0,0.40321615731074223,71.93915752520559,97.65516301344215
d7353086,Pastelaria Gare Sete,Lisbon,European,1.0,4.0,15.0,1805.0,0.349267070703501,71.93915752520559,97.65516301344215
d10693212,Sabores Dos Kykos Restaurante,Lisbon,Unknown,1.0,5.0,5.0,1806.0,0.38033659010999915,71.93915752520559,97.65516301344215
d1996613,O Forcado,Lisbon,European,1.0,3.5,136.0,1807.0,0.4079464954929409,71.93915752520559,97.65516301344215
d4750493,Volapie Tapas Y Copas,Lisbon,Bar,1.0,4.0,104.0,1808.0,0.43353160072154406,71.93915752520559,97.65516301344215
d4169144,Citrus Bar & Restaurant,Lisbon,European,1.0,3.5,60.0,1809.0,0.3717071933319999,71.93915752520559,97.65516301344215
d3407261,Parreira do Minho,Lisbon,European,1.0,4.0,23.0,1810.0,0.36742699939093215,71.93915752520559,97.65516301344215
d12675476,Quiosque do Refresco,Lisbon,Unknown,1.0,5.0,4.0,1811.0,0.3721701261147806,71.93915752520559,97.65516301344215
d12337971,Kitchen Chiado,Lisbon,European,1.0,4.5,6.0,1812.0,0.3497402989811193,71.93915752520559,97.65516301344215
d12962183,O Fatica,Lisbon,Brazilian,1.0,5.0,9.0,1813.0,0.4032153315651148,71.93915752520559,97.65516301344215
d8751708,Marginal de Luanda,Lisbon,European,1.0,4.0,22.0,1814.0,0.365520430063836,71.93915752520559,97.65516301344215
d12539473,Henrique Sa Pessoa,Lisbon,European,1.0,3.5,30.0,1815.0,0.34138954964034246,71.93915752520559,97.65516301344215
d2261156,Restaurante Portas,Lisbon,Seafood,1.0,3.5,301.0,1816.0,0.4433489843352971,71.93915752520559,97.65516301344215
d12493655,Bengal Restaurante,Lisbon,Indian,1.0,5.0,4.0,1817.0,0.3721695789527114,71.93915752520559,97.65516301344215
d5980933,Pastelaria Del Reis,Lisbon,Unknown,1.0,4.5,19.0,1818.0,0.39676026459034314,71.93915752520559,97.65516301344215
d6689084,A Viagem Petiscaria-Bar,Lisbon,European,1.0,5.0,11.0,1819.0,0.4113807908571995,71.93915752520559,97.65516301344215
d6168687,Tasca Da Comadre,Lisbon,Portuguese,1.0,4.0,92.0,1820.0,0.4280948716076518,71.93915752520559,97.65516301344215
d9597098,Restaurante Anfora,Lisbon,European,4.0,4.0,30.0,1821.0,0.3788890048833849,71.93915752520559,97.65516301344215
d12572129,"Hamburgues, hamburgueres artesanais",Lisbon,European,1.0,4.0,8.0,1822.0,0.3234955189275416,71.93915752520559,97.65516301344215
d12812177,Ultimatum,Lisbon,International,1.0,4.0,27.0,1823.0,0.3743300761842015,71.93915752520559,97.65516301344215
d9869098,Chiado Clube Literario & Bar,Lisbon,Unknown,1.0,4.5,9.0,1824.0,0.36571433338673826,71.93915752520559,97.65516301344215
d12209805,Old vic,Lisbon,Unknown,1.0,4.5,7.0,1825.0,0.3557198605487484,71.93915752520559,97.65516301344215
d2605898,Entrecopos,Lisbon,Mediterranean,1.0,3.5,82.0,1826.0,0.38549917997244254,71.93915752520559,97.65516301344215
d8368881,Cervejaria Flor Do Minho,Lisbon,Seafood,1.0,4.5,8.0,1827.0,0.36099506819263294,71.93915752520559,97.65516301344215
d3748700,Food Guru,Lisbon,European,1.0,4.5,6.0,1828.0,0.34973884946280004,71.93915752520559,97.65516301344215
d2432152,Aquele Lugar em Alcantara,Lisbon,European,1.0,4.0,89.0,1829.0,0.4266254360001348,71.93915752520559,97.65516301344215
d12495690,Saboresitaliano,Lisbon,Unknown,1.0,5.0,4.0,1830.0,0.37216840574354976,71.93915752520559,97.65516301344215
d2615880,O Apuradinho,Lisbon,Unknown,1.0,4.5,17.0,1831.0,0.39204009761721015,71.93915752520559,97.65516301344215
d13281525,restaurante Choco do Bairro,Lisbon,Unknown,1.0,4.5,6.0,1832.0,0.3497384910393292,71.93915752520559,97.65516301344215
d12251648,Rosa da Bica,Lisbon,Unknown,1.0,4.0,8.0,1833.0,0.32349453055662386,71.93915752520559,97.65516301344215
d4046786,Honra by Olivier,Lisbon,European,4.0,4.0,166.0,1834.0,0.4543128553407599,71.93915752520559,97.65516301344215
d10069163,Casa De Cha De Belem,Lisbon,European,4.0,4.0,11.0,1835.0,0.3363793524252342,71.93915752520559,97.65516301344215
d10478483,Restaurante 10 Janeiro,Lisbon,Unknown,1.0,4.0,14.0,1836.0,0.34637364604683285,71.93915752520559,97.65516301344215
d1079922,Sem Nome,Lisbon,European,1.0,4.0,28.0,1837.0,0.37590052777872474,71.93915752520559,97.65516301344215
d6277266,Porto Vino,Lisbon,Spanish,1.0,5.0,8.0,1838.0,0.3984940852079712,71.93915752520559,97.65516301344215
d13424344,Caffeine Garage,Lisbon,Bar,1.0,5.0,2.0,1839.0,0.34928822024797174,71.93915752520559,97.65516301344215
d13445397,Casa NanBan Sushi,Lisbon,Japanese,1.0,5.0,2.0,1840.0,0.34928813156534294,71.93915752520559,97.65516301344215
d13110488,Gallaro Real,Lisbon,Barbecue,1.0,5.0,2.0,1841.0,0.34928804297905597,71.93915752520559,97.65516301344215
d7322916,Parreirinha do Alto do Pina,Lisbon,European,1.0,5.0,4.0,1842.0,0.3721673374794321,71.93915752520559,97.65516301344215
d12173633,Red,Lisbon,Unknown,1.0,5.0,3.0,1843.0,0.3621728663941877,71.93915752520559,97.65516301344215
d12850736,Pastanaga,Lisbon,Unknown,1.0,5.0,2.0,1844.0,0.34928777779667847,71.93915752520559,97.65516301344215
d12824836,Restaurante Criatura,Lisbon,European,1.0,5.0,2.0,1845.0,0.349287689594193,71.93915752520559,97.65516301344215
d12874287,Escolha Natura,Lisbon,Mediterranean,1.0,5.0,3.0,1846.0,0.3621726017865758,71.93915752520559,97.65516301344215
d5981460,Bar a Janela Da Atalaia Em Lisboa,Lisbon,Unknown,1.0,5.0,8.0,1847.0,0.39849328965662045,71.93915752520559,97.65516301344215
d12999739,Fabrica do Poema,Lisbon,Brazilian,1.0,5.0,2.0,1848.0,0.34928742555948006,71.93915752520559,97.65516301344215
d12921821,Tasca Do Faisca,Lisbon,Unknown,1.0,5.0,2.0,1849.0,0.3492873377383073,71.93915752520559,97.65516301344215
d13487613,EHL - Eight The Healt Lounge,Lisbon,Contemporary,1.0,5.0,2.0,1850.0,0.3492872500120763,71.93915752520559,97.65516301344215
d13121372,Rda 69,Lisbon,Unknown,1.0,5.0,2.0,1851.0,0.34928716238063323,71.93915752520559,97.65516301344215
d12967124,Docel,Lisbon,European,1.0,5.0,2.0,1852.0,0.3492870748438246,71.93915752520559,97.65516301344215
d10734451,Ponto Azul,Lisbon,Unknown,1.0,5.0,3.0,1853.0,0.3621719877008047,71.93915752520559,97.65516301344215
d10373240,O Rocha Restaurante,Lisbon,Unknown,1.0,5.0,5.0,1854.0,0.38033228829358756,71.93915752520559,97.65516301344215
d11631443,"NANGLO ""Cafe for the Soul""",Lisbon,Unknown,1.0,5.0,5.0,1855.0,0.3803322010397641,71.93915752520559,97.65516301344215
d13378826,Mabiche Pizza,Lisbon,French,1.0,5.0,2.0,1856.0,0.34928672563987456,71.93915752520559,97.65516301344215
d12185528,Botica do Cafe,Lisbon,Unknown,1.0,5.0,3.0,1857.0,0.3621716388732539,71.93915752520559,97.65516301344215
d10472603,Feira dos Sabores,Lisbon,Unknown,1.0,5.0,3.0,1858.0,0.3621715519010456,71.93915752520559,97.65516301344215
d7606384,O Boteco da Mafalda,Lisbon,Italian,1.0,5.0,2.0,1859.0,0.34928646472309854,71.93915752520559,97.65516301344215
d12528042,Leitaria Flor San Joao da Praca,Lisbon,European,1.0,5.0,3.0,1860.0,0.36217137823718465,71.93915752520559,97.65516301344215
d12559641,A Loja,Lisbon,Japanese,1.0,5.0,3.0,1861.0,0.36217129154523037,71.93915752520559,97.65516301344215
d13202848,O Paquete,Lisbon,Unknown,1.0,5.0,2.0,1862.0,0.34928620464708554,71.93915752520559,97.65516301344215
d12706176,O Grelhador Mor,Lisbon,Unknown,1.0,5.0,2.0,1863.0,0.3492861181412154,71.93915752520559,97.65516301344215
d12988418,Restaurante Tinoco,Lisbon,European,1.0,5.0,2.0,1864.0,0.3492860317281627,71.93915752520559,97.65516301344215
d6404094,RESTAURANTE TINTUSGOURMET,Lisbon,European,1.0,5.0,9.0,1865.0,0.403210716638346,71.93915752520559,97.65516301344215
d2405489,Hippopotamus Lisbonne,Lisbon,Steakhouse,1.0,3.5,248.0,1866.0,0.43470143337195816,71.93915752520559,97.65516301344215
d10838874,Sushicome,Lisbon,Sushi,1.0,4.0,15.0,1867.0,0.3492615498239047,71.93915752520559,97.65516301344215
d2616915,Sakana Restaurante Bar Sushi,Lisbon,Sushi,1.0,4.0,45.0,1868.0,0.39656103621425237,71.93915752520559,97.65516301344215
d8548832,Cacador de Xabregas,Lisbon,Unknown,1.0,4.0,19.0,1869.0,0.35925576052060404,71.93915752520559,97.65516301344215
d5977856,Restaurante Pato Bravo,Lisbon,Unknown,1.0,4.0,33.0,1870.0,0.38302199807344905,71.93915752520559,97.65516301344215
d13004193,Cochinchina,Lisbon,Unknown,1.0,4.5,3.0,1871.0,0.324670429722489,71.93915752520559,97.65516301344215
d10543939,Welcome Restaurant,Lisbon,Indian,1.0,4.5,7.0,1872.0,0.35571573228671743,71.93915752520559,97.65516301344215
d3541060,Sagitari,Lisbon,Mediterranean,1.0,3.5,105.0,1873.0,0.39645038454242715,71.93915752520559,97.65516301344215
d5964993,Restaurante Fu-Shin,Lisbon,Unknown,1.0,4.0,12.0,1874.0,0.33996098419777315,71.93915752520559,97.65516301344215
d4156231,Charmo,Lisbon,European,1.0,4.0,20.0,1875.0,0.36144051075106687,71.93915752520559,97.65516301344215
d9714291,Fogao Nativo,Lisbon,Brazilian,1.0,4.0,6.0,1876.0,0.31223464925939726,71.93915752520559,97.65516301344215
d13003877,Toca do Raposo,Lisbon,Unknown,1.0,4.5,3.0,1877.0,0.32466991703667497,71.93915752520559,97.65516301344215
d4162697,O riscas,Lisbon,European,1.0,4.5,9.0,1878.0,0.3657096028387944,71.93915752520559,97.65516301344215
d6857619,vendedores de jornais fc,Lisbon,European,1.0,5.0,21.0,1879.0,0.43852375631955137,71.93915752520559,97.65516301344215
d2195010,Taberna Maria do Correio,Lisbon,European,1.0,4.0,37.0,1880.0,0.3880028325514663,71.93915752520559,97.65516301344215
d7332598,Treco Lareco,Lisbon,Unknown,1.0,4.0,19.0,1881.0,0.35925473623455023,71.93915752520559,97.65516301344215
d9739262,Agua no Bico,Lisbon,Vegetarian Friendly,1.0,4.0,33.0,1882.0,0.38302097487910475,71.93915752520559,97.65516301344215
d8759915,Catita,Lisbon,Unknown,1.0,4.5,6.0,1883.0,0.34973405462093543,71.93915752520559,97.65516301344215
d3346404,O Soajeiro,Lisbon,Portuguese,1.0,4.0,52.0,1884.0,0.4029040608705588,71.93915752520559,97.65516301344215
d10763463,Santo Bagel,Lisbon,Cafe,1.0,4.0,14.0,1885.0,0.34636939740462647,71.93915752520559,97.65516301344215
d8747656,Fiamma d'Oro,Lisbon,Italian,1.0,4.0,32.0,1886.0,0.3816835515156299,71.93915752520559,97.65516301344215
d12670627,Casa do Chef,Lisbon,European,1.0,4.0,7.0,1887.0,0.31821445804557025,71.93915752520559,97.65516301344215
d5527256,Maravilha Sao Bento,Lisbon,Portuguese,1.0,4.5,14.0,1888.0,0.3838691444480233,71.93915752520559,97.65516301344215
d13357378,A Janela da Voz do Operario,Lisbon,European,1.0,4.5,3.0,1889.0,0.3246689014356605,71.93915752520559,97.65516301344215
d8769617,Snooker Club,Lisbon,Unknown,1.0,4.5,8.0,1890.0,0.36098959326594127,71.93915752520559,97.65516301344215
d12936840,Amorino,Lisbon,Cafe,1.0,4.5,5.0,1891.0,0.34282912136277216,71.93915752520559,97.65516301344215
d12173773,100 Montaditos Campo Grande,Lisbon,Unknown,1.0,3.5,20.0,1892.0,0.32393907273205536,71.93915752520559,97.65516301344215
d12709083,Folar de Chaves,Lisbon,Unknown,1.0,4.5,3.0,1893.0,0.32466856576334074,71.93915752520559,97.65516301344215
d9711546,Leimin Cuisine - Japanese Restaurant,Lisbon,Japanese,1.0,4.5,16.0,1894.0,0.38947457641017474,71.93915752520559,97.65516301344215
d12611516,O Prego da Peixaria,Lisbon,Japanese,1.0,4.5,6.0,1895.0,0.3497330454614138,71.93915752520559,97.65516301344215
d3862823,Divinos prazeres,Lisbon,Italian,1.0,4.0,15.0,1896.0,0.34925909141875244,71.93915752520559,97.65516301344215
d8566303,Real Sports Bar,Lisbon,International,1.0,4.0,20.0,1897.0,0.3614386546903104,71.93915752520559,97.65516301344215
d6107164,O Pao Nosso de Cada Dia,Lisbon,European,1.0,3.5,42.0,1898.0,0.3560378676856308,71.93915752520559,97.65516301344215
d12144607,Beiju Tapiocaria,Lisbon,Vegetarian Friendly,1.0,3.5,13.0,1899.0,0.30577810014921636,71.93915752520559,97.65516301344215
d6995756,Pastelaria Perola de Sao Paulo,Lisbon,European,1.0,4.0,39.0,1900.0,0.39029852914911106,71.93915752520559,97.65516301344215
d13369528,TEASE Cais do Sodre,Lisbon,Italian,1.0,4.5,3.0,1901.0,0.3246678986565421,71.93915752520559,97.65516301344215
d10133933,Lucinda's,Lisbon,European,1.0,4.5,9.0,1902.0,0.3657075865940346,71.93915752520559,97.65516301344215
d8677584,Verdachado,Lisbon,Italian,1.0,4.0,19.0,1903.0,0.35925289192758053,71.93915752520559,97.65516301344215
d13167937,Saguim,Lisbon,Unknown,1.0,4.5,6.0,1904.0,0.3497322969395995,71.93915752520559,97.65516301344215
d10748779,Djairsound,Lisbon,African,1.0,4.5,5.0,1905.0,0.3428279551450486,71.93915752520559,97.65516301344215
d9567930,Chines Clandestino,Lisbon,Chinese,1.0,3.5,33.0,1906.0,0.3455189671420389,71.93915752520559,97.65516301344215
d8448980,A Ratoeira Minhota,Lisbon,European,1.0,5.0,5.0,1907.0,0.38032778994033545,71.93915752520559,97.65516301344215
d5449651,Restaurante Bordalo Pinheiro,Lisbon,European,4.0,4.5,13.0,1908.0,0.38077735476999003,71.93915752520559,97.65516301344215
d13238237,Dona Joaquina,Lisbon,Unknown,1.0,4.0,5.0,1909.0,0.305327625081782,71.93915752520559,97.65516301344215
d12542995,Hamburgueria Mesa Sa,Lisbon,European,1.0,4.0,9.0,1910.0,0.32820692577245353,71.93915752520559,97.65516301344215
d1569639,Joia do Palacio,Lisbon,Chinese,1.0,3.5,113.0,1911.0,0.39970601943891604,71.93915752520559,97.65516301344215
d7342634,Pastelaria Perola Do Rato Lda,Lisbon,Unknown,1.0,4.0,19.0,1912.0,0.35925214967119284,71.93915752520559,97.65516301344215
d9742064,Querubim,Lisbon,Unknown,1.0,4.5,10.0,1913.0,0.3699755296684868,71.93915752520559,97.65516301344215
d8730755,Estrela da Graca,Lisbon,Seafood,1.0,3.5,73.0,1914.0,0.3803509405164465,71.93915752520559,97.65516301344215
d12588335,Afonso dos Leitoes,Lisbon,European,1.0,4.0,6.0,1915.0,0.31223139163427777,71.93915752520559,97.65516301344215
d7076913,Pato que Fuma,Lisbon,European,1.0,4.0,59.0,1916.0,0.40845759819864164,71.93915752520559,97.65516301344215
d12857240,Friendly Flamingo,Lisbon,Cafe,1.0,4.5,3.0,1917.0,0.3246665811467145,71.93915752520559,97.65516301344215
d6902709,Fenix - Snack Bar,Lisbon,Brazilian,1.0,4.5,12.0,1918.0,0.37745731076076,71.93915752520559,97.65516301344215
d2724130,Manjar BelaVista,Lisbon,European,1.0,4.5,8.0,1919.0,0.36098719388431144,71.93915752520559,97.65516301344215
d6212869,Slow,Lisbon,Fast Food,1.0,4.0,31.0,1920.0,0.38030250127848886,71.93915752520559,97.65516301344215
d8067075,Pigmeu - Campo de Ourique,Lisbon,Portuguese,1.0,4.0,69.0,1921.0,0.4153614496127517,71.93915752520559,97.65516301344215
d12969159,Kebabish PT,Lisbon,Indian,1.0,4.5,3.0,1922.0,0.3246661739234148,71.93915752520559,97.65516301344215
d10589747,Petiscaria da Terra,Lisbon,European,1.0,4.0,17.0,1923.0,0.35453225685452594,71.93915752520559,97.65516301344215
d3932430,Pirata,Lisbon,Cafe,1.0,4.0,29.0,1924.0,0.37741155873885934,71.93915752520559,97.65516301344215
d12484059,Pastelaria Palu's,Lisbon,Cafe,1.0,4.0,11.0,1925.0,0.3363717067857205,71.93915752520559,97.65516301344215
d11912263,A Tasca das Manas,Lisbon,Unknown,1.0,4.0,10.0,1926.0,0.3324744708775624,71.93915752520559,97.65516301344215
d12030627,Desassossego by Chef Cortez Pereira,Lisbon,Mediterranean,1.0,4.5,11.0,1927.0,0.37387154499423686,71.93915752520559,97.65516301344215
d697218,Bicaense,Lisbon,Unknown,1.0,4.5,15.0,1928.0,0.38675646452367773,71.93915752520559,97.65516301344215
d7595472,Marisqueira o David,Lisbon,Steakhouse,1.0,4.5,18.0,1929.0,0.3944533897478099,71.93915752520559,97.65516301344215
d11994677,Aradhana Restaurant,Lisbon,American,1.0,4.5,6.0,1930.0,0.3497301737576887,71.93915752520559,97.65516301344215
d3863089,Peisheirada,Lisbon,Japanese,1.0,4.0,28.0,1931.0,0.3758925758123674,71.93915752520559,97.65516301344215
d8459327,LowCost Marq Pombal,Lisbon,Unknown,1.0,4.5,8.0,1932.0,0.3609861416817226,71.93915752520559,97.65516301344215
d7607617,Restaurante Ti Lurdes,Lisbon,European,1.0,4.0,45.0,1933.0,0.39655563436150604,71.93915752520559,97.65516301344215
d3769391,Estalagem Dos Capotes Brancos,Lisbon,Mediterranean,1.0,3.5,114.0,1934.0,0.4000953250234087,71.93915752520559,97.65516301344215
d10150281,Chimarrao,Lisbon,Brazilian,1.0,3.5,44.0,1935.0,0.35807106004487105,71.93915752520559,97.65516301344215
d6853165,Miradouro S.Pedro de Alcantara,Lisbon,Unknown,1.0,3.5,25.0,1936.0,0.3335012443570511,71.93915752520559,97.65516301344215
d6200945,Perola do ceira,Lisbon,European,1.0,4.5,16.0,1937.0,0.3894710592109344,71.93915752520559,97.65516301344215
d8745517,The Smokery,Lisbon,Unknown,1.0,4.0,11.0,1938.0,0.3363706611101638,71.93915752520559,97.65516301344215
d11856924,Cozinha de Bairro,Lisbon,Unknown,1.0,4.5,6.0,1939.0,0.3497294520763061,71.93915752520559,97.65516301344215
d12845079,Chutnify,Lisbon,Indian,1.0,3.5,26.0,1940.0,0.3351912773624299,71.93915752520559,97.65516301344215
d12574904,Vegana Burgers,Lisbon,Healthy,1.0,4.0,10.0,1941.0,0.3324732668191637,71.93915752520559,97.65516301344215
d5786988,Fulgor,Lisbon,Unknown,1.0,4.5,9.0,1942.0,0.3657043369307502,71.93915752520559,97.65516301344215
d9772105,Galula,Lisbon,Unknown,1.0,4.5,9.0,1943.0,0.3657042574034784,71.93915752520559,97.65516301344215
d5959964,Restaurante Pato Real Lda.,Lisbon,Unknown,1.0,3.5,23.0,1944.0,0.3299155714477257,71.93915752520559,97.65516301344215
d10139004,Snack Bar Apolo 70,Lisbon,Unknown,1.0,4.5,5.0,1945.0,0.34282471560378486,71.93915752520559,97.65516301344215
d5977125,Lugar Dos Sabores,Lisbon,Unknown,1.0,4.0,11.0,1946.0,0.3363700245616788,71.93915752520559,97.65516301344215
d1381917,Don Pomodoro,Lisbon,Italian,1.0,4.0,64.0,1947.0,0.41204013957996044,71.93915752520559,97.65516301344215
d13273203,TOPO - Belem,Lisbon,European,1.0,4.0,7.0,1948.0,0.31820947830070123,71.93915752520559,97.65516301344215
d12178901,Monte Mar,Lisbon,Mediterranean,1.0,4.0,18.0,1949.0,0.3569517934127964,71.93915752520559,97.65516301344215
d1974744,Tasca da Se,Lisbon,Seafood,1.0,3.5,193.0,1950.0,0.4235154003615384,71.93915752520559,97.65516301344215
d3521253,Origem,Lisbon,Healthy,1.0,4.5,6.0,1951.0,0.34972850019175566,71.93915752520559,97.65516301344215
d7594222,Adega Machado,Lisbon,European,1.0,3.5,110.0,1952.0,0.39850827634878494,71.93915752520559,97.65516301344215
d8461907,2 a Esquina Iguarias Et Petiscos,Lisbon,Unknown,1.0,4.5,14.0,1953.0,0.38386385455080463,71.93915752520559,97.65516301344215
d8853092,Dom Alimado Restaurant,Lisbon,International,1.0,4.0,29.0,1954.0,0.3774091641567241,71.93915752520559,97.65516301344215
d8630243,Azul Profundo,Lisbon,International,1.0,4.0,18.0,1955.0,0.35695132088130166,71.93915752520559,97.65516301344215
d9820230,Granier paes artesanais,Lisbon,European,1.0,3.5,34.0,1956.0,0.3468132661916366,71.93915752520559,97.65516301344215
d7083082,Angel Kitchen,Lisbon,European,1.0,5.0,8.0,1957.0,0.39848415750581767,71.93915752520559,97.65516301344215
d6622729,Docaria Portugal,Lisbon,Unknown,1.0,4.5,9.0,1958.0,0.36570307424238113,71.93915752520559,97.65516301344215
d8800303,Royal Restaurante,Lisbon,Unknown,1.0,5.0,7.0,1959.0,0.3932086133180299,71.93915752520559,97.65516301344215
d8524672,Dream Pills,Lisbon,Unknown,1.0,4.5,11.0,1960.0,0.3738689231054611,71.93915752520559,97.65516301344215
d11749830,Restaurante Cordeiro,Lisbon,Unknown,1.0,5.0,4.0,1961.0,0.3721574515421169,71.93915752520559,97.65516301344215
d2344563,Porta d' Alfama,Lisbon,European,1.0,3.0,184.0,1962.0,0.3838868758026516,71.93915752520559,97.65516301344215
d2615292,Adega do Almirante,Lisbon,European,1.0,3.5,63.0,1963.0,0.373844465902654,71.93915752520559,97.65516301344215
d8793769,Cook It,Lisbon,Unknown,1.0,4.5,12.0,1964.0,0.3774536463356039,71.93915752520559,97.65516301344215
d9695215,Restaurante E Churrasqueira o Abade,Lisbon,Unknown,1.0,4.0,10.0,1965.0,0.33247137856147346,71.93915752520559,97.65516301344215
d9737235,Restaurante Serra da Estrela,Lisbon,European,1.0,3.5,81.0,1966.0,0.38494457343383726,71.93915752520559,97.65516301344215
d1045674,Casa Faz Frio,Lisbon,European,1.0,3.5,90.0,1967.0,0.38960883678770364,71.93915752520559,97.65516301344215
d7761693,Cabeca de Touro,Lisbon,Unknown,1.0,4.0,11.0,1968.0,0.33636830073792334,71.93915752520559,97.65516301344215
d8071464,A Cidade,Lisbon,Pizza,1.0,4.5,26.0,1969.0,0.41018899917913854,71.93915752520559,97.65516301344215
d6437204,Chico DO Talho,Lisbon,European,1.0,4.0,13.0,1970.0,0.343272404997889,71.93915752520559,97.65516301344215
d12112445,Sabor Da Plicanha,Lisbon,Unknown,1.0,4.5,6.0,1971.0,0.34972693947457034,71.93915752520559,97.65516301344215
d5959956,Restaurante Maracana,Lisbon,Mediterranean,1.0,3.5,167.0,1972.0,0.4170688031708621,71.93915752520559,97.65516301344215
d5565174,Taca Virada Taverna,Lisbon,European,1.0,4.5,15.0,1973.0,0.3867529146204881,71.93915752520559,97.65516301344215
d10026779,Adega Do Lagarto,Lisbon,Unknown,1.0,4.5,9.0,1974.0,0.36570183202312434,71.93915752520559,97.65516301344215
d7347524,Santapiadina,Lisbon,Italian,1.0,4.5,19.0,1975.0,0.3967471432927928,71.93915752520559,97.65516301344215
d2052045,Bacalhau de Molho,Lisbon,European,4.0,4.0,20.0,1976.0,0.3614323304126245,71.93915752520559,97.65516301344215
d10697713,Wok to Walk Chiado,Lisbon,Asian,1.0,4.0,8.0,1977.0,0.3234826062957626,71.93915752520559,97.65516301344215
d10718791,Pizza Pronto Forno a Lenha Curry House,Lisbon,Unknown,1.0,4.5,5.0,1978.0,0.3428221416179211,71.93915752520559,97.65516301344215
d5959933,Piteus - Restaurante Bar,Lisbon,European,1.0,4.0,48.0,1979.0,0.39938174750346117,71.93915752520559,97.65516301344215
d1756349,Adega das Laranjeiras,Lisbon,Portuguese,1.0,4.0,46.0,1980.0,0.3975151913697829,71.93915752520559,97.65516301344215
d8611424,Friendly Food,Lisbon,Unknown,1.0,5.0,6.0,1981.0,0.3872261709336242,71.93915752520559,97.65516301344215
d11847725,Sakana Sushi,Lisbon,Unknown,1.0,4.0,7.0,1982.0,0.31820683574332986,71.93915752520559,97.65516301344215
d5979167,Restaurante Sala Ogival do Castelo de Sao Jorge,Lisbon,Unknown,1.0,4.5,17.0,1983.0,0.39202753527441836,71.93915752520559,97.65516301344215
d6001477,Restaurante O Verissimo,Lisbon,European,1.0,4.5,19.0,1984.0,0.39674645405060527,71.93915752520559,97.65516301344215
d5981486,Novo Seculo,Lisbon,European,1.0,4.5,8.0,1985.0,0.36098199456416014,71.93915752520559,97.65516301344215
d10087956,O Sinal,Lisbon,Unknown,1.0,4.0,14.0,1986.0,0.34636130143471267,71.93915752520559,97.65516301344215
d7824116,Hamburgueria da Parada,Lisbon,Unknown,1.0,4.0,35.0,1987.0,0.385572618881106,71.93915752520559,97.65516301344215
d2564974,Vitaminas,Lisbon,Fast Food,1.0,4.0,89.0,1988.0,0.42661231384556075,71.93915752520559,97.65516301344215
d10520282,Love Lisbon Hostel & Bar,Lisbon,Bar,1.0,4.5,6.0,1989.0,0.3497255616649647,71.93915752520559,97.65516301344215
d5946740,Cucina,Lisbon,Italian,1.0,4.5,11.0,1990.0,0.37386661502886404,71.93915752520559,97.65516301344215
d9702012,Pastelaria Mini Copa,Lisbon,Unknown,1.0,4.5,7.0,1991.0,0.35570615135009226,71.93915752520559,97.65516301344215
d10833818,Pasteleria Sambruno,Lisbon,Unknown,1.0,4.5,3.0,1992.0,0.324660687448055,71.93915752520559,97.65516301344215
d6632927,Cartuchos Do Principe,Lisbon,European,1.0,4.5,33.0,1993.0,0.420512094445502,71.93915752520559,97.65516301344215
d2631420,Tonga,Lisbon,European,1.0,4.0,19.0,1994.0,0.3592456955231783,71.93915752520559,97.65516301344215
d4740858,Cafe Martins,Lisbon,European,1.0,4.5,8.0,1995.0,0.3609812367988856,71.93915752520559,97.65516301344215
d6024480,Parreirinha de Carnide,Lisbon,Unknown,1.0,3.5,32.0,1996.0,0.3441747829497291,71.93915752520559,97.65516301344215
d11814922,Casa Java,Lisbon,Unknown,1.0,4.5,6.0,1997.0,0.34972495727777664,71.93915752520559,97.65516301344215
d11932259,Giginha Popular,Lisbon,European,1.0,3.5,30.0,1998.0,0.3413744064602614,71.93915752520559,97.65516301344215
d6437259,Cesteiro,Lisbon,Seafood,1.0,3.5,106.0,1999.0,0.39686084335440713,71.93915752520559,97.65516301344215
d5977163,Pastelaria Centro Ideal da Graca,Lisbon,Unknown,1.0,4.5,6.0,2000.0,0.34972473187912967,71.93915752520559,97.65516301344215
d12223625,O Reserva,Lisbon,European,1.0,4.0,8.0,2001.0,0.32348078577517636,71.93915752520559,97.65516301344215
d5959279,Restaurante A Botica,Lisbon,Unknown,1.0,4.0,18.0,2002.0,0.35694771737626385,71.93915752520559,97.65516301344215
d8180578,Cervejaria Cana Verde,Lisbon,European,1.0,3.5,35.0,2003.0,0.34807141251458346,71.93915752520559,97.65516301344215
d2707462,Cais Das Colunas,Lisbon,Mediterranean,1.0,3.0,156.0,2004.0,0.37653334212791006,71.93915752520559,97.65516301344215
d7804479,O Hoquista,Lisbon,Unknown,1.0,3.5,22.0,2005.0,0.3280046713845128,71.93915752520559,97.65516301344215
d10165020,Food Palace,Lisbon,Unknown,1.0,4.5,6.0,2006.0,0.34972428310435605,71.93915752520559,97.65516301344215
d12180532,O Triangulo da Ribeira,Lisbon,Unknown,1.0,4.5,5.0,2007.0,0.3428199495073891,71.93915752520559,97.65516301344215
d10276522,Restaurante O Nortenho,Lisbon,European,1.0,4.0,13.0,2008.0,0.3432695223488368,71.93915752520559,97.65516301344215
d8734335,Bodegao,Lisbon,European,1.0,3.5,27.0,2009.0,0.3368148362023682,71.93915752520559,97.65516301344215
d13329788,Tens Ca Disto?,Lisbon,Fast Food,1.0,4.5,3.0,2010.0,0.32465933840682154,71.93915752520559,97.65516301344215
d8083830,Wine Guest,Lisbon,Spanish,1.0,4.5,7.0,2011.0,0.3557046524082754,71.93915752520559,97.65516301344215
d6121452,h3 Hamburgology - Chiado,Lisbon,Unknown,1.0,4.0,34.0,2012.0,0.3843089961775213,71.93915752520559,97.65516301344215
d9607404,Boutique Dos Leitoes,Lisbon,Unknown,1.0,4.5,6.0,2013.0,0.3497237629150175,71.93915752520559,97.65516301344215
d10290589,Restaurante O Repasto,Lisbon,European,1.0,4.0,11.0,2014.0,0.3363648180754855,71.93915752520559,97.65516301344215
d9741416,Rota do Sul - Sabores Mediterranicos,Lisbon,Unknown,1.0,5.0,6.0,2015.0,0.3872236149533283,71.93915752520559,97.65516301344215
d6782118,Pastelaria Flor das Avenidas,Lisbon,Unknown,1.0,4.5,10.0,2016.0,0.36996751529020594,71.93915752520559,97.65516301344215
d8574893,Ti Alcina,Lisbon,Unknown,1.0,4.0,12.0,2017.0,0.3399496315108014,71.93915752520559,97.65516301344215
d9857181,Dhaka Restaurant,Lisbon,Indian,1.0,4.5,10.0,2018.0,0.3699673677683334,71.93915752520559,97.65516301344215
d5959249,Olha Que Dois-Actividades Hoteleiras Lda,Lisbon,Unknown,1.0,4.0,14.0,2019.0,0.3463588317785821,71.93915752520559,97.65516301344215
d11726871,Sabores de Portugal,Lisbon,European,1.0,5.0,0.0,2020.0,0.3000678228479468,71.93915752520559,97.65516301344215
d11855407,Romantic Slice,Lisbon,Unknown,1.0,5.0,0.0,2021.0,0.3000677493423467,71.93915752520559,97.65516301344215
d12959554,Fushanju,Lisbon,Unknown,1.0,5.0,2.0,2022.0,0.349273452090324,71.93915752520559,97.65516301344215
d12612872,TOO Natural Healthy Food,Lisbon,European,1.0,5.0,0.0,2023.0,0.30006760254915615,71.93915752520559,97.65516301344215
d7810324,Al Cantaro Restaurante-Bar,Lisbon,Unknown,1.0,5.0,0.0,2024.0,0.30006752926135033,71.93915752520559,97.65516301344215
d8691572,Double Deuce,Lisbon,Unknown,1.0,5.0,0.0,2025.0,0.3000674560459275,71.93915752520559,97.65516301344215
d10783904,Bolacha-Bolacha cafe,Lisbon,European,1.0,5.0,0.0,2026.0,0.3000673829027805,71.93915752520559,97.65516301344215
d12832409,Tasca Joao dos Cornos,Lisbon,European,1.0,5.0,0.0,2027.0,0.3000673098318024,71.93915752520559,97.65516301344215
d12240414,baaBeat,Lisbon,Brew Pub,1.0,5.0,0.0,2028.0,0.3000672368328864,71.93915752520559,97.65516301344215
d12651403,Ditados D'outono,Lisbon,Unknown,1.0,5.0,2.0,2029.0,0.34927294008679755,71.93915752520559,97.65516301344215
d12702393,Pastelaria Ifni,Lisbon,Unknown,1.0,5.0,2.0,2030.0,0.3492728672316863,71.93915752520559,97.65516301344215
d2492412,Pasta House Rato,Lisbon,Italian,1.0,5.0,4.0,2031.0,0.37215217743879636,71.93915752520559,97.65516301344215
d10207471,Patas Y Tapas,Lisbon,Brazilian,4.0,5.0,3.0,2032.0,0.36215772203589486,71.93915752520559,97.65516301344215
d12909690,Big Kebab House,Lisbon,Unknown,1.0,5.0,0.0,2033.0,0.30006687291551615,71.93915752520559,97.65516301344215
d5989429,Cafe Rainha,Lisbon,Unknown,1.0,5.0,0.0,2034.0,0.3000668003467426,71.93915752520559,97.65516301344215
d5603650,Bons Sabores da Madeira,Lisbon,Unknown,1.0,5.0,0.0,2035.0,0.3000667278492897,71.93915752520559,97.65516301344215
d13421037,Pizzaria Luzzo,Lisbon,Unknown,1.0,5.0,0.0,2036.0,0.30006665542305244,71.93915752520559,97.65516301344215
d13451234,You Cake It,Lisbon,Unknown,1.0,5.0,0.0,2037.0,0.30006658306792583,71.93915752520559,97.65516301344215
d10874735,Low Cost Cais Do Sodre,Lisbon,Unknown,1.0,5.0,0.0,2038.0,0.3000665107838052,71.93915752520559,97.65516301344215
d13373138,Restaurante Contrabando,Lisbon,Barbecue,1.0,5.0,0.0,2039.0,0.3000664385705862,71.93915752520559,97.65516301344215
d12957434,Bizzarrini,Lisbon,Italian,1.0,5.0,0.0,2040.0,0.30006636642816437,71.93915752520559,97.65516301344215
d7813966,Majolie,Lisbon,Unknown,1.0,5.0,0.0,2041.0,0.3000662943564358,71.93915752520559,97.65516301344215
d6116643,Estudantina Cafe,Lisbon,European,1.0,5.0,5.0,2042.0,0.38031738677625776,71.93915752520559,97.65516301344215
d10700793,Churrasqueira da Quinta das Conchas,Lisbon,Unknown,1.0,5.0,0.0,2043.0,0.300066150424643,71.93915752520559,97.65516301344215
d9561885,Slice & Go,Lisbon,Unknown,1.0,5.0,0.0,2044.0,0.30006607856437173,71.93915752520559,97.65516301344215
d13136547,Holy Ice Cream,Lisbon,Unknown,1.0,5.0,0.0,2045.0,0.30006600677437945,71.93915752520559,97.65516301344215
d12879023,Londrina Cafe,Lisbon,Brazilian,1.0,5.0,0.0,2046.0,0.30006593505456314,71.93915752520559,97.65516301344215
d13298844,Mediterraneo,Lisbon,Unknown,1.0,5.0,0.0,2047.0,0.3000658634048199,71.93915752520559,97.65516301344215
d12911309,Shui Jing Gong,Lisbon,Chinese,1.0,5.0,0.0,2048.0,0.30006579182504706,71.93915752520559,97.65516301344215
d13289809,Casa de Barbecue,Lisbon,Unknown,1.0,5.0,0.0,2049.0,0.3000657203151423,71.93915752520559,97.65516301344215
d8146349,TasKa - Snacks & Drinks,Lisbon,Cafe,1.0,5.0,2.0,2050.0,0.34927142505587483,71.93915752520559,97.65516301344215
d13289744,Taberna da Saudade,Lisbon,Unknown,1.0,5.0,0.0,2051.0,0.30006557750452795,71.93915752520559,97.65516301344215
d13495398,Sabores da Penha,Lisbon,Unknown,1.0,5.0,0.0,2052.0,0.3000655062036145,71.93915752520559,97.65516301344215
d13418128,O Navegador,Lisbon,Unknown,1.0,5.0,0.0,2053.0,0.3000654349721613,71.93915752520559,97.65516301344215
d2616974,Soul Food Cafe,Lisbon,Unknown,1.0,5.0,2.0,2054.0,0.3492711399909384,71.93915752520559,97.65516301344215
d6654430,S. Cabral Lopes,Lisbon,Japanese,1.0,5.0,0.0,2055.0,0.30006529271722987,71.93915752520559,97.65516301344215
d1381907,Spot Lx,Lisbon,Unknown,1.0,5.0,2.0,2056.0,0.34927099787442095,71.93915752520559,97.65516301344215
d8736924,Paladares Do Bairro,Lisbon,Unknown,1.0,5.0,3.0,2057.0,0.36215592721910367,71.93915752520559,97.65516301344215
d10459894,O Escondidinho da Travessa,Lisbon,European,1.0,5.0,0.0,2058.0,0.30006507985325453,71.93915752520559,97.65516301344215
d13134185,Madpizza,Lisbon,Pizza,1.0,5.0,0.0,2059.0,0.300065009036439,71.93915752520559,97.65516301344215
d7990584,O Pontao,Lisbon,Unknown,1.0,5.0,0.0,2060.0,0.3000649382883777,71.93915752520559,97.65516301344215
d2615518,CampoReal Clubhouse,Lisbon,Unknown,1.0,5.0,3.0,2061.0,0.3621556440891497,71.93915752520559,97.65516301344215
d4132735,Bebe Gourmet,Lisbon,International,1.0,5.0,3.0,2062.0,0.36215557347829674,71.93915752520559,97.65516301344215
d12259305,Stephens Eat Drink & Dance,Lisbon,Brazilian,1.0,5.0,2.0,2063.0,0.3492705026365907,71.93915752520559,97.65516301344215
d8298503,Arco Iris,Lisbon,Unknown,1.0,5.0,0.0,2064.0,0.3000646559816757,71.93915752520559,97.65516301344215
d3849447,P Chiado,Lisbon,European,1.0,5.0,0.0,2065.0,0.30006458557588805,71.93915752520559,97.65516301344215
d4414995,Restauracao,Lisbon,European,1.0,5.0,0.0,2066.0,0.300064515238257,71.93915752520559,97.65516301344215
d4723580,There Pizzas E Massas,Lisbon,Italian,1.0,5.0,0.0,2067.0,0.3000644449686836,71.93915752520559,97.65516301344215
d9764067,Desabafos Com Sabor,Lisbon,Unknown,1.0,5.0,0.0,2068.0,0.30006437476706926,71.93915752520559,97.65516301344215
d13426944,Tayybeh,Lisbon,Lebanese,1.0,5.0,0.0,2069.0,0.3000643046333153,71.93915752520559,97.65516301344215
d8580999,Restaurante Zero,Lisbon,European,1.0,5.0,4.0,2070.0,0.37214939373867323,71.93915752520559,97.65516301344215
d12556489,Lambretta Lanchonete,Lisbon,Unknown,1.0,5.0,0.0,2071.0,0.3000641645689955,71.93915752520559,97.65516301344215
d7989339,Be Bel,Lisbon,Unknown,1.0,5.0,0.0,2072.0,0.30006409463823347,71.93915752520559,97.65516301344215
d11965242,Esquina da Bica Bar,Lisbon,European,1.0,5.0,0.0,2073.0,0.30006402477493965,71.93915752520559,97.65516301344215
d13482576,Crafty Corner,Lisbon,Pub,1.0,5.0,0.0,2074.0,0.30006395497901645,71.93915752520559,97.65516301344215
d10457805,Thirdeye Restaurant,Lisbon,Indian,1.0,5.0,3.0,2075.0,0.36215466173054556,71.93915752520559,97.65516301344215
d8786129,Paduca,Lisbon,Unknown,1.0,5.0,0.0,2076.0,0.3000638155888923,71.93915752520559,97.65516301344215
d12540474,Teiota,Lisbon,Caribbean,1.0,5.0,0.0,2077.0,0.3000637459944971,71.93915752520559,97.65516301344215
d12360369,Los Hermanos Bar,Lisbon,Brazilian,1.0,5.0,0.0,2078.0,0.30006367646708404,71.93915752520559,97.65516301344215
d6856586,Brownie,Lisbon,International,1.0,5.0,3.0,2079.0,0.36215438348673556,71.93915752520559,97.65516301344215
d9710839,Zymology,Lisbon,Unknown,1.0,5.0,0.0,2080.0,0.30006353761281773,71.93915752520559,97.65516301344215
d11845174,Tertulia da Gula,Lisbon,Unknown,1.0,5.0,0.0,2081.0,0.30006346828577174,71.93915752520559,97.65516301344215
d10250621,O Cuco,Lisbon,Unknown,1.0,5.0,3.0,2082.0,0.36215417550550155,71.93915752520559,97.65516301344215
d8630276,Menina Sardinha,Lisbon,Unknown,1.0,5.0,0.0,2083.0,0.3000633298313737,71.93915752520559,97.65516301344215
d12050622,B.Eat Street,Lisbon,Unknown,1.0,5.0,0.0,2084.0,0.3000632607038299,71.93915752520559,97.65516301344215
d10147290,Croco,Lisbon,European,1.0,5.0,0.0,2085.0,0.3000631916425955,71.93915752520559,97.65516301344215
d8809592,Pecado Bem Passado,Lisbon,Unknown,1.0,5.0,0.0,2086.0,0.3000631226475751,71.93915752520559,97.65516301344215
d12384191,TASCO ganancias,Lisbon,Unknown,1.0,5.0,2.0,2087.0,0.3492688298995452,71.93915752520559,97.65516301344215
d13228347,A Tasquinha do Conde,Lisbon,American,1.0,5.0,0.0,2088.0,0.30006298485579597,71.93915752520559,97.65516301344215
d4591421,Sao Vicente,Lisbon,European,1.0,5.0,2.0,2089.0,0.34926869223971896,71.93915752520559,97.65516301344215
d10043267,21 Graus Gastrobar,Lisbon,Unknown,1.0,5.0,2.0,2090.0,0.3492686235086047,71.93915752520559,97.65516301344215
d12949204,Restaurante Cantarinha Beirao,Lisbon,European,1.0,5.0,0.0,2091.0,0.30006277866235886,71.93915752520559,97.65516301344215
d11094480,Lucky cafe-bar,Lisbon,European,1.0,5.0,0.0,2092.0,0.3000627100626303,71.93915752520559,97.65516301344215
d12511912,Pastelaria Cici,Lisbon,Unknown,1.0,5.0,0.0,2093.0,0.3000626415284533,71.93915752520559,97.65516301344215
d12871916,Pastelaria Sao Jorge Snack Bar,Lisbon,Bar,1.0,5.0,2.0,2094.0,0.3492683492406055,71.93915752520559,97.65516301344215
d3330620,Restaurante Retiro Do Marisco,Lisbon,European,1.0,5.0,3.0,2095.0,0.3621532811365577,71.93915752520559,97.65516301344215
d12948775,Nandu's,Lisbon,Unknown,1.0,5.0,0.0,2096.0,0.3000624363182935,71.93915752520559,97.65516301344215
d11714320,Casa de Kebab & Grill,Lisbon,Unknown,1.0,5.0,3.0,2097.0,0.36215314452556463,71.93915752520559,97.65516301344215
d6107647,Churrasco da Graca,Lisbon,Unknown,1.0,5.0,5.0,2098.0,0.3803134642585224,71.93915752520559,97.65516301344215
d10478201,New Level Caffe,Lisbon,Unknown,1.0,5.0,0.0,2099.0,0.30006223169472773,71.93915752520559,97.65516301344215
d10170234,Restaurante Estrela Dos Anjos,Lisbon,Unknown,1.0,5.0,2.0,2100.0,0.3492679397976638,71.93915752520559,97.65516301344215
d10607363,La Chandeleur,Lisbon,Unknown,1.0,5.0,3.0,2101.0,0.36215287208384117,71.93915752520559,97.65516301344215
d10375857,Claramelodia,Lisbon,Unknown,1.0,5.0,0.0,2102.0,0.30006202765524453,71.93915752520559,97.65516301344215
d11918778,Os 4 Minhotos,Lisbon,European,1.0,5.0,2.0,2103.0,0.3492677359523191,71.93915752520559,97.65516301344215
d12381625,Cool Snack,Lisbon,European,1.0,5.0,0.0,2104.0,0.3000618919521788,71.93915752520559,97.65516301344215
d12998325,Fruta da Vila,Lisbon,European,1.0,5.0,0.0,2105.0,0.3000618241973465,71.93915752520559,97.65516301344215
d10246239,Restaurante Equilibrio,Lisbon,European,1.0,5.0,3.0,2106.0,0.3621525329870379,71.93915752520559,97.65516301344215
d12475377,Cova Funda,Lisbon,Unknown,1.0,5.0,0.0,2107.0,0.30006168888062396,71.93915752520559,97.65516301344215
d4026719,Ijorgel,Lisbon,European,1.0,5.0,4.0,2108.0,0.37214678048990046,71.93915752520559,97.65516301344215
d7622301,Contessa Antipasti,Lisbon,Italian,1.0,5.0,2.0,2109.0,0.3492673300014192,71.93915752520559,97.65516301344215
d13417898,Churrasqueira XXI,Lisbon,Steakhouse,1.0,5.0,0.0,2110.0,0.30006148638652375,71.93915752520559,97.65516301344215
d3609984,Super Sabor,Lisbon,International,1.0,5.0,2.0,2111.0,0.3492671951972597,71.93915752520559,97.65516301344215
d10167781,Restaurent de Barro & Cocktail Bar,Lisbon,European,1.0,5.0,0.0,2112.0,0.3000613517100499,71.93915752520559,97.65516301344215
d12692843,O Escondidinho,Lisbon,European,1.0,5.0,0.0,2113.0,0.3000612844674186,71.93915752520559,97.65516301344215
d10661927,Vitaminas & Companhia,Lisbon,Unknown,1.0,5.0,0.0,2114.0,0.3000612172884038,71.93915752520559,97.65516301344215
d8598311,Restaurante Tipico Alentejano,Lisbon,Unknown,1.0,5.0,0.0,2115.0,0.3000611501729153,71.93915752520559,97.65516301344215
d12687081,Smoothie Bar,Lisbon,Street Food,1.0,5.0,0.0,2116.0,0.30006108312086294,71.93915752520559,97.65516301344215
d12017002,Favela Lx,Lisbon,Bar,1.0,5.0,0.0,2117.0,0.30006101613215685,71.93915752520559,97.65516301344215
d13226748,Restaurante Eataly,Lisbon,Unknown,1.0,5.0,0.0,2118.0,0.3000609492067074,71.93915752520559,97.65516301344215
d12043663,Eden Bife,Lisbon,Unknown,1.0,5.0,0.0,2119.0,0.3000608823444249,71.93915752520559,97.65516301344215
d8674537,Pastelaria Belo Horizonte,Lisbon,European,1.0,5.0,4.0,2120.0,0.37214597471656985,71.93915752520559,97.65516301344215
d12506279,Tasquinha da Isilda,Lisbon,Unknown,1.0,5.0,0.0,2121.0,0.3000607488090036,71.93915752520559,97.65516301344215
d10371657,"Freitas Almeida & Medeiros, Lda",Lisbon,Unknown,1.0,5.0,0.0,2122.0,0.3000606821356865,71.93915752520559,97.65516301344215
d13457625,Munchies,Lisbon,Bar,1.0,5.0,0.0,2123.0,0.3000606155251799,71.93915752520559,97.65516301344215
d5999571,NOITibo,Lisbon,Bar,1.0,5.0,4.0,2124.0,0.3721457081487448,71.93915752520559,97.65516301344215
d12437853,Arcada das Chichas,Lisbon,Unknown,1.0,5.0,0.0,2125.0,0.3000604824922434,71.93915752520559,97.65516301344215
d12865505,Hanami Sushi Alegro Alfragide,Lisbon,Japanese,1.0,5.0,0.0,2126.0,0.30006041606963657,71.93915752520559,97.65516301344215
d10113723,Alma Fidalga,Lisbon,African,1.0,5.0,4.0,2127.0,0.37214550888083614,71.93915752520559,97.65516301344215
d8133272,Hollywood Canteen,Lisbon,International,1.0,5.0,0.0,2128.0,0.3000602834117047,71.93915752520559,97.65516301344215
d10859269,Restaurante As Parreiras,Lisbon,International,1.0,5.0,0.0,2129.0,0.30006021717620374,71.93915752520559,97.65516301344215
d5959099,Tasquim,Lisbon,Unknown,1.0,5.0,3.0,2130.0,0.3621509274830749,71.93915752520559,97.65516301344215
d13481992,Restaurante O Foguete,Lisbon,Unknown,1.0,5.0,0.0,2131.0,0.3000600848916931,71.93915752520559,97.65516301344215
d10755939,Arcobianco_comercio de Gelados,Lisbon,Italian,1.0,5.0,0.0,2132.0,0.30006001884250855,71.93915752520559,97.65516301344215
d7747009,Cantinho das Delicias,Lisbon,Halal,1.0,5.0,2.0,2133.0,0.3492657290361263,71.93915752520559,97.65516301344215
d12144070,Portuscale,Lisbon,European,1.0,5.0,2.0,2134.0,0.3492656631107162,71.93915752520559,97.65516301344215
d13313742,Lisboa Tu e Eu 2,Lisbon,International,1.0,5.0,0.0,2135.0,0.3000598210661914,71.93915752520559,97.65516301344215
d10086622,Nepal Curry House,Lisbon,Unknown,1.0,5.0,2.0,2136.0,0.34926553144507977,71.93915752520559,97.65516301344215
d13005314,"Jesus & Sousa, Lda",Lisbon,European,1.0,5.0,0.0,2137.0,0.30005968952380857,71.93915752520559,97.65516301344215
d12452223,Shilabo's,Lisbon,Unknown,1.0,5.0,0.0,2138.0,0.300059623844906,71.93915752520559,97.65516301344215
d13095092,Myiced Campo de Ourique,Lisbon,Cafe,1.0,5.0,0.0,2139.0,0.3000595582274143,71.93915752520559,97.65516301344215
d3193915,a pestiqueria da estrela,Lisbon,European,1.0,5.0,2.0,2140.0,0.3492652688521189,71.93915752520559,97.65516301344215
d12451479,Tartana,Lisbon,Unknown,1.0,5.0,0.0,2141.0,0.3000594271763192,71.93915752520559,97.65516301344215
d7994874,Mercearia Kor Fusao,Lisbon,Unknown,1.0,5.0,0.0,2142.0,0.30005936174254416,71.93915752520559,97.65516301344215
d12502802,O Cafe Esta Na Origem,Lisbon,Unknown,1.0,5.0,2.0,2143.0,0.3492650725507081,71.93915752520559,97.65516301344215
d11952210,A Pateira,Lisbon,Mediterranean,1.0,5.0,0.0,2144.0,0.30005923105811094,71.93915752520559,97.65516301344215
d13402726,GoCool,Lisbon,Unknown,1.0,5.0,0.0,2145.0,0.30005916580728204,71.93915752520559,97.65516301344215
d8670585,Ventura & Licitra,Lisbon,Unknown,1.0,5.0,3.0,2146.0,0.36214987709744395,71.93915752520559,97.65516301344215
d10470712,Maria Baunilha,Lisbon,Cafe,1.0,5.0,0.0,2147.0,0.300059035487974,71.93915752520559,97.65516301344215
d9981990,N.1 Street Food,Lisbon,Unknown,1.0,5.0,3.0,2148.0,0.36214974689950435,71.93915752520559,97.65516301344215
d10470568,Smarta,Lisbon,Unknown,1.0,5.0,4.0,2149.0,0.37214406458258315,71.93915752520559,97.65516301344215
d3526688,B S,Lisbon,European,1.0,5.0,0.0,2150.0,0.30005884046361425,71.93915752520559,97.65516301344215
d7615561,O Burladero,Lisbon,Spanish,1.0,5.0,0.0,2151.0,0.30005877557638344,71.93915752520559,97.65516301344215
d11910247,Sabe Sabim,Lisbon,Unknown,1.0,5.0,2.0,2152.0,0.34926448693032836,71.93915752520559,97.65516301344215
d10367217,J&f Restaurant,Lisbon,Indian,1.0,5.0,3.0,2153.0,0.36214942246292936,71.93915752520559,97.65516301344215
d4555128,Restaurante O Pato,Lisbon,European,1.0,5.0,0.0,2154.0,0.3000585812761798,71.93915752520559,97.65516301344215
d4066105,Restaurante Casa Tua,Lisbon,European,1.0,5.0,7.0,2155.0,0.3931946813499307,71.93915752520559,97.65516301344215
d13189918,Pastelaria Flor de Arroios,Lisbon,Mediterranean,1.0,5.0,0.0,2156.0,0.30005845204311293,71.93915752520559,97.65516301344215
d3474256,SINS - Restaurante|Bar,Lisbon,European,1.0,5.0,2.0,2157.0,0.3492641636973211,71.93915752520559,97.65516301344215
d8359913,Seafood,Lisbon,Unknown,1.0,5.0,0.0,2158.0,0.3000583230495884,71.93915752520559,97.65516301344215
d12886046,The Food for Real,Lisbon,Unknown,1.0,5.0,0.0,2159.0,0.3000582586424465,71.93915752520559,97.65516301344215
d12396512,Ginja Com Elas,Lisbon,Wine Bar,1.0,5.0,2.0,2160.0,0.34926397047581237,71.93915752520559,97.65516301344215
d5786781,Restaurante O Forte,Lisbon,Unknown,1.0,5.0,2.0,2161.0,0.34926390618786013,71.93915752520559,97.65516301344215
d4115070,O puladinho,Lisbon,Brazilian,1.0,5.0,0.0,2162.0,0.30005806577850713,71.93915752520559,97.65516301344215
d8692585,Markt 7,Lisbon,Unknown,1.0,5.0,0.0,2163.0,0.30005800160941404,71.93915752520559,97.65516301344215
d7792444,"O Pincho, Actividades Hoteleiras Lda.",Lisbon,European,1.0,5.0,0.0,2164.0,0.30005793749962695,71.93915752520559,97.65516301344215
d10159568,Boca Cafe,Lisbon,International,1.0,4.0,25.0,2165.0,0.37098484939789117,71.93915752520559,97.65516301344215
d13455202,Naked,Lisbon,Mediterranean,1.0,4.5,3.0,2166.0,0.32464858593782137,71.93915752520559,97.65516301344215
d9850318,Tappas Caffe Parque das Nacoes,Lisbon,European,1.0,4.0,141.0,2167.0,0.4470244206687657,71.93915752520559,97.65516301344215
d12856932,Otaviano Olive&Jazz,Lisbon,Italian,1.0,4.5,4.0,2168.0,0.334642840823247,71.93915752520559,97.65516301344215
d11803632,Uma pizza em companhia,Lisbon,Italian,1.0,5.0,4.0,2169.0,0.37214277700876025,71.93915752520559,97.65516301344215
d4735913,Torre pizza,Lisbon,Pizza,1.0,4.0,27.0,2170.0,0.37430375404492294,71.93915752520559,97.65516301344215
d5923635,Lisboa Restaurante,Lisbon,Unknown,1.0,4.0,12.0,2171.0,0.3399390780935392,71.93915752520559,97.65516301344215
d3982539,Leitaria Anunciada,Lisbon,European,1.0,3.5,110.0,2172.0,0.3984927051819802,71.93915752520559,97.65516301344215
d7681345,Pastelaria Fatima,Lisbon,European,1.0,4.5,6.0,2173.0,0.3497127866498083,71.93915752520559,97.65516301344215
d11672133,Marafada A Mercearia Algarvia,Lisbon,European,1.0,4.5,3.0,2174.0,0.32464807612576063,71.93915752520559,97.65516301344215
d2423600,O Vicentinho,Lisbon,European,1.0,4.0,36.0,2175.0,0.3867867384373619,71.93915752520559,97.65516301344215
d10042403,Solar Do Morais,Lisbon,Mediterranean,1.0,4.0,30.0,2176.0,0.37886212065186786,71.93915752520559,97.65516301344215
d11659267,A Loja do Sr. Rocha,Lisbon,Unknown,1.0,4.5,6.0,2177.0,0.34971253291506016,71.93915752520559,97.65516301344215
d11506446,Santos & Cerveira,Lisbon,Italian,1.0,4.5,5.0,2178.0,0.34280821056495325,71.93915752520559,97.65516301344215
d12418590,Pao de Chocolate,Lisbon,Unknown,1.0,4.0,7.0,2179.0,0.3181931476342865,71.93915752520559,97.65516301344215
d7247750,Marisqueira Azul,Lisbon,Seafood,1.0,3.5,110.0,2180.0,0.39849219817751647,71.93915752520559,97.65516301344215
d6958982,Casa de Cha de Belem - Confraria da Empada,Lisbon,European,1.0,4.0,42.0,2181.0,0.39351735263125814,71.93915752520559,97.65516301344215
d2329344,Restaurante Hong Kong LDA,Lisbon,Chinese,1.0,4.0,33.0,2182.0,0.38299905263547707,71.93915752520559,97.65516301344215
d7254236,Aya Bistro,Lisbon,Japanese,1.0,4.5,10.0,2183.0,0.36995612826405166,71.93915752520559,97.65516301344215
d5568738,Os Duques do Cais,Lisbon,European,1.0,5.0,7.0,2184.0,0.39319283235295904,71.93915752520559,97.65516301344215
d4740979,Rio Alva Restaurante,Lisbon,European,1.0,5.0,4.0,2185.0,0.3721417639209267,71.93915752520559,97.65516301344215
d4954802,Restaurantes em lsboa,Lisbon,European,1.0,4.0,35.0,2186.0,0.3855588707659186,71.93915752520559,97.65516301344215
d5959145,Eccellenza,Lisbon,Unknown,1.0,4.0,37.0,2187.0,0.3879804262665733,71.93915752520559,97.65516301344215
d10836855,Nepon Snack Bar,Lisbon,Unknown,1.0,4.5,3.0,2188.0,0.3246471929252962,71.93915752520559,97.65516301344215
d6437904,Charlot,Lisbon,European,1.0,4.0,27.0,2189.0,0.3743025537548451,71.93915752520559,97.65516301344215
d12696341,Snack Continental Lda,Lisbon,Unknown,1.0,4.5,4.0,2190.0,0.3346414503667728,71.93915752520559,97.65516301344215
d12910024,Adega Popular,Lisbon,Unknown,1.0,4.5,3.0,2191.0,0.32464700513650346,71.93915752520559,97.65516301344215
d10058077,Level by Nescafe Dolce Gusto,Lisbon,Unknown,1.0,4.5,21.0,2192.0,0.40100095210501285,71.93915752520559,97.65516301344215
d5959836,Churrasqueira da Beira Lda.,Lisbon,Unknown,1.0,4.5,9.0,2193.0,0.36568665116067184,71.93915752520559,97.65516301344215
d10748845,Restauratne O Camoes,Lisbon,Seafood,1.0,4.5,3.0,2194.0,0.32464681786126254,71.93915752520559,97.65516301344215
d5981466,Aya Bistrot,Lisbon,Japanese,1.0,4.0,7.0,2195.0,0.31819214379003047,71.93915752520559,97.65516301344215
d7716771,Cervejaria o Mateus,Lisbon,European,1.0,4.0,9.0,2196.0,0.3281864642266293,71.93915752520559,97.65516301344215
d4469044,Instituto dos Vinhos do Douro e Porto,Lisbon,Wine Bar,1.0,3.5,145.0,2197.0,0.41076674942585156,71.93915752520559,97.65516301344215
d12523552,Sabor Da Terra Restaurante Cafetaria,Lisbon,Unknown,1.0,4.5,3.0,2198.0,0.3246465689561653,71.93915752520559,97.65516301344215
d3628740,Pasta Caffe - Docas,Lisbon,Italian,1.0,4.0,42.0,2199.0,0.3935162263944406,71.93915752520559,97.65516301344215
d12156793,A Estrela de Belem,Lisbon,Grill,1.0,4.5,3.0,2200.0,0.32464644484303273,71.93915752520559,97.65516301344215
d806496,Estado Liquido Sushi Lounge,Lisbon,Japanese,4.0,3.5,216.0,2201.0,0.42851597774745614,71.93915752520559,97.65516301344215
d4108178,Restaurante Varina da Esperanca,Lisbon,European,1.0,5.0,4.0,2202.0,0.37214070364652596,71.93915752520559,97.65516301344215
d4300612,Thai Square Lisbon,Lisbon,Asian,1.0,4.0,58.0,2203.0,0.4076844199609943,71.93915752520559,97.65516301344215
d697205,A Colmeia,Lisbon,Vegetarian Friendly,1.0,4.5,15.0,2204.0,0.3867369737726988,71.93915752520559,97.65516301344215
d12426279,22 Lounge Bar,Lisbon,Unknown,1.0,4.5,3.0,2205.0,0.3246461355452261,71.93915752520559,97.65516301344215
d6874344,Amor Bio,Lisbon,Vegetarian Friendly,1.0,4.5,6.0,2206.0,0.34971072085673943,71.93915752520559,97.65516301344215
d11795844,Kasthamandap Restaurant And Cafe House,Lisbon,Indian,1.0,4.5,3.0,2207.0,0.32464601221850664,71.93915752520559,97.65516301344215
d12912818,Cave Rock Bar,Lisbon,Bar,1.0,4.5,3.0,2208.0,0.32464595063892865,71.93915752520559,97.65516301344215
d12316279,Vamos Ao Algarve,Lisbon,Unknown,1.0,4.0,6.0,2209.0,0.3122105361179296,71.93915752520559,97.65516301344215
d8843537,Pizzaria Va Bene,Lisbon,Italian,1.0,4.0,27.0,2210.0,0.3743012511299619,71.93915752520559,97.65516301344215
d7994758,Restaurante UQ,Lisbon,European,1.0,4.0,11.0,2211.0,0.3363515424152838,71.93915752520559,97.65516301344215
d10699414,Sirijana,Lisbon,Unknown,1.0,4.0,9.0,2212.0,0.32818547580865426,71.93915752520559,97.65516301344215
d3853126,Especiaria Cheirosa,Lisbon,Mediterranean,1.0,3.5,39.0,2213.0,0.3527761909872668,71.93915752520559,97.65516301344215
d11965855,Mr. India,Lisbon,Unknown,1.0,4.5,12.0,2214.0,0.3774363935581958,71.93915752520559,97.65516301344215
d10357004,Flor do Conde,Lisbon,French,1.0,4.5,10.0,2215.0,0.36995414234920526,71.93915752520559,97.65516301344215
d8107342,Jurgen's,Lisbon,Unknown,1.0,4.5,12.0,2216.0,0.3774362712316441,71.93915752520559,97.65516301344215
d12877341,Sky Bar Oriente,Lisbon,Japanese,1.0,4.0,12.0,2217.0,0.33993621015113307,71.93915752520559,97.65516301344215
d11711074,Turim Restauradores Hotel,Lisbon,Unknown,1.0,4.0,12.0,2218.0,0.3399361491256992,71.93915752520559,97.65516301344215
d8496485,Leitaria Moderna,Lisbon,Unknown,1.0,4.5,4.0,2219.0,0.33463965961787995,71.93915752520559,97.65516301344215
d8458924,Alfama Wine and Company,Lisbon,Unknown,1.0,4.5,8.0,2220.0,0.36096599189277045,71.93915752520559,97.65516301344215
d7067813,Cafe 35,Lisbon,European,1.0,4.5,12.0,2221.0,0.37743596637911647,71.93915752520559,97.65516301344215
d7247531,Sfizo Cafe,Lisbon,Italian,1.0,4.0,19.0,2222.0,0.35923025351603877,71.93915752520559,97.65516301344215
d2059492,Restaurante Carmar,Lisbon,Portuguese,1.0,4.0,34.0,2223.0,0.3842948397677018,71.93915752520559,97.65516301344215
d10235324,Don Costini - Saldanha,Lisbon,Italian,1.0,3.5,68.0,2224.0,0.3771957097515777,71.93915752520559,97.65516301344215
d12196187,Talho do Mercado,Lisbon,Unknown,1.0,3.5,26.0,2225.0,0.33517146431746025,71.93915752520559,97.65516301344215
d7285139,Comibebe,Lisbon,Unknown,1.0,4.0,30.0,2226.0,0.3788590230609391,71.93915752520559,97.65516301344215
d697252,Porto de Abrigo,Lisbon,Unknown,1.0,4.5,9.0,2227.0,0.36568456206572386,71.93915752520559,97.65516301344215
d10790273,Hungry Eye Resturent Bar & Cafe,Lisbon,Indian,1.0,4.5,7.0,2228.0,0.35569011889581714,71.93915752520559,97.65516301344215
d12156782,Gremio by Banita,Lisbon,European,1.0,4.5,3.0,2229.0,0.3246446702312567,71.93915752520559,97.65516301344215
d10056998,Vitaminas Armazens Chiado,Lisbon,Unknown,1.0,4.0,11.0,2230.0,0.3363503860418498,71.93915752520559,97.65516301344215
d8661163,Santos o Vinho,Lisbon,Unknown,1.0,4.5,8.0,2231.0,0.3609653254263833,71.93915752520559,97.65516301344215
d8592826,Quiosque dos Sabores,Lisbon,European,1.0,4.5,7.0,2232.0,0.3556898775227967,71.93915752520559,97.65516301344215
d8078713,Steps,Lisbon,Unknown,1.0,4.5,5.0,2233.0,0.342804817015351,71.93915752520559,97.65516301344215
d2319065,Cantina Lx,Lisbon,European,1.0,3.5,321.0,2234.0,0.44619014131713675,71.93915752520559,97.65516301344215
d6849680,A Churrasquinha,Lisbon,Unknown,1.0,4.5,5.0,2235.0,0.34280469676070735,71.93915752520559,97.65516301344215
d813047,Outro Tempo Bar,Lisbon,European,1.0,4.0,24.0,2236.0,0.3692237906357956,71.93915752520559,97.65516301344215
d4091101,O Paco,Lisbon,European,1.0,4.0,68.0,2237.0,0.4146949256348916,71.93915752520559,97.65516301344215
d12728501,Garrafeira Imperial,Lisbon,Unknown,1.0,4.0,11.0,2238.0,0.3363499050218296,71.93915752520559,97.65516301344215
d2091250,Restaurant 33,Lisbon,Mediterranean,1.0,3.5,185.0,2239.0,0.4216094047695091,71.93915752520559,97.65516301344215
d4067728,NATA Lisboa Principe Real,Lisbon,Cafe,1.0,4.5,7.0,2240.0,0.3556893973628953,71.93915752520559,97.65516301344215
d2605405,Duriense,Lisbon,Unknown,1.0,4.5,3.0,2241.0,0.32464394934386215,71.93915752520559,97.65516301344215
d1796204,Espaco Lisboa,Lisbon,Portuguese,1.0,4.0,75.0,2242.0,0.41902244848885956,71.93915752520559,97.65516301344215
d10322063,Dim Sum Park,Lisbon,Chinese,1.0,4.0,17.0,2243.0,0.3545099940675366,71.93915752520559,97.65516301344215
d12966479,Chicken All Around,Lisbon,Unknown,1.0,4.5,4.0,2244.0,0.3346381530178756,71.93915752520559,97.65516301344215
d9756092,Sushi Restaurante Japones,Lisbon,Unknown,1.0,4.5,6.0,2245.0,0.3497083577634654,71.93915752520559,97.65516301344215
d6583191,Raffaello,Lisbon,Italian,1.0,3.5,61.0,2246.0,0.3724032108811069,71.93915752520559,97.65516301344215
d8397886,Nelson Leiteira,Lisbon,European,1.0,4.0,25.0,2247.0,0.3709797912562126,71.93915752520559,97.65516301344215
d3842800,Cinco Jotas,Lisbon,Unknown,1.0,4.0,22.0,2248.0,0.3654884930541224,71.93915752520559,97.65516301344215
d8075024,Tambarina 2,Lisbon,African,1.0,4.0,23.0,2249.0,0.3673946374470517,71.93915752520559,97.65516301344215
d12451223,Ta Berna,Lisbon,European,1.0,4.5,3.0,2250.0,0.324643413724528,71.93915752520559,97.65516301344215
d6879152,Sol e Mar Restaurante,Lisbon,European,1.0,4.5,9.0,2251.0,0.36568312540691467,71.93915752520559,97.65516301344215
d11743724,Hamburgueria do Bairro,Lisbon,European,1.0,4.0,7.0,2252.0,0.3181886835194894,71.93915752520559,97.65516301344215
d697294,Costa do Castelo,Lisbon,Portuguese,1.0,4.0,58.0,2253.0,0.40768139700081785,71.93915752520559,97.65516301344215
d5981505,Restaurante Adega Peseta,Lisbon,Unknown,1.0,4.5,3.0,2254.0,0.32464317704446727,71.93915752520559,97.65516301344215
d8482464,Sabor K Intende,Lisbon,Unknown,1.0,4.0,10.0,2255.0,0.33245173921610666,71.93915752520559,97.65516301344215
d7694431,Sucreer,Lisbon,Unknown,1.0,5.0,8.0,2256.0,0.398463834900735,71.93915752520559,97.65516301344215
d11510543,Bar Bentos,Lisbon,European,1.0,4.5,2.0,2257.0,0.31175799978565477,71.93915752520559,97.65516301344215
d10390366,Giradiscos Cafe,Lisbon,European,1.0,4.0,7.0,2258.0,0.3181883294430437,71.93915752520559,97.65516301344215
d8802156,Ingrediente wines & fine food,Lisbon,Spanish,1.0,5.0,8.0,2259.0,0.3984636582546409,71.93915752520559,97.65516301344215
d8614012,A Tasca Do Poeta,Lisbon,European,1.0,4.5,12.0,2260.0,0.3774336348238203,71.93915752520559,97.65516301344215
d10372787,Manolo,Lisbon,European,1.0,4.0,11.0,2261.0,0.3363485410503105,71.93915752520559,97.65516301344215
d11955037,Burger Chips Belgium,Lisbon,Fast Food,1.0,4.0,5.0,2262.0,0.3053030941363221,71.93915752520559,97.65516301344215
d713345,Solar S-o Cristov-o,Lisbon,African,1.0,4.5,6.0,2263.0,0.3497072945763219,71.93915752520559,97.65516301344215
d2707478,Macario,Lisbon,Unknown,1.0,4.5,3.0,2264.0,0.32464258900323867,71.93915752520559,97.65516301344215
d9722806,Maya Restaurante Indiano & Portuguese,Lisbon,Indian,1.0,4.5,6.0,2265.0,0.3497071774875244,71.93915752520559,97.65516301344215
d12579615,O Trem,Lisbon,Contemporary,1.0,4.5,3.0,2266.0,0.32464247201780805,71.93915752520559,97.65516301344215
d10178220,Manny's Bar,Lisbon,Bar,1.0,5.0,4.0,2267.0,0.37213679629366875,71.93915752520559,97.65516301344215
d10337998,Escondidinho da Curva,Lisbon,European,1.0,4.5,3.0,2268.0,0.3246423552387009,71.93915752520559,97.65516301344215
d10284628,Gin 66,Lisbon,European,1.0,4.0,28.0,2269.0,0.37586942650288124,71.93915752520559,97.65516301344215
d2615688,Gustus & Sushi Alentejano Restaurant,Lisbon,Sushi,1.0,3.5,119.0,2270.0,0.40197856225768286,71.93915752520559,97.65516301344215
d8023478,GoTasty,Lisbon,Unknown,1.0,5.0,4.0,2271.0,0.37213656314687493,71.93915752520559,97.65516301344215
d7792309,A Beirense Lda,Lisbon,European,1.0,4.5,8.0,2272.0,0.3609628981788417,71.93915752520559,97.65516301344215
d2085159,A Gruta de Camoes,Lisbon,Portuguese,1.0,3.5,107.0,2273.0,0.397259392732639,71.93915752520559,97.65516301344215
d7243128,Tasca do Salgueiro,Lisbon,Portuguese,1.0,4.0,84.0,2274.0,0.4240332596486037,71.93915752520559,97.65516301344215
d13133663,Papi & Lobster,Lisbon,Italian,1.0,4.5,4.0,2275.0,0.334636330819938,71.93915752520559,97.65516301344215
d11916142,Vinhos de Seleccao,Lisbon,Unknown,1.0,5.0,9.0,2276.0,0.40318166110588943,71.93915752520559,97.65516301344215
d10517327,Nautico Restaurante,Lisbon,European,1.0,4.5,3.0,2277.0,0.32464183227139504,71.93915752520559,97.65516301344215
d12968315,Bar Grand'Ellias,Lisbon,Unknown,1.0,4.5,2.0,2278.0,0.3117567741196901,71.93915752520559,97.65516301344215
d6632668,Olla Lisboa,Lisbon,Mediterranean,1.0,3.5,160.0,2279.0,0.4151421007740851,71.93915752520559,97.65516301344215
d7725553,Indreni,Lisbon,Indian,1.0,4.5,16.0,2280.0,0.38944775320982356,71.93915752520559,97.65516301344215
d7808574,Saber Sabor & Arte,Lisbon,Unknown,1.0,4.5,7.0,2281.0,0.35568698940624827,71.93915752520559,97.65516301344215
d7254654,Vinharia,Lisbon,Wine Bar,1.0,4.5,6.0,2282.0,0.34970619051926655,71.93915752520559,97.65516301344215
d8066990,Tasca Dos Canarios Amarelos,Lisbon,Bar,1.0,4.0,23.0,2283.0,0.3673926503381878,71.93915752520559,97.65516301344215
d10427577,Tiborna - Taberna Portuguesa,Lisbon,European,1.0,4.5,3.0,2284.0,0.32464142836844956,71.93915752520559,97.65516301344215
d10003138,Gaijin Sushi Bar,Lisbon,Unknown,1.0,3.5,46.0,2285.0,0.3599949618042699,71.93915752520559,97.65516301344215
d10777687,O Palmense,Lisbon,Unknown,1.0,4.0,8.0,2286.0,0.3234620893035059,71.93915752520559,97.65516301344215
d6012844,Mimosa Do Salitre,Lisbon,European,1.0,4.0,16.0,2287.0,0.3519473503674567,71.93915752520559,97.65516301344215
d13005787,A Tasca do Manel,Lisbon,Unknown,1.0,4.5,2.0,2288.0,0.31175619837708224,71.93915752520559,97.65516301344215
d7616212,Campus Point cafe,Lisbon,Fast Food,1.0,4.0,10.0,2289.0,0.33244976258926473,71.93915752520559,97.65516301344215
d13271108,Pastelaria Emenda,Lisbon,Unknown,1.0,4.5,2.0,2290.0,0.3117560838319591,71.93915752520559,97.65516301344215
d12988565,Restaurante Solar Sao Cristovao (O Almeida),Lisbon,Unknown,1.0,4.5,2.0,2291.0,0.3117560266343943,71.93915752520559,97.65516301344215
d12286389,Padeiro,Lisbon,Unknown,1.0,3.5,11.0,2292.0,0.29884674596691924,71.93915752520559,97.65516301344215
d4981664,Come a Bebe,Lisbon,Seafood,1.0,3.5,38.0,2293.0,0.35163750009766914,71.93915752520559,97.65516301344215
d4700002,Champagneria Real,Lisbon,Fusion,1.0,4.0,5.0,2294.0,0.3053012435809921,71.93915752520559,97.65516301344215
d5958965,Erva | Green Cuisine,Lisbon,Unknown,1.0,3.5,6.0,2295.0,0.274705445644722,71.93915752520559,97.65516301344215
d799704,Churrasqueira Beira,Lisbon,European,1.0,4.5,3.0,2296.0,0.3246407416932328,71.93915752520559,97.65516301344215
d6123001,Speliking Bar & Bistro,Lisbon,Unknown,1.0,4.5,6.0,2297.0,0.34970533179698016,71.93915752520559,97.65516301344215
d4981665,Ilhas Gregas,Lisbon,Mediterranean,1.0,4.0,62.0,2298.0,0.41061682730916543,71.93915752520559,97.65516301344215
d1894588,Restaurante Delfim,Lisbon,Portuguese,1.0,3.0,105.0,2299.0,0.3589206972246702,71.93915752520559,97.65516301344215
d7023442,A Luz Ideal,Lisbon,Cafe,1.0,4.5,7.0,2300.0,0.3556859026338739,71.93915752520559,97.65516301344215
d12484955,A Padaria Portuguesa,Lisbon,Unknown,1.0,4.0,11.0,2301.0,0.33634623387327234,71.93915752520559,97.65516301344215
d12904233,Miteri Restaurant & Rodhi Ghar,Lisbon,Asian,1.0,4.5,2.0,2302.0,0.31175540074097235,71.93915752520559,97.65516301344215
d10636243,Big Lanche,Lisbon,Unknown,1.0,4.5,3.0,2303.0,0.32464034443735773,71.93915752520559,97.65516301344215
d11722666,Gelataria Fiori,Lisbon,Unknown,1.0,4.0,10.0,2304.0,0.3324489090940272,71.93915752520559,97.65516301344215
d10751013,O Sossego,Lisbon,Unknown,1.0,4.5,3.0,2305.0,0.3246402313788527,71.93915752520559,97.65516301344215
d3581956,Pastelaria E Snack Bar Lacinho de Lisboa,Lisbon,European,1.0,4.5,22.0,2306.0,0.402985135596852,71.93915752520559,97.65516301344215
d4022706,Pastelaria Serra Da Estrela,Lisbon,European,1.0,4.0,23.0,2307.0,0.3673912829373357,71.93915752520559,97.65516301344215
d4086006,Pastelaria Carmelita,Lisbon,European,1.0,4.5,16.0,2308.0,0.38944615650186365,71.93915752520559,97.65516301344215
d4020743,Cafe Sao Remo,Lisbon,European,1.0,3.5,72.0,2309.0,0.37971473593770616,71.93915752520559,97.65516301344215
d3838797,Bem-me-quer,Lisbon,European,1.0,4.0,17.0,2310.0,0.35450611371074753,71.93915752520559,97.65516301344215
d6898586,Bifanas de Vendas Novas - Casa Original,Lisbon,Fast Food,1.0,4.0,33.0,2311.0,0.3829913759609301,71.93915752520559,97.65516301344215
d13238276,La Pura Vida,Lisbon,Latin,1.0,4.5,2.0,2312.0,0.3117548369151507,71.93915752520559,97.65516301344215
d13003137,Hamburgueria Portuguesa,Lisbon,Cafe,1.0,4.5,2.0,2313.0,0.31175478080070884,71.93915752520559,97.65516301344215
d7648900,Germanos Bairro Alto,Lisbon,European,1.0,4.5,16.0,2314.0,0.38944581937745176,71.93915752520559,97.65516301344215
d1782909,Joao de Ourique and Ourique 2,Lisbon,European,1.0,4.0,10.0,2315.0,0.3324482902270268,71.93915752520559,97.65516301344215
d8009937,Pizza Fina,Lisbon,Unknown,1.0,4.5,8.0,2316.0,0.3609603889290031,71.93915752520559,97.65516301344215
d3217919,Monte dos Sabores,Lisbon,European,1.0,4.5,10.0,2317.0,0.36994817833707766,71.93915752520559,97.65516301344215
d8461903,Nagoya - Ultimate,Lisbon,Unknown,1.0,4.5,2.0,2318.0,0.3117545009547431,71.93915752520559,97.65516301344215
d6966864,La Dolce Vita Gourmet,Lisbon,Italian,1.0,4.5,19.0,2319.0,0.39672460460101766,71.93915752520559,97.65516301344215
d7266150,Chef do Mercado,Lisbon,Unknown,1.0,4.5,2.0,2320.0,0.311754389354102,71.93915752520559,97.65516301344215
d7787431,Bom de Noz,Lisbon,European,1.0,4.5,9.0,2321.0,0.3656791048564737,71.93915752520559,97.65516301344215
d6001838,Cusek Bar,Lisbon,Bar,1.0,4.0,36.0,2322.0,0.3867780040194305,71.93915752520559,97.65516301344215
d4093382,Tasquinha dos Grelhados,Lisbon,European,1.0,4.5,7.0,2323.0,0.3556846108528495,71.93915752520559,97.65516301344215
d8692822,Everest Curry House,Lisbon,Unknown,1.0,4.5,6.0,2324.0,0.3497038140312041,71.93915752520559,97.65516301344215
d7369488,Mr Pizza Lisboa,Lisbon,Pizza,1.0,4.0,18.0,2325.0,0.35692689388224685,71.93915752520559,97.65516301344215
d6988056,Restaurante A Nave,Lisbon,Unknown,1.0,4.5,3.0,2326.0,0.3246390560029975,71.93915752520559,97.65516301344215
d3585103,Restaurante O Alazao,Lisbon,European,1.0,4.5,16.0,2327.0,0.38944509490525203,71.93915752520559,97.65516301344215
d10819884,Baixa Burguer,Lisbon,Unknown,1.0,4.5,3.0,2328.0,0.32463894516838177,71.93915752520559,97.65516301344215
d4072537,El Cartel - South American Food,Lisbon,Peruvian,1.0,4.0,20.0,2329.0,0.3614093130061545,71.93915752520559,97.65516301344215
d8462896,Covense,Lisbon,Unknown,1.0,5.0,6.0,2330.0,0.38720348152686573,71.93915752520559,97.65516301344215
d4422263,Royal Versailles,Lisbon,European,1.0,4.0,19.0,2331.0,0.3592239384444187,71.93915752520559,97.65516301344215
d10431664,Andradora Bretzel Bakery,Lisbon,German,1.0,4.5,3.0,2332.0,0.3246387240694829,71.93915752520559,97.65516301344215
d4543599,Restaurante O Tachinho,Lisbon,European,1.0,3.5,35.0,2333.0,0.3480502212749641,71.93915752520559,97.65516301344215
d1775709,Restaurante Tronco,Lisbon,Portuguese,1.0,4.0,82.0,2334.0,0.42296341151608835,71.93915752520559,97.65516301344215
d13145663,Restaurante Aviz,Lisbon,European,1.0,4.5,2.0,2335.0,0.31175355844311853,71.93915752520559,97.65516301344215
d8816433,Tendinha Arganilense,Lisbon,European,1.0,4.5,3.0,2336.0,0.324638503727772,71.93915752520559,97.65516301344215
d8036901,Meio Da Rua,Lisbon,Unknown,1.0,5.0,8.0,2337.0,0.39845922464176325,71.93915752520559,97.65516301344215
d5977610,Restaurante Carla,Lisbon,Unknown,1.0,4.5,2.0,2338.0,0.31175339354033993,71.93915752520559,97.65516301344215
d10131652,Rosa Doce,Lisbon,Unknown,1.0,4.0,16.0,2339.0,0.35194443330943387,71.93915752520559,97.65516301344215
d10279539,Restaurante Pateo Velho Ordem dos Medicos de Lisboa,Lisbon,European,1.0,4.5,8.0,2340.0,0.3609590600209301,71.93915752520559,97.65516301344215
d10047504,Sushi Ribeira By Arigato,Lisbon,Unknown,1.0,4.5,3.0,2341.0,0.324638229359516,71.93915752520559,97.65516301344215
d8662996,Taberna a Lapa,Lisbon,Unknown,1.0,4.5,12.0,2342.0,0.3774289858550051,71.93915752520559,97.65516301344215
d10133858,O Prior do Figo Maduro,Lisbon,Unknown,1.0,4.5,2.0,2343.0,0.3117531196407895,71.93915752520559,97.65516301344215
d697230,Mamma Rosa,Lisbon,Italian,1.0,3.5,26.0,2344.0,0.33516461736284425,71.93915752520559,97.65516301344215
d5959865,Paladares de Sao Sebastiao,Lisbon,Unknown,1.0,4.5,5.0,2345.0,0.34279839864810324,71.93915752520559,97.65516301344215
d1563955,Vossamerce,Lisbon,European,1.0,4.5,3.0,2346.0,0.3246379561607752,71.93915752520559,97.65516301344215
d11911678,Amor'A Cafe,Lisbon,Unknown,1.0,4.5,4.0,2347.0,0.33463228435188164,71.93915752520559,97.65516301344215
d13196881,Buuba Bar,Lisbon,Bar,1.0,4.5,2.0,2348.0,0.3117528469077619,71.93915752520559,97.65516301344215
d10436570,Italian Burger & Lobster House,Lisbon,Unknown,1.0,4.5,7.0,2349.0,0.35568318103988084,71.93915752520559,97.65516301344215
d8665695,Churrasqueira Grelha Do Benjamim,Lisbon,Unknown,1.0,4.0,8.0,2350.0,0.32345851432038086,71.93915752520559,97.65516301344215
d8442000,Actividades Hoteleiras Apache Ltda,Lisbon,Unknown,1.0,4.5,5.0,2351.0,0.3427980720648697,71.93915752520559,97.65516301344215
d8006275,Pachamama,Lisbon,European,1.0,4.5,49.0,2352.0,0.43776255995815433,71.93915752520559,97.65516301344215
d11962859,Armazem Do Caffe'saldanha,Lisbon,Unknown,1.0,4.5,3.0,2353.0,0.32463757563312823,71.93915752520559,97.65516301344215
d3592154,Espaco Jardim Restaurant,Lisbon,Unknown,1.0,3.5,17.0,2354.0,0.317003685578434,71.93915752520559,97.65516301344215
d5988347,Petit Kafe,Lisbon,Unknown,1.0,3.5,3.0,2355.0,0.2496374673264422,71.93915752520559,97.65516301344215
d5979257,Petisqueira Estrela de Sao Roque,Lisbon,Unknown,1.0,4.5,4.0,2356.0,0.3346317959332257,71.93915752520559,97.65516301344215
d10626620,"FRUA, Fruta na Rua",Lisbon,Healthy,1.0,4.5,3.0,2357.0,0.32463735920356046,71.93915752520559,97.65516301344215
d13094281,O Visconde,Lisbon,Unknown,1.0,4.5,4.0,2358.0,0.33463168790207065,71.93915752520559,97.65516301344215
d8470423,Cabana Da Estrela,Lisbon,European,1.0,4.0,11.0,2359.0,0.3363430274448871,71.93915752520559,97.65516301344215
d10332867,O Barbeiro,Lisbon,European,1.0,4.0,5.0,2360.0,0.3052975853036307,71.93915752520559,97.65516301344215
d4132492,Restaurante O CIF,Lisbon,European,1.0,4.0,20.0,2361.0,0.3614075666910387,71.93915752520559,97.65516301344215
d4684740,Esplanada da mata,Lisbon,Bar,1.0,4.5,11.0,2362.0,0.37384286587830756,71.93915752520559,97.65516301344215
d8826258,Fenicios Castilho,Lisbon,Lebanese,1.0,3.5,43.0,2363.0,0.3570364336237105,71.93915752520559,97.65516301344215
d6873720,Pampas Burger,Lisbon,Fusion,1.0,4.0,32.0,2364.0,0.3816513796055269,71.93915752520559,97.65516301344215
d8799735,Lisbon Burguer House & Pizza,Lisbon,Unknown,1.0,3.5,35.0,2365.0,0.3480484809024936,71.93915752520559,97.65516301344215
d2292627,A Tentadora,Lisbon,Unknown,1.0,4.0,28.0,2366.0,0.3758640044892063,71.93915752520559,97.65516301344215
d10218539,Senhora Empada,Lisbon,European,1.0,4.5,3.0,2367.0,0.3246368213299093,71.93915752520559,97.65516301344215
d9975128,Uau,Lisbon,Unknown,1.0,4.0,21.0,2368.0,0.36349077724294787,71.93915752520559,97.65516301344215
d7596695,Electrico Do Chile,Lisbon,European,1.0,4.5,10.0,2369.0,0.3699453355105484,71.93915752520559,97.65516301344215
d7927737,Ai Mouraria,Lisbon,Unknown,1.0,4.0,12.0,2370.0,0.33992747208148116,71.93915752520559,97.65516301344215
d4187392,Wine Spot,Lisbon,Wine Bar,1.0,4.5,8.0,2371.0,0.36095738333240185,71.93915752520559,97.65516301344215
d12524038,Mouzinho - Restaurant & Bar,Lisbon,International,1.0,3.5,7.0,2372.0,0.28068194233386984,71.93915752520559,97.65516301344215
d12356778,Chipie la Galette,Lisbon,French,1.0,3.5,83.0,2373.0,0.3859977004455692,71.93915752520559,97.65516301344215
d1045679,Va E Volte,Lisbon,Mediterranean,1.0,3.5,65.0,2374.0,0.3751962331459372,71.93915752520559,97.65516301344215
d2615842,Mercearia Vencedora Campo Pequeno,Lisbon,Brazilian,1.0,3.5,44.0,2375.0,0.35804232934511493,71.93915752520559,97.65516301344215
d7617805,Restaurante o Sonho,Lisbon,European,1.0,4.0,6.0,2376.0,0.31220098811750907,71.93915752520559,97.65516301344215
d12569810,Manuelino,Lisbon,International,1.0,3.5,25.0,2377.0,0.33347248745055763,71.93915752520559,97.65516301344215
d11871039,Art italiana,Lisbon,Italian,1.0,4.0,15.0,2378.0,0.3492270113740012,71.93915752520559,97.65516301344215
d11912284,Glory Pizzeria,Lisbon,Unknown,1.0,4.0,6.0,2379.0,0.31220082885319084,71.93915752520559,97.65516301344215
d8596033,Restaurante Club Do Operario,Lisbon,European,1.0,4.5,2.0,2380.0,0.31175112855217535,71.93915752520559,97.65516301344215
d10328338,Montemar Seafood Kitchen,Lisbon,Seafood,1.0,4.0,12.0,2381.0,0.3399268871256774,71.93915752520559,97.65516301344215
d12570859,Rota dos Talentos,Lisbon,Unknown,1.0,4.5,2.0,2382.0,0.31175102268790905,71.93915752520559,97.65516301344215
d1932386,Le Marais,Lisbon,Bar,1.0,4.5,44.0,2383.0,0.4330419051746344,71.93915752520559,97.65516301344215
d12104169,Leiteria Nita,Lisbon,Unknown,1.0,4.5,2.0,2384.0,0.31175091700126734,71.93915752520559,97.65516301344215
d5962110,Pizzaria do Bairro,Lisbon,Pizza,1.0,4.0,28.0,2385.0,0.37586299410025675,71.93915752520559,97.65516301344215
d8726887,Tabernaculo by Hernani Miguel,Lisbon,Wine Bar,1.0,4.0,20.0,2386.0,0.36140623497480834,71.93915752520559,97.65516301344215
d7303874,Pastelaria Varanda Da Republica,Lisbon,Unknown,1.0,4.0,13.0,2387.0,0.34324579434559704,71.93915752520559,97.65516301344215
d8488552,Coma Ou Leve Take Away,Lisbon,Unknown,1.0,4.0,11.0,2388.0,0.33634148263925173,71.93915752520559,97.65516301344215
d3407316,Bufalo Grill,Lisbon,Steakhouse,1.0,3.5,150.0,2389.0,0.4122639627492232,71.93915752520559,97.65516301344215
d12832959,The Lingerie Restaurant,Lisbon,European,4.0,5.0,9.0,2390.0,0.4031753722331985,71.93915752520559,97.65516301344215
d13234249,Rua,Lisbon,African,1.0,4.5,3.0,2391.0,0.32463554878968753,71.93915752520559,97.65516301344215
d12177630,Sea Palace,Lisbon,Chinese,1.0,3.5,17.0,2392.0,0.3170016604429969,71.93915752520559,97.65516301344215
d12941925,Tazza in Giro,Lisbon,Healthy,1.0,4.0,5.0,2393.0,0.3052958318376326,71.93915752520559,97.65516301344215
d10130512,Delisbon,Lisbon,European,1.0,5.0,14.0,2394.0,0.42133555038819664,71.93915752520559,97.65516301344215
d9789706,Recheio de Sabores,Lisbon,European,1.0,5.0,6.0,2395.0,0.38719998618202567,71.93915752520559,97.65516301344215
d12843452,Ohana,Lisbon,Healthy,1.0,4.0,7.0,2396.0,0.3181806751260221,71.93915752520559,97.65516301344215
d3570359,Fieis Bairro Alto,Lisbon,Unknown,1.0,4.5,14.0,2397.0,0.38383539350833956,71.93915752520559,97.65516301344215
d10842248,h3 Hamburgology,Lisbon,Fast Food,1.0,4.5,2.0,2398.0,0.31175018213093225,71.93915752520559,97.65516301344215
d5989337,Top Fishtail,Lisbon,Fast Food,1.0,4.5,6.0,2399.0,0.3496997772705311,71.93915752520559,97.65516301344215
d9710294,Luna,Lisbon,Unknown,1.0,4.0,9.0,2400.0,0.3281748490799,71.93915752520559,97.65516301344215
d6570698,Tipiky,Lisbon,Unknown,1.0,3.5,27.0,2401.0,0.3367904495559936,71.93915752520559,97.65516301344215
d3753237,Restaurante Mae Preta,Lisbon,African,1.0,4.5,2.0,2402.0,0.3117499737413903,71.93915752520559,97.65516301344215
d11718806,Pastelaria E Confeitaria Manaus Lda,Lisbon,Unknown,1.0,4.5,2.0,2403.0,0.31174992175240557,71.93915752520559,97.65516301344215
d2146263,Tromba Rija,Lisbon,European,1.0,4.5,21.0,2404.0,0.40098887955652734,71.93915752520559,97.65516301344215
d10063518,Multi Foods Restaurante,Lisbon,Indian,1.0,4.5,6.0,2405.0,0.34969946520627154,71.93915752520559,97.65516301344215
d4736424,Restaurante Bom Bom,Lisbon,European,1.0,4.0,17.0,2406.0,0.35450093046570913,71.93915752520559,97.65516301344215
d10031135,Cazinha do Kika,Lisbon,Unknown,1.0,4.5,3.0,2407.0,0.3246347145277557,71.93915752520559,97.65516301344215
d3853171,Tapas da Serra,Lisbon,European,1.0,4.5,7.0,2408.0,0.3556800509945823,71.93915752520559,97.65516301344215
d6210275,Restaurante A Zona,Lisbon,Barbecue,1.0,4.5,30.0,2409.0,0.4163487824176136,71.93915752520559,97.65516301344215
d4600745,1001,Lisbon,Unknown,1.0,4.5,8.0,2410.0,0.36095533521842665,71.93915752520559,97.65516301344215
d1997796,Verde Perto,Lisbon,European,1.0,4.5,28.0,2411.0,0.4133616372689219,71.93915752520559,97.65516301344215
d8411275,Velha Senhora,Lisbon,Unknown,1.0,4.0,21.0,2412.0,0.36348846554128467,71.93915752520559,97.65516301344215
d3393987,Coffe House,Lisbon,European,1.0,4.0,2.0,2413.0,0.27424940423254895,71.93915752520559,97.65516301344215
d5959959,Gruta Da Esperanca,Lisbon,Unknown,1.0,4.5,4.0,2414.0,0.33462873570686247,71.93915752520559,97.65516301344215
d11799321,Sabores do Bairro,Lisbon,Unknown,1.0,4.5,4.0,2415.0,0.3346286842333613,71.93915752520559,97.65516301344215
d2402600,Duck Tale,Lisbon,Asian,1.0,4.0,52.0,2416.0,0.40286898795138587,71.93915752520559,97.65516301344215
d4413615,Tasquinha da D. Lina,Lisbon,European,1.0,4.5,8.0,2417.0,0.360954974604531,71.93915752520559,97.65516301344215
d7186335,7a Arte Alfacinha,Lisbon,European,1.0,3.5,53.0,2418.0,0.3662060876796639,71.93915752520559,97.65516301344215
d4369045,BI+CA Sandwich Cafe,Lisbon,European,1.0,4.5,17.0,2419.0,0.3920002601954162,71.93915752520559,97.65516301344215
d12461625,Pastelaria Ideal da Cruz da Pedra,Lisbon,Unknown,1.0,4.5,2.0,2420.0,0.3117490445134784,71.93915752520559,97.65516301344215
d10731278,Sushicome,Lisbon,Unknown,1.0,3.5,31.0,2421.0,0.34277015831442514,71.93915752520559,97.65516301344215
d2616966,Servejaria Restauradores,Lisbon,Portuguese,1.0,3.5,134.0,2422.0,0.4072456536516064,71.93915752520559,97.65516301344215
d12135806,Cafe Pastelaria Bandeira,Lisbon,Unknown,1.0,4.5,2.0,2423.0,0.31174889098442043,71.93915752520559,97.65516301344215
d11747994,Cais Madeirense,Lisbon,Unknown,1.0,3.5,27.0,2424.0,0.33678926367482964,71.93915752520559,97.65516301344215
d10006576,Cachorraria Nacional,Lisbon,Unknown,1.0,4.5,6.0,2425.0,0.3496984361448849,71.93915752520559,97.65516301344215
d10399998,Restaurant cafetaria MNAZ,Lisbon,European,1.0,4.0,10.0,2426.0,0.33244235934483646,71.93915752520559,97.65516301344215
d5977762,Cafe Joaninha,Lisbon,Unknown,1.0,4.5,3.0,2427.0,0.32463368716873275,71.93915752520559,97.65516301344215
d10149049,Cervejaria Lusitana - Centro Comercial Vasco da Gama,Lisbon,Mediterranean,1.0,3.5,71.0,2428.0,0.3790905768469006,71.93915752520559,97.65516301344215
d7251211,Pastelaria Granfina,Lisbon,European,1.0,4.0,18.0,2429.0,0.3569213677537679,71.93915752520559,97.65516301344215
d11774930,Benfica Official Store,Lisbon,Unknown,1.0,3.5,25.0,2430.0,0.33346973399212376,71.93915752520559,97.65516301344215
d2295229,Lisboa Rota das Sedas,Lisbon,Portuguese,1.0,4.0,130.0,2431.0,0.44339805498477175,71.93915752520559,97.65516301344215
d5959144,TR Bar,Lisbon,Unknown,1.0,4.5,10.0,2432.0,0.36994205417964565,71.93915752520559,97.65516301344215
d3192034,Companhia do peixe,Lisbon,European,1.0,4.5,4.0,2433.0,0.33462776494582586,71.93915752520559,97.65516301344215
d3847476,Restaurante Imperial da Estrela,Lisbon,European,1.0,4.5,14.0,2434.0,0.3838334904538362,71.93915752520559,97.65516301344215
d8752107,Academia Dos Grelhados,Lisbon,Unknown,1.0,3.5,11.0,2435.0,0.2988390571314247,71.93915752520559,97.65516301344215
d7965570,Mezzanine,Lisbon,European,1.0,3.5,48.0,2436.0,0.36185330084671186,71.93915752520559,97.65516301344215
d8682318,Pastelaria E Cafetaria Adonis,Lisbon,European,1.0,4.5,9.0,2437.0,0.365672950743988,71.93915752520559,97.65516301344215
d12149444,Parque Mayer,Lisbon,Unknown,1.0,4.5,2.0,2438.0,0.3117481290067334,71.93915752520559,97.65516301344215
d3508931,Pizzaria Baldracca,Lisbon,Unknown,1.0,4.0,26.0,2439.0,0.37265963090320564,71.93915752520559,97.65516301344215
d3935918,Jeronymo Food with Friends,Lisbon,Italian,1.0,3.5,36.0,2440.0,0.3492717541912771,71.93915752520559,97.65516301344215
d13331617,A Tascaria,Lisbon,European,1.0,4.0,5.0,2441.0,0.30529336597505435,71.93915752520559,97.65516301344215
d8361485,A Taberna,Lisbon,Unknown,1.0,4.0,12.0,2442.0,0.3399237389215027,71.93915752520559,97.65516301344215
d12063535,Tigre de Papel Livraria,Lisbon,Unknown,1.0,4.5,2.0,2443.0,0.3117478770935207,71.93915752520559,97.65516301344215
d2617446,Belaruque Bar,Lisbon,Spanish,1.0,4.5,18.0,2444.0,0.3944206095243101,71.93915752520559,97.65516301344215
d5786796,Pastelaria Amarelinha,Lisbon,Unknown,1.0,4.5,4.0,2445.0,0.33462715960720335,71.93915752520559,97.65516301344215
d10766838,American Music Burguer,Lisbon,Unknown,1.0,3.5,13.0,2446.0,0.3057427619821672,71.93915752520559,97.65516301344215
d10697817,Il Padovano,Lisbon,Pizza,1.0,4.5,3.0,2447.0,0.32463267660348216,71.93915752520559,97.65516301344215
d7253957,Sr. Guilho,Lisbon,Portuguese,1.0,4.5,13.0,2448.0,0.38074266175158805,71.93915752520559,97.65516301344215
d4059286,O Solar dos Leitoes,Lisbon,European,1.0,4.0,14.0,2449.0,0.3463327353268161,71.93915752520559,97.65516301344215
d1747171,Bela Ipanema,Lisbon,European,1.0,4.0,85.0,2450.0,0.42454763420488695,71.93915752520559,97.65516301344215
d8439351,A Padaria Portuguesa,Lisbon,Unknown,1.0,3.5,31.0,2451.0,0.34276864118977596,71.93915752520559,97.65516301344215
d11785149,Restaurante A Lanterna,Lisbon,Unknown,1.0,4.5,2.0,2452.0,0.3117474262387317,71.93915752520559,97.65516301344215
d12698264,Sushi Shop,Lisbon,Unknown,1.0,4.5,3.0,2453.0,0.324632376647282,71.93915752520559,97.65516301344215
d12091186,Tram 28,Lisbon,Chinese,1.0,3.5,18.0,2454.0,0.3194201091876207,71.93915752520559,97.65516301344215
d8751637,Almuina Churrasqueira Pontinha,Lisbon,Barbecue,1.0,4.5,2.0,2455.0,0.3117472766883923,71.93915752520559,97.65516301344215
d4162430,O Filho do Menino Julio dos Caracois,Lisbon,Portuguese,1.0,3.5,87.0,2456.0,0.38807701314950205,71.93915752520559,97.65516301344215
d6583414,Kumar Kebab House,Lisbon,Fast Food,1.0,4.0,26.0,2457.0,0.3726587295527994,71.93915752520559,97.65516301344215
d6994722,Carla Sofia Rebelo Dias,Lisbon,Unknown,1.0,4.5,3.0,2458.0,0.3246321278024143,71.93915752520559,97.65516301344215
d2058396,Origami Sushi Bar,Lisbon,Japanese,1.0,3.5,109.0,2459.0,0.3980712467767745,71.93915752520559,97.65516301344215
d6640531,Anjali Cafe e Restaurante,Lisbon,Vegetarian Friendly,1.0,4.5,4.0,2460.0,0.3346264112388758,71.93915752520559,97.65516301344215
d7740920,Tesouros de Portugal,Lisbon,Spanish,1.0,4.0,30.0,2461.0,0.3788461503742481,71.93915752520559,97.65516301344215
d10044675,Cervejeira Lusitana,Lisbon,European,1.0,3.5,15.0,2462.0,0.3117227059344341,71.93915752520559,97.65516301344215
d7398245,Prazeres do Cafe,Lisbon,Brazilian,1.0,4.5,2.0,2463.0,0.31174687966857134,71.93915752520559,97.65516301344215
d1064563,Tun Fon,Lisbon,Chinese,1.0,3.5,29.0,2464.0,0.3398773776338023,71.93915752520559,97.65516301344215
d697282,Zeno,Lisbon,Unknown,1.0,4.0,6.0,2465.0,0.31219642811840626,71.93915752520559,97.65516301344215
d10205809,Tasquinha do Poeta,Lisbon,Unknown,1.0,4.0,5.0,2466.0,0.30529211969034276,71.93915752520559,97.65516301344215
d10364879,Restaurante A Tabuense,Lisbon,European,1.0,4.0,10.0,2467.0,0.3324403036340191,71.93915752520559,97.65516301344215
d11910436,Helsinquia,Lisbon,Unknown,1.0,4.5,2.0,2468.0,0.31174663283822784,71.93915752520559,97.65516301344215
d4421373,Copo 5 - Winebar,Lisbon,European,1.0,4.5,12.0,2469.0,0.37742239511999165,71.93915752520559,97.65516301344215
d2281167,O Cha do Carmo,Lisbon,Portuguese,1.0,3.5,89.0,2470.0,0.389082857978209,71.93915752520559,97.65516301344215
d8364770,Paraiso Violeta,Lisbon,Unknown,1.0,4.0,3.0,2471.0,0.28713148551880546,71.93915752520559,97.65516301344215
d11208499,Rei da India,Lisbon,Italian,1.0,4.5,2.0,2472.0,0.31174643609287633,71.93915752520559,97.65516301344215
d6598704,13 Restaurante,Lisbon,Portuguese,1.0,4.5,32.0,2473.0,0.41914578469662167,71.93915752520559,97.65516301344215
d10452225,Parreira do Camelo,Lisbon,Unknown,1.0,4.5,2.0,2474.0,0.3117463379587762,71.93915752520559,97.65516301344215
d4285302,Casa Galega Lisboa,Lisbon,Contemporary,1.0,4.5,12.0,2475.0,0.37742210047906777,71.93915752520559,97.65516301344215
d6124597,Mallagueta,Lisbon,European,1.0,3.5,52.0,2476.0,0.36536597812260607,71.93915752520559,97.65516301344215
d10441437,Chana,Lisbon,Chinese,1.0,4.0,10.0,2477.0,0.3324398125645268,71.93915752520559,97.65516301344215
d7267873,Casa do Lago,Lisbon,European,1.0,3.5,29.0,2478.0,0.339876689577241,71.93915752520559,97.65516301344215
d4777699,Espaco Paraiso,Lisbon,European,1.0,4.5,7.0,2479.0,0.355676481855681,71.93915752520559,97.65516301344215
d12686155,Jardim de Bambu,Lisbon,Unknown,1.0,4.5,2.0,2480.0,0.31174604450616067,71.93915752520559,97.65516301344215
d10107178,Pastelaria E Cafetaria Estrela Da Baixa Lda,Lisbon,Unknown,1.0,3.5,16.0,2481.0,0.3144370903780696,71.93915752520559,97.65516301344215
d10267186,Pastelaria Baloico 5,Lisbon,European,1.0,4.0,9.0,2482.0,0.3281707182344761,71.93915752520559,97.65516301344215
d10140059,Salada De Frutas,Lisbon,European,1.0,4.5,3.0,2483.0,0.32463089861099165,71.93915752520559,97.65516301344215
d6611930,Tailors Restaurant,Lisbon,Unknown,1.0,4.0,8.0,2484.0,0.32345162583953596,71.93915752520559,97.65516301344215
d1174623,Restaurante Bar Status,Lisbon,Mediterranean,1.0,3.5,65.0,2485.0,0.37519058697552826,71.93915752520559,97.65516301344215
d12182944,Casa Raphael Baldaya,Lisbon,European,1.0,4.5,2.0,2486.0,0.3117457524700501,71.93915752520559,97.65516301344215
d2616734,Restaurante Descobertas,Lisbon,Unknown,1.0,4.5,11.0,2487.0,0.37383648041454015,71.93915752520559,97.65516301344215
d12638816,O Malhoa - Restaurante Marisqueira e Take Away,Lisbon,Unknown,1.0,4.5,2.0,2488.0,0.3117456554376875,71.93915752520559,97.65516301344215
d5977557,Restaurante Quinta Da Luz,Lisbon,Unknown,1.0,4.5,7.0,2489.0,0.3556759955193802,71.93915752520559,97.65516301344215
d4022701,Floresta de Moscavide,Lisbon,Seafood,1.0,3.5,50.0,2490.0,0.36364242938475677,71.93915752520559,97.65516301344215
d3677315,Music Burguer,Lisbon,American,1.0,3.5,95.0,2491.0,0.3919724513817404,71.93915752520559,97.65516301344215
d10036274,Pastelaria Lenita,Lisbon,Unknown,1.0,4.0,6.0,2492.0,0.31219510914234605,71.93915752520559,97.65516301344215
d11979448,Gale dos Manos,Lisbon,Unknown,1.0,4.0,5.0,2493.0,0.3052908017780044,71.93915752520559,97.65516301344215
d10171166,Croissant Gigante,Lisbon,Bar,1.0,4.5,19.0,2494.0,0.3967155247450088,71.93915752520559,97.65516301344215
d4869667,Small & Delicious Hotel FonteCruz Lisboa,Lisbon,European,1.0,3.5,28.0,2495.0,0.3383574469253171,71.93915752520559,97.65516301344215
d10747002,Restaurante O Freixo,Lisbon,Unknown,1.0,4.0,4.0,2496.0,0.2971246518537212,71.93915752520559,97.65516301344215
d8067077,Mx Tour,Lisbon,Unknown,1.0,4.5,4.0,2497.0,0.33462460370608316,71.93915752520559,97.65516301344215
d3573289,Tasca do Careca,Lisbon,European,1.0,4.0,34.0,2498.0,0.38427997907999883,71.93915752520559,97.65516301344215
d3836789,Red's Tavern,Lisbon,Portuguese,1.0,4.5,2.0,2499.0,0.31174512453592945,71.93915752520559,97.65516301344215
d12437603,Bar Estadio,Lisbon,Unknown,1.0,4.5,2.0,2500.0,0.31174507650379946,71.93915752520559,97.65516301344215
d12946125,Sabor Superior,Lisbon,Italian,1.0,4.5,3.0,2501.0,0.32463002880938746,71.93915752520559,97.65516301344215
d7845047,Restaurante Marisqueira Prazeres do Mar,Lisbon,Seafood,1.0,3.5,96.0,2502.0,0.39243606091030553,71.93915752520559,97.65516301344215
d10636535,Indian Spice Square,Lisbon,Indian,1.0,4.0,5.0,2503.0,0.305290320877777,71.93915752520559,97.65516301344215
d8644291,Irish & Co.,Lisbon,Pub,1.0,3.5,108.0,2504.0,0.39766001862123956,71.93915752520559,97.65516301344215
d7255785,Pastelaria Costa Azul,Lisbon,Unknown,1.0,4.5,8.0,2505.0,0.36095061309925636,71.93915752520559,97.65516301344215
d2059943,Retiro de Baco,Lisbon,Mediterranean,1.0,4.5,22.0,2506.0,0.40297475008904493,71.93915752520559,97.65516301344215
d3739336,Roscoking Lisboa,Lisbon,Unknown,1.0,3.5,7.0,2507.0,0.2806751298912024,71.93915752520559,97.65516301344215
d8018849,Bistek,Lisbon,European,1.0,4.0,13.0,2508.0,0.3432397291678953,71.93915752520559,97.65516301344215
d5568779,Kiro Sushi - Casa de Sushi,Lisbon,Sushi,1.0,3.5,42.0,2509.0,0.35599936575995345,71.93915752520559,97.65516301344215
d6106453,Agapimu,Lisbon,Spanish,1.0,5.0,17.0,2510.0,0.42949576270845463,71.93915752520559,97.65516301344215
d7727757,Porta Do Mar,Lisbon,European,1.0,4.5,4.0,2511.0,0.33462393366583454,71.93915752520559,97.65516301344215
d8789693,Jubel,Lisbon,European,1.0,4.0,10.0,2512.0,0.3324381246108917,71.93915752520559,97.65516301344215
d10156804,BicoPrego,Lisbon,European,1.0,4.5,6.0,2513.0,0.34969410286689323,71.93915752520559,97.65516301344215
d12508327,Comidaria,Lisbon,Unknown,1.0,4.5,3.0,2514.0,0.32462940836551796,71.93915752520559,97.65516301344215
d2617054,Supercalifragilistic,Lisbon,International,1.0,4.5,5.0,2515.0,0.34278974884552255,71.93915752520559,97.65516301344215
d7621618,O Papas,Lisbon,European,1.0,4.0,2.0,2516.0,0.2742443131823827,71.93915752520559,97.65516301344215
d7722915,Caravela Bar,Lisbon,European,1.0,4.0,13.0,2517.0,0.3432393013392374,71.93915752520559,97.65516301344215
d5959841,Restaurante o Cantinho Beirao,Lisbon,Unknown,1.0,4.5,4.0,2518.0,0.3346236014397621,71.93915752520559,97.65516301344215
d6959285,Pastelaria Duque,Lisbon,Cafe,1.0,4.5,7.0,2519.0,0.3556745596785429,71.93915752520559,97.65516301344215
d2507213,Restaurants Perola,Lisbon,Mediterranean,1.0,4.0,66.0,2520.0,0.4133624417024558,71.93915752520559,97.65516301344215
d10591712,A Padaria Portuguesa,Lisbon,Unknown,1.0,4.0,8.0,2521.0,0.3234498528123392,71.93915752520559,97.65516301344215
d3842372,Croissanteria Papo Cheio,Lisbon,European,1.0,4.0,12.0,2522.0,0.3399198409617049,71.93915752520559,97.65516301344215
d10172384,Sushilove Portugal,Lisbon,Japanese,1.0,4.5,6.0,2523.0,0.34969362957575667,71.93915752520559,97.65516301344215
d12516410,Puro Bio,Lisbon,Healthy,1.0,4.5,3.0,2524.0,0.3246289354500853,71.93915752520559,97.65516301344215
d8380871,Kumar Doner Kebab,Lisbon,Unknown,1.0,4.5,3.0,2525.0,0.3246288883645646,71.93915752520559,97.65516301344215
d10052374,Restaurante Sweet Olive,Lisbon,Unknown,1.0,4.5,3.0,2526.0,0.32462884131632463,71.93915752520559,97.65516301344215
d5977585,Doces Santa Clara,Lisbon,Unknown,1.0,4.5,2.0,2527.0,0.31174379400601343,71.93915752520559,97.65516301344215
d10735531,Las Palmas,Lisbon,Unknown,1.0,4.5,3.0,2528.0,0.32462874733150976,71.93915752520559,97.65516301344215
d7342739,Minha Anita,Lisbon,European,1.0,4.0,7.0,2529.0,0.31817408863493607,71.93915752520559,97.65516301344215
d3701858,Malaca Too,Lisbon,Asian,1.0,3.5,119.0,2530.0,0.4019649770875984,71.93915752520559,97.65516301344215
d3847485,Principe Dageti,Lisbon,Pizza,1.0,4.5,2.0,2531.0,0.31174360633348086,71.93915752520559,97.65516301344215
d12266231,Pastelaria Nilo,Lisbon,Unknown,1.0,4.0,6.0,2532.0,0.3121932068101312,71.93915752520559,97.65516301344215
d3849607,Toyama,Lisbon,Japanese,1.0,4.0,14.0,2533.0,0.3463286718908373,71.93915752520559,97.65516301344215
d9857938,O Alemao da Bica,Lisbon,German,1.0,4.5,27.0,2534.0,0.41178388975021807,71.93915752520559,97.65516301344215
d7262642,Sabor a Santos,Lisbon,European,1.0,3.5,16.0,2535.0,0.3144345138958936,71.93915752520559,97.65516301344215
d5979430,Pastelaria Namur,Lisbon,Unknown,1.0,4.0,33.0,2536.0,0.38297985545812746,71.93915752520559,97.65516301344215
d2615549,Do Lago,Lisbon,Unknown,1.0,4.5,2.0,2537.0,0.3117433259342949,71.93915752520559,97.65516301344215
d4607843,Tell Me Wine,Lisbon,Spanish,1.0,4.5,6.0,2538.0,0.3496929266321242,71.93915752520559,97.65516301344215
d2317104,Sushill Out,Lisbon,Japanese,1.0,4.0,81.0,2539.0,0.42241012682145457,71.93915752520559,97.65516301344215
d7606230,Restaurante O Telefone,Lisbon,European,1.0,4.0,9.0,2540.0,0.3281679574620398,71.93915752520559,97.65516301344215
d8462578,Serra Da Estrela,Lisbon,European,1.0,3.5,49.0,2541.0,0.362753070139088,71.93915752520559,97.65516301344215
d8574652,Os Filhos Do Tia Rita,Lisbon,Unknown,1.0,4.5,5.0,2542.0,0.34278848151953933,71.93915752520559,97.65516301344215
d13373139,Acores na Feira,Lisbon,European,1.0,4.0,7.0,2543.0,0.31817343539766385,71.93915752520559,97.65516301344215
d8660041,Nomalism - Bistro Vegetariano,Lisbon,Vegetarian Friendly,1.0,4.5,13.0,2544.0,0.3807380360158011,71.93915752520559,97.65516301344215
d4455532,Cafouro Cafes da Rua do Ouro Lda,Lisbon,Bar,1.0,4.0,12.0,2545.0,0.33991876565320783,71.93915752520559,97.65516301344215
d8113196,Myiced Alvalade,Lisbon,Unknown,1.0,5.0,15.0,2546.0,0.4242186845930002,71.93915752520559,97.65516301344215
d12115275,Pastelaria Versailles,Lisbon,Unknown,1.0,4.0,4.0,2547.0,0.2971222445285293,71.93915752520559,97.65516301344215
d2372240,A Leitaria Gourmet,Lisbon,Mediterranean,1.0,3.5,82.0,2548.0,0.3854526133100855,71.93915752520559,97.65516301344215
d10047082,Pinheiro Bravo,Lisbon,Mediterranean,1.0,4.5,3.0,2549.0,0.32462776939536026,71.93915752520559,97.65516301344215
d11954945,Domingues & Vasconcelos Lda,Lisbon,Unknown,1.0,4.5,2.0,2550.0,0.31174272292943106,71.93915752520559,97.65516301344215
d7257707,Telex Pastelaria,Lisbon,Unknown,1.0,3.5,17.0,2551.0,0.3169938412199656,71.93915752520559,97.65516301344215
d10796424,Amor aos Pedacos,Lisbon,Unknown,1.0,4.0,7.0,2552.0,0.3181730192441273,71.93915752520559,97.65516301344215
d8291204,Casa Da Colher,Lisbon,Unknown,1.0,4.5,5.0,2553.0,0.34278797288665536,71.93915752520559,97.65516301344215
d7125767,Bar Pastelaria Recife,Lisbon,European,1.0,3.5,28.0,2554.0,0.3383546685003095,71.93915752520559,97.65516301344215
d12427795,O Bitoque da Mouraria,Lisbon,Unknown,1.0,4.0,5.0,2555.0,0.3052878808784866,71.93915752520559,97.65516301344215
d4884977,Restaurante Golfhino,Lisbon,European,1.0,4.5,5.0,2556.0,0.34278783492839765,71.93915752520559,97.65516301344215
d6767313,Turkish Kebab House,Lisbon,Mediterranean,1.0,3.5,46.0,2557.0,0.35998099200769385,71.93915752520559,97.65516301344215
d5966558,Feito No Ceu,Lisbon,Unknown,1.0,4.5,2.0,2558.0,0.31174235489590985,71.93915752520559,97.65516301344215
d8630468,Leve,Lisbon,Unknown,1.0,4.0,2.0,2559.0,0.2742423090535163,71.93915752520559,97.65516301344215
d4830201,The Shimla Palace,Lisbon,Indian,1.0,4.5,12.0,2560.0,0.37741807477480366,71.93915752520559,97.65516301344215
d7763855,Celeiro Dieta,Lisbon,Unknown,1.0,3.5,20.0,2561.0,0.32389764095913537,71.93915752520559,97.65516301344215
d8624839,Sushic,Lisbon,Sushi,4.0,3.5,33.0,2562.0,0.34547865462382893,71.93915752520559,97.65516301344215
d2352995,Restaurante Benard,Lisbon,Cafe,1.0,3.5,367.0,2563.0,0.4521536399750429,71.93915752520559,97.65516301344215
d5963113,Restaurante Cafe Velho,Lisbon,Unknown,1.0,4.5,3.0,2564.0,0.32462708067723406,71.93915752520559,97.65516301344215
d5981386,Restaurante Tres Unidos,Lisbon,Unknown,1.0,4.5,2.0,2565.0,0.3117420347497912,71.93915752520559,97.65516301344215
d10665569,Quiosque do Parque Bensaude,Lisbon,Unknown,1.0,4.5,6.0,2566.0,0.3496916364593528,71.93915752520559,97.65516301344215
d4798956,restaurante de la Pousada en la piscina del hotel,Lisbon,Unknown,1.0,4.5,3.0,2567.0,0.3246269438994776,71.93915752520559,97.65516301344215
d5981457,Ali Baba House Kebab - Restauracao Turca,Lisbon,Fast Food,1.0,3.5,35.0,2568.0,0.34803845073965184,71.93915752520559,97.65516301344215
d8125243,Brasa Rio,Lisbon,Fast Food,1.0,3.5,40.0,2569.0,0.3538633584114383,71.93915752520559,97.65516301344215
d2615841,Mercearia Vencedora Jardim do Tabaco,Lisbon,Unknown,1.0,4.5,3.0,2570.0,0.3246268074410467,71.93915752520559,97.65516301344215
d10628717,Tasca sao Miguel de Alfama,Lisbon,European,1.0,4.0,19.0,2571.0,0.35921192119702083,71.93915752520559,97.65516301344215
d13003218,Ver Belem Restaurant,Lisbon,Pizza,1.0,4.0,7.0,2572.0,0.3181721048857002,71.93915752520559,97.65516301344215
d10193369,Palhota Caffe,Lisbon,Unknown,1.0,4.0,2.0,2573.0,0.2742416710015167,71.93915752520559,97.65516301344215
d5959831,Restaurante Solar Arco Cego,Lisbon,Unknown,1.0,4.0,10.0,2574.0,0.3324352472017281,71.93915752520559,97.65516301344215
d4173268,"Ratton, A Padaria",Lisbon,Unknown,1.0,4.0,5.0,2575.0,0.30528696865769134,71.93915752520559,97.65516301344215
d3410639,Restaurante Toledo,Lisbon,European,1.0,3.5,29.0,2576.0,0.33987208258983054,71.93915752520559,97.65516301344215
d9557360,Churrascao Rodizio,Lisbon,Unknown,1.0,4.0,18.0,2577.0,0.35691427266403336,71.93915752520559,97.65516301344215
d2176051,Marisqueira dos Anjos,Lisbon,Mediterranean,1.0,4.0,46.0,2578.0,0.39748003603879306,71.93915752520559,97.65516301344215
d8461905,Vasco Da Gama,Lisbon,Unknown,1.0,4.0,10.0,2579.0,0.3324350211810206,71.93915752520559,97.65516301344215
d1982266,Chutneys,Lisbon,International,1.0,3.5,43.0,2580.0,0.3570257525621843,71.93915752520559,97.65516301344215
d3497947,Fado Maior,Lisbon,Portuguese,1.0,4.0,61.0,2581.0,0.40988586944096944,71.93915752520559,97.65516301344215
d3847413,A Rosinha de Sao Paulo,Lisbon,European,1.0,3.5,69.0,2582.0,0.37782145919258175,71.93915752520559,97.65516301344215
d5981390,Parque Verde - Sociedad de Actividades Hoteleiras Lda,Lisbon,Unknown,1.0,3.5,4.0,2583.0,0.25962060247519075,71.93915752520559,97.65516301344215
d2720703,Taste of Asia,Lisbon,Asian,1.0,4.5,4.0,2584.0,0.33462055751571956,71.93915752520559,97.65516301344215
d7605142,Really,Lisbon,Mediterranean,1.0,4.5,3.0,2585.0,0.3246261298998626,71.93915752520559,97.65516301344215
d11860037,Arcadia,Lisbon,Unknown,1.0,4.5,4.0,2586.0,0.3346204677010914,71.93915752520559,97.65516301344215
d7621272,Os Meninos,Lisbon,European,1.0,4.0,4.0,2587.0,0.29712042284585377,71.93915752520559,97.65516301344215
d6632802,Restaurante Telavive,Lisbon,Unknown,1.0,4.5,2.0,2588.0,0.311740995034802,71.93915752520559,97.65516301344215
d12163473,Mini Cafe & Bar,Lisbon,Unknown,1.0,4.5,2.0,2589.0,0.31174095024885234,71.93915752520559,97.65516301344215
d6898864,Mercearia Tosca,Lisbon,European,1.0,4.5,24.0,2590.0,0.4067054476593143,71.93915752520559,97.65516301344215
d1906294,Timpanas,Lisbon,Portuguese,1.0,3.5,107.0,2591.0,0.3972431896225864,71.93915752520559,97.65516301344215
d8520939,I’m in Eden,Lisbon,Japanese,4.0,4.0,5.0,2592.0,0.3052862043384352,71.93915752520559,97.65516301344215
d6947721,Manakamana,Lisbon,Indian,1.0,4.0,9.0,2593.0,0.3281655426810586,71.93915752520559,97.65516301344215
d8806051,O Celeiro Da Alameda,Lisbon,Unknown,1.0,4.5,3.0,2594.0,0.32462572713636767,71.93915752520559,97.65516301344215
d10108560,Royal Kitchen Restaurante,Lisbon,Indian,1.0,4.0,17.0,2595.0,0.35449184667897454,71.93915752520559,97.65516301344215
d11918496,Hamburg The Burguer House,Lisbon,Unknown,1.0,4.0,12.0,2596.0,0.3399164492411775,71.93915752520559,97.65516301344215
d5786814,Pastelaria Tinoco,Lisbon,Unknown,1.0,4.5,7.0,2597.0,0.3556709817423109,71.93915752520559,97.65516301344215
d6847613,Restaurante o Pregoeiro de Carnide,Lisbon,Unknown,1.0,3.5,31.0,2598.0,0.3427617137463577,71.93915752520559,97.65516301344215
d4117234,Pastelaria Ritz,Lisbon,European,1.0,4.0,13.0,2599.0,0.34323553982709726,71.93915752520559,97.65516301344215
d5959168,Restaurante Feihe,Lisbon,Unknown,1.0,3.5,16.0,2600.0,0.3144315545198387,71.93915752520559,97.65516301344215
d11687938,Mwana Pwo,Lisbon,Unknown,1.0,4.0,11.0,2601.0,0.3363311919837589,71.93915752520559,97.65516301344215
d11981492,A Cafetaria,Lisbon,Unknown,1.0,4.5,4.0,2602.0,0.3346197541545911,71.93915752520559,97.65516301344215
d2589300,Margem do Tejo,Lisbon,European,1.0,4.0,11.0,2603.0,0.33633110333889327,71.93915752520559,97.65516301344215
d5786973,Restaurante de Sao Francisco,Lisbon,Unknown,1.0,4.5,3.0,2604.0,0.32462528288665166,71.93915752520559,97.65516301344215
d10831574,A Padaria Portuguesa,Lisbon,Unknown,1.0,4.5,3.0,2605.0,0.3246252386492711,71.93915752520559,97.65516301344215
d3905959,O Miudinho,Lisbon,Unknown,1.0,3.5,69.0,2606.0,0.377820388860106,71.93915752520559,97.65516301344215
d9704885,Restaurante Fu Lin,Lisbon,Chinese,1.0,4.5,3.0,2607.0,0.32462515027632216,71.93915752520559,97.65516301344215
d5959779,Restaurante Lumiar,Lisbon,Unknown,1.0,4.5,4.0,2608.0,0.3346194888318463,71.93915752520559,97.65516301344215
d7645916,Mercado do Marisco,Lisbon,Unknown,1.0,4.0,5.0,2609.0,0.3052854499796446,71.93915752520559,97.65516301344215
d6870390,Restaurante Cervejaria Sabe Bem Paramez,Lisbon,European,1.0,4.5,7.0,2610.0,0.3556704062109336,71.93915752520559,97.65516301344215
d12413351,Adega Solar Minhoto,Lisbon,Unknown,1.0,3.5,7.0,2611.0,0.28067036217667063,71.93915752520559,97.65516301344215
d12701633,Chillis Restaurante & Curry House,Lisbon,Indian,1.0,4.0,2.0,2612.0,0.2742399296367274,71.93915752520559,97.65516301344215
d11749968,Floresta Oriental,Lisbon,Unknown,1.0,4.0,3.0,2613.0,0.28712488596916713,71.93915752520559,97.65516301344215
d9563828,Ristorante O Cardeal,Lisbon,Unknown,1.0,4.0,3.0,2614.0,0.2871248420359388,71.93915752520559,97.65516301344215
d12860351,Cafe e Te,Lisbon,Unknown,1.0,4.0,2.0,2615.0,0.2742397978370038,71.93915752520559,97.65516301344215
d13145261,Cusca Cafe,Lisbon,Cafe,1.0,4.0,2.0,2616.0,0.2742397539709388,71.93915752520559,97.65516301344215
d11044597,Restaurante Sonho do Oriente,Lisbon,European,1.0,4.0,4.0,2617.0,0.29711909312887597,71.93915752520559,97.65516301344215
d11686977,Dez Pra Uma,Lisbon,Brazilian,1.0,4.0,3.0,2618.0,0.28712466663864983,71.93915752520559,97.65516301344215
d7751484,Sabor Beirao,Lisbon,Unknown,1.0,4.0,6.0,2619.0,0.31218926987586704,71.93915752520559,97.65516301344215
d12999507,Churrasqueria Central Santa Barbara,Lisbon,Unknown,1.0,4.0,2.0,2620.0,0.2742395788415343,71.93915752520559,97.65516301344215
d11890593,A Delicia da Beloura,Lisbon,Italian,1.0,4.0,2.0,2621.0,0.27423953514270544,71.93915752520559,97.65516301344215
d12557655,Padaria Lisboa,Lisbon,Unknown,1.0,4.0,3.0,2622.0,0.2871244917765166,71.93915752520559,97.65516301344215
d8724305,Izzy Sandwich Store,Lisbon,European,1.0,4.0,6.0,2623.0,0.31218909514714005,71.93915752520559,97.65516301344215
d10135970,Snack-bar Oliveiras,Lisbon,Unknown,1.0,4.0,5.0,2624.0,0.3052847924861506,71.93915752520559,97.65516301344215
d2702414,Restaurante Pokhara,Lisbon,Indian,1.0,3.5,28.0,2625.0,0.3383514905561741,71.93915752520559,97.65516301344215
d5959170,Restaurante Japones Samurai,Lisbon,Japanese,1.0,3.5,58.0,2626.0,0.3701624783122174,71.93915752520559,97.65516301344215
d8070915,Brasilia,Lisbon,Unknown,1.0,4.0,12.0,2627.0,0.3399150851762474,71.93915752520559,97.65516301344215
d7954271,the CHICKEN HUT,Lisbon,Italian,1.0,4.0,2.0,2628.0,0.2742392301820807,71.93915752520559,97.65516301344215
d5981254,Kastello Xxi,Lisbon,Unknown,1.0,4.5,3.0,2629.0,0.32462418704815477,71.93915752520559,97.65516301344215
d8719860,Takashi,Lisbon,Unknown,1.0,4.5,2.0,2630.0,0.31173914334864267,71.93915752520559,97.65516301344215
d5959987,Pizza na Brasa,Lisbon,Pizza,1.0,3.5,22.0,2631.0,0.3279690609544471,71.93915752520559,97.65516301344215
d10080181,Taberna Dos Novos Tempos,Lisbon,Unknown,1.0,5.0,14.0,2632.0,0.42132421581852003,71.93915752520559,97.65516301344215
d10189848,De La Vega,Lisbon,Unknown,1.0,4.0,2.0,2633.0,0.27423901334582723,71.93915752520559,97.65516301344215
d13139796,McDonald's,Lisbon,Fast Food,1.0,4.0,4.0,2634.0,0.2971183530678412,71.93915752520559,97.65516301344215
d5977515,Istanbul - Kebab & Pizza,Lisbon,Fast Food,1.0,4.0,25.0,2635.0,0.370960126609696,71.93915752520559,97.65516301344215
d10671294,Restaurante Portas Verdes,Lisbon,Unknown,1.0,3.5,3.0,2636.0,0.2496238839382288,71.93915752520559,97.65516301344215
d7598047,Restaurant Tambarina 1,Lisbon,Unknown,1.0,4.5,5.0,2637.0,0.3427842287089585,71.93915752520559,97.65516301344215
d3405181,Restaurante Passos de Fado,Lisbon,Portuguese,1.0,4.0,37.0,2638.0,0.3879569682613785,71.93915752520559,97.65516301344215
d6594215,Restaurante Contemporareno,Lisbon,International,1.0,3.5,13.0,2639.0,0.305733789769138,71.93915752520559,97.65516301344215
d10280937,Pao de Acucar Gourmet,Lisbon,European,1.0,4.5,2.0,2640.0,0.3117387111549395,71.93915752520559,97.65516301344215
d12676099,Joshua's Shoarma Grill,Lisbon,Unknown,1.0,3.5,7.0,2641.0,0.2806690566549789,71.93915752520559,97.65516301344215
d9565455,Nepal Maya,Lisbon,Unknown,1.0,3.5,20.0,2642.0,0.3238940485918096,71.93915752520559,97.65516301344215
d6373151,Prontinho,Lisbon,Mediterranean,1.0,4.5,2.0,2643.0,0.31173858213457184,71.93915752520559,97.65516301344215
d12413372,Nuova Italia,Lisbon,Italian,1.0,4.0,6.0,2644.0,0.312188186494979,71.93915752520559,97.65516301344215
d7917738,Rossio Restaurant,Lisbon,Mediterranean,1.0,4.5,6.0,2645.0,0.34968814358572314,71.93915752520559,97.65516301344215
d3896146,Central Cafe,Lisbon,American,1.0,4.5,10.0,2646.0,0.36993207491653224,71.93915752520559,97.65516301344215
d3847434,Solar da Figueira,Lisbon,European,1.0,4.0,10.0,2647.0,0.3324320320721061,71.93915752520559,97.65516301344215
d7755619,Luar de Prata,Lisbon,Unknown,1.0,4.5,3.0,2648.0,0.3246233680495827,71.93915752520559,97.65516301344215
d8461902,Nagoya - Roma,Lisbon,Unknown,1.0,4.5,6.0,2649.0,0.3496879722726653,71.93915752520559,97.65516301344215
d2395547,Estrela do Marechal,Lisbon,Unknown,1.0,4.5,13.0,2650.0,0.38073331776529845,71.93915752520559,97.65516301344215
d4428419,Mateus d'Arcade,Lisbon,European,1.0,4.5,4.0,2651.0,0.3346176224983475,71.93915752520559,97.65516301344215
d2155332,Sushi Lisboa Restaurante,Lisbon,Sushi,1.0,3.5,21.0,2652.0,0.32597720657473095,71.93915752520559,97.65516301344215
d11718966,"Kebab Mahal - Restaurante Indiano e Doner Kebab Rossio,Lisboa",Lisbon,Indian,1.0,4.0,19.0,2653.0,0.3592083136447182,71.93915752520559,97.65516301344215
d8397163,MM Cafe,Lisbon,European,1.0,4.5,3.0,2654.0,0.3246231118546936,71.93915752520559,97.65516301344215
d8552425,Mc Donald's - Rodrigo da Fonseca,Lisbon,Fast Food,1.0,3.5,53.0,2655.0,0.3661950095706484,71.93915752520559,97.65516301344215
d3632932,Dolce & Bianco,Lisbon,Contemporary,1.0,4.0,17.0,2656.0,0.3544891908352746,71.93915752520559,97.65516301344215
d2615672,Grande Escolha - Dolce CampoReal Lisboa,Lisbon,International,1.0,4.0,10.0,2657.0,0.33243160540160804,71.93915752520559,97.65516301344215
d10830876,"Horacio Esteves & Justo, Lda",Lisbon,Unknown,1.0,4.5,3.0,2658.0,0.3246229417006765,71.93915752520559,97.65516301344215
d8660876,Indian restaurant & kebab,Lisbon,Indian,1.0,4.0,8.0,2659.0,0.3234436751237258,71.93915752520559,97.65516301344215
d9764529,Os Cunhados,Lisbon,Unknown,1.0,4.0,6.0,2660.0,0.3121875038183965,71.93915752520559,97.65516301344215
d8599162,Os Amigos Da Severa,Lisbon,Unknown,1.0,4.0,12.0,2661.0,0.33991362564942645,71.93915752520559,97.65516301344215
d2415400,Restaurante Montenegro,Lisbon,Mediterranean,1.0,3.5,38.0,2662.0,0.35161935946744666,71.93915752520559,97.65516301344215
d3349063,BemBelem,Lisbon,Portuguese,1.0,3.5,169.0,2663.0,0.4175593714817974,71.93915752520559,97.65516301344215
d5959978,Restaurante O Heitor,Lisbon,Portuguese,1.0,4.5,3.0,2664.0,0.32462268742772526,71.93915752520559,97.65516301344215
d3573926,Tapas do Alem Tejo,Lisbon,European,1.0,4.0,29.0,2665.0,0.37736819227234575,71.93915752520559,97.65516301344215
d7755527,Perola,Lisbon,Bar,1.0,4.5,3.0,2666.0,0.32462260292441136,71.93915752520559,97.65516301344215
d7615497,Pastelaria Alsaciana,Lisbon,Unknown,1.0,3.5,17.0,2667.0,0.31698872484193513,71.93915752520559,97.65516301344215
d5977727,Quasi Pronti Saldanhav,Lisbon,Unknown,1.0,4.0,11.0,2668.0,0.33632829472866066,71.93915752520559,97.65516301344215
d8311312,PIZZA-BOSS,Lisbon,Pizza,1.0,4.0,6.0,2669.0,0.3121871234097239,71.93915752520559,97.65516301344215
d11960928,Vegana Burguers,Lisbon,Unknown,1.0,3.5,12.0,2670.0,0.30241324552613247,71.93915752520559,97.65516301344215
d2622114,Restaurante Paulino,Lisbon,Unknown,1.0,4.0,5.0,2671.0,0.30528278016056193,71.93915752520559,97.65516301344215
d10478711,Restaurante Galao 2,Lisbon,Unknown,1.0,4.0,3.0,2672.0,0.2871223501734815,71.93915752520559,97.65516301344215
d5981296,O Solar Da Marina,Lisbon,Unknown,1.0,4.0,3.0,2673.0,0.28712230815864304,71.93915752520559,97.65516301344215
d8525409,O Tomas,Lisbon,European,1.0,4.0,4.0,2674.0,0.2971166488663999,71.93915752520559,97.65516301344215
d9710042,U-Try,Lisbon,International,1.0,4.0,7.0,2675.0,0.3181676124632946,71.93915752520559,97.65516301344215
d12219905,Loja das Sopas,Lisbon,Unknown,1.0,4.0,8.0,2676.0,0.323442958184099,71.93915752520559,97.65516301344215
d7367668,Adega Do Tio Pepe,Lisbon,European,1.0,4.0,11.0,2677.0,0.33632791659405575,71.93915752520559,97.65516301344215
d1526295,Restaurante Cervejaria Lisboa Portugal,Lisbon,Portuguese,1.0,3.5,154.0,2678.0,0.41342142911986796,71.93915752520559,97.65516301344215
d5959901,Riaculo-Sociedad Hoteleira Lda,Lisbon,Unknown,1.0,4.5,3.0,2679.0,0.3246220567282997,71.93915752520559,97.65516301344215
d4947002,Tintim cafe,Lisbon,Unknown,1.0,3.5,31.0,2680.0,0.34275817965296473,71.93915752520559,97.65516301344215
d3389742,Os amigos,Lisbon,Portuguese,1.0,3.5,66.0,2681.0,0.37585529070486445,71.93915752520559,97.65516301344215
d6106566,Cafe na Fabrica - Lx Factory,Lisbon,Cafe,1.0,3.5,61.0,2682.0,0.37238149106848134,71.93915752520559,97.65516301344215
d4085116,Os Mimos do Churrasco,Lisbon,European,1.0,4.0,9.0,2683.0,0.32816166066408015,71.93915752520559,97.65516301344215
d5979704,Pastelaria Anaflor,Lisbon,Unknown,1.0,4.0,5.0,2684.0,0.3052822360025057,71.93915752520559,97.65516301344215
d12089557,Pastelinho de Benfica,Lisbon,Unknown,1.0,4.0,6.0,2685.0,0.31218645342449286,71.93915752520559,97.65516301344215
d3365490,nova arcadia,Lisbon,European,1.0,4.0,10.0,2686.0,0.3324303860230734,71.93915752520559,97.65516301344215
d9803699,Hot/Cold Cafe,Lisbon,Pizza,1.0,4.0,15.0,2687.0,0.34921249971471485,71.93915752520559,97.65516301344215
d4591259,Cantinho de Palma,Lisbon,European,1.0,4.5,11.0,2688.0,0.3738274578682629,71.93915752520559,97.65516301344215
d7653813,Calunga - Refeicoes a Peso,Lisbon,European,1.0,4.5,2.0,2689.0,0.31173663987184075,71.93915752520559,97.65516301344215
d6407243,Dogtails,Lisbon,Unknown,1.0,4.5,5.0,2690.0,0.3427819866265546,71.93915752520559,97.65516301344215
d8533977,Monte Verde,Lisbon,Unknown,1.0,4.5,4.0,2691.0,0.33461593992240013,71.93915752520559,97.65516301344215
d9565492,Benfica 409,Lisbon,Unknown,1.0,4.0,9.0,2692.0,0.3281612867387449,71.93915752520559,97.65516301344215
d7255726,Restaurante Peixaria,Lisbon,Portuguese,1.0,3.5,70.0,2693.0,0.3784519848377203,71.93915752520559,97.65516301344215
d2615378,Bonsai,Lisbon,Japanese,1.0,4.0,30.0,2694.0,0.3788356044456538,71.93915752520559,97.65516301344215
d951189,Restaurante Marisqueira Flor do Liz,Lisbon,Seafood,1.0,3.5,39.0,2695.0,0.3527519391321369,71.93915752520559,97.65516301344215
d10836683,Casa Vintage,Lisbon,European,1.0,5.0,29.0,2696.0,0.4523668975319352,71.93915752520559,97.65516301344215
d7594245,Santos a Mesa,Lisbon,European,1.0,4.0,15.0,2697.0,0.3492120856297159,71.93915752520559,97.65516301344215
d8492139,O Cantinho Do Gordo,Lisbon,Unknown,1.0,3.5,18.0,2698.0,0.3194090503002985,71.93915752520559,97.65516301344215
d8587722,ZE' Lisboa,Lisbon,Unknown,1.0,4.0,5.0,2699.0,0.30528161464153086,71.93915752520559,97.65516301344215
d5426895,Me And You-Restaurante-Bar Cofee-House,Lisbon,European,1.0,3.5,86.0,2700.0,0.3875540912795645,71.93915752520559,97.65516301344215
d2617110,Ultima Instancia,Lisbon,Unknown,1.0,3.5,7.0,2701.0,0.2806665326141517,71.93915752520559,97.65516301344215
d9830961,Nucarvao,Lisbon,Unknown,1.0,4.5,3.0,2702.0,0.32462110325642196,71.93915752520559,97.65516301344215
d5977477,Pastelaria Astro,Lisbon,Unknown,1.0,4.0,9.0,2703.0,0.3281608331004656,71.93915752520559,97.65516301344215
d8871735,Wanhao,Lisbon,Seafood,1.0,4.0,6.0,2704.0,0.31218566811520454,71.93915752520559,97.65516301344215
d3451072,Pizzo Pizzeria,Lisbon,Pizza,1.0,4.0,25.0,2705.0,0.37095717955455704,71.93915752520559,97.65516301344215
d10131635,World Sandwich,Lisbon,Unknown,1.0,4.5,2.0,2706.0,0.31173593879045347,71.93915752520559,97.65516301344215
d6225142,A Toca Petiscos,Lisbon,Unknown,1.0,4.0,6.0,2707.0,0.3121855451267279,71.93915752520559,97.65516301344215
d13071752,Jam Club - Cultural Sessions,Lisbon,Bar,1.0,5.0,6.0,2708.0,0.38718550419112474,71.93915752520559,97.65516301344215
d8759552,Restaurante O Rolhas,Lisbon,European,1.0,3.5,37.0,2709.0,0.35045398691344276,71.93915752520559,97.65516301344215
d5959844,Restaurante Vasco da Gama,Lisbon,Unknown,1.0,4.0,10.0,2710.0,0.3324293966181822,71.93915752520559,97.65516301344215
d10101991,Portugal Puro,Lisbon,Mediterranean,1.0,4.0,45.0,2711.0,0.39651108347648667,71.93915752520559,97.65516301344215
d8139090,Cervejaria Sol Graca Lda,Lisbon,European,1.0,4.0,3.0,2712.0,0.2871206937477711,71.93915752520559,97.65516301344215
d2617058,Sushifashion Miragem,Lisbon,Sushi,1.0,4.0,17.0,2713.0,0.354486817084597,71.93915752520559,97.65516301344215
d8630252,Stop Caffe,Lisbon,Unknown,1.0,4.5,4.0,2714.0,0.33461499489934154,71.93915752520559,97.65516301344215
d8615808,Cervejanario,Lisbon,European,1.0,3.5,7.0,2715.0,0.28066595972350994,71.93915752520559,97.65516301344215
d4755884,Painel Da Baixa,Lisbon,European,1.0,3.5,50.0,2716.0,0.36363240131290747,71.93915752520559,97.65516301344215
d2216119,Piccolo Napoli,Lisbon,Italian,1.0,3.5,120.0,2717.0,0.40232850902494616,71.93915752520559,97.65516301344215
d12484615,Tasca Do Chico,Lisbon,Unknown,1.0,3.5,26.0,2718.0,0.3351470015514044,71.93915752520559,97.65516301344215
d8422580,Myiced Benfica,Lisbon,Healthy,1.0,4.5,9.0,2719.0,0.3656601798152351,71.93915752520559,97.65516301344215
d7603890,Padaria Low-cost Picoas,Lisbon,Unknown,1.0,4.0,15.0,2720.0,0.3492111447890166,71.93915752520559,97.65516301344215
d7253756,Boutique Da Cerveja,Lisbon,European,1.0,4.0,2.0,2721.0,0.27423532746421614,71.93915752520559,97.65516301344215
d7067725,Simphonya Belem,Lisbon,Seafood,1.0,3.5,15.0,2722.0,0.31171106372818014,71.93915752520559,97.65516301344215
d6592778,Lisboa Atrevida Restaurant,Lisbon,Seafood,1.0,4.0,21.0,2723.0,0.36347425621278295,71.93915752520559,97.65516301344215
d6902622,Modjo,Lisbon,Unknown,1.0,4.0,14.0,2724.0,0.3463203651782386,71.93915752520559,97.65516301344215
d10052681,El Sabores,Lisbon,Unknown,1.0,4.5,8.0,2725.0,0.3609409417614134,71.93915752520559,97.65516301344215
d4507034,Cafe Alegria,Lisbon,Unknown,1.0,4.0,10.0,2726.0,0.3324287466936193,71.93915752520559,97.65516301344215
d4700985,Vitorioso,Lisbon,Indian,1.0,4.0,9.0,2727.0,0.32815985604736214,71.93915752520559,97.65516301344215
d4795354,Machado Fadorestaurang Lissabon,Lisbon,Pub,1.0,4.0,11.0,2728.0,0.3363258209595081,71.93915752520559,97.65516301344215
d5773456,Rei da Brasa,Lisbon,European,1.0,3.5,2.0,2729.0,0.23673500417142554,71.93915752520559,97.65516301344215
d3628719,Doce Historia,Lisbon,Cafe,1.0,4.5,8.0,2730.0,0.3609407400739234,71.93915752520559,97.65516301344215
d10744435,L'Italiano,Lisbon,Unknown,1.0,3.5,18.0,2731.0,0.3194077063339181,71.93915752520559,97.65516301344215
d8293691,Oldfama,Lisbon,Unknown,1.0,5.0,13.0,2732.0,0.4182299189669861,71.93915752520559,97.65516301344215
d7233403,Hayaci,Lisbon,Japanese,1.0,3.5,50.0,2733.0,0.36363171405834044,71.93915752520559,97.65516301344215
d8471361,Maria Buxinha,Lisbon,Unknown,1.0,4.0,10.0,2734.0,0.33242842458396943,71.93915752520559,97.65516301344215
d10819336,Pastelaria Balalaika,Lisbon,Unknown,1.0,4.0,2.0,2735.0,0.27423476294299315,71.93915752520559,97.65516301344215
d3898152,Nero,Lisbon,Italian,1.0,4.0,17.0,2736.0,0.35448588726207864,71.93915752520559,97.65516301344215
d5959806,Restaurante Favas Contadas,Lisbon,Unknown,1.0,3.5,15.0,2737.0,0.31171045954803206,71.93915752520559,97.65516301344215
d8665075,Taberna Manduka,Lisbon,European,1.0,4.0,24.0,2738.0,0.36919918488707243,71.93915752520559,97.65516301344215
d11919168,Dote,Lisbon,Barbecue,1.0,3.5,40.0,2739.0,0.3538561085301502,71.93915752520559,97.65516301344215
d10069794,Czar Lisbon Hotel,Lisbon,Mediterranean,1.0,3.0,21.0,2740.0,0.2884735724761835,71.93915752520559,97.65516301344215
d8372757,Nortex,Lisbon,Unknown,1.0,4.0,17.0,2741.0,0.35448568719161144,71.93915752520559,97.65516301344215
d4908905,El Ultimo Tango,Lisbon,Portuguese,1.0,3.5,51.0,2742.0,0.3645010708521606,71.93915752520559,97.65516301344215
d2615769,Le Ganesh,Lisbon,Unknown,1.0,4.0,15.0,2743.0,0.34921021972617816,71.93915752520559,97.65516301344215
d6868211,Espaco Bistro,Lisbon,Steakhouse,1.0,4.5,4.0,2744.0,0.3346137860688257,71.93915752520559,97.65516301344215
d12936859,ZeroZero,Lisbon,Italian,1.0,3.5,27.0,2745.0,0.33677478702136393,71.93915752520559,97.65516301344215
d3622278,Central Xabregas,Lisbon,European,1.0,4.5,4.0,2746.0,0.33461370641925003,71.93915752520559,97.65516301344215
d1199170,Tertulia do Paco,Lisbon,Seafood,1.0,4.0,78.0,2747.0,0.4207318281741657,71.93915752520559,97.65516301344215
d11866073,"Restaurante ""O AQUEDUTO""",Lisbon,Unknown,1.0,4.0,2.0,2748.0,0.27423424389513446,71.93915752520559,97.65516301344215
d1771843,Casa das Sandes,Lisbon,Cafe,1.0,4.0,20.0,2749.0,0.3613896276547183,71.93915752520559,97.65516301344215
d5979703,Pizzaria Mamma Mia,Lisbon,Unknown,1.0,4.0,2.0,2750.0,0.27423416447718235,71.93915752520559,97.65516301344215
d10252689,Cento E Quatro°,Lisbon,Unknown,1.0,3.5,16.0,2751.0,0.3144252194541944,71.93915752520559,97.65516301344215
d7648895,Dewine - Tasca Gourmet,Lisbon,European,1.0,4.5,2.0,2752.0,0.31173408517466333,71.93915752520559,97.65516301344215
d6707334,Musaxi,Lisbon,Sushi,1.0,3.5,28.0,2753.0,0.3383461754424533,71.93915752520559,97.65516301344215
d8000724,Oh Brigadeiro,Lisbon,European,1.0,4.5,17.0,2754.0,0.39198517040828706,71.93915752520559,97.65516301344215
d6673601,Brasileirissimo,Lisbon,Brazilian,1.0,4.5,3.0,2755.0,0.32461896673607954,71.93915752520559,97.65516301344215
d5562554,Pizza Hut - Vasco da Gama,Lisbon,Pizza,1.0,3.5,46.0,2756.0,0.35997251814845344,71.93915752520559,97.65516301344215
d8146347,Glup Glup,Lisbon,Italian,1.0,4.0,10.0,2757.0,0.33242750893150175,71.93915752520559,97.65516301344215
d3328292,palco 13,Lisbon,European,1.0,4.0,11.0,2758.0,0.33632462443737265,71.93915752520559,97.65516301344215
d10464953,Socram Bar,Lisbon,Fast Food,1.0,4.0,4.0,2759.0,0.2971131915117361,71.93915752520559,97.65516301344215
d8751707,Para Sempre,Lisbon,European,1.0,4.0,6.0,2760.0,0.3121834164160323,71.93915752520559,97.65516301344215
d11806049,Italian Republic,Lisbon,Unknown,1.0,4.0,9.0,2761.0,0.3281585009656538,71.93915752520559,97.65516301344215
d8563216,Cova Funda,Lisbon,Unknown,1.0,3.5,5.0,2762.0,0.2677790786248773,71.93915752520559,97.65516301344215
d10081250,Este,Lisbon,European,1.0,4.5,6.0,2763.0,0.34968329836510637,71.93915752520559,97.65516301344215
d2615344,Al Fresco Sintra,Lisbon,Unknown,1.0,4.0,6.0,2764.0,0.3121832590717445,71.93915752520559,97.65516301344215
d12390337,h3 New Hamburgology,Lisbon,Unknown,1.0,3.5,7.0,2765.0,0.28066396104406865,71.93915752520559,97.65516301344215
d12709330,O Tabuleiro,Lisbon,Unknown,1.0,4.0,4.0,2766.0,0.297112916258601,71.93915752520559,97.65516301344215
d6631123,Restaurante Danfe,Lisbon,Unknown,1.0,4.0,21.0,2767.0,0.36347250380978896,71.93915752520559,97.65516301344215
d12113973,O Farnel,Lisbon,Unknown,1.0,3.5,10.0,2768.0,0.2949270763898406,71.93915752520559,97.65516301344215
d5979455,Elephant Walk Cafe,Lisbon,Unknown,1.0,4.5,4.0,2769.0,0.3346127987189942,71.93915752520559,97.65516301344215
d7367684,D. Dinis,Lisbon,European,1.0,4.5,6.0,2770.0,0.3496830239073577,71.93915752520559,97.65516301344215
d739842,Casa da Morna & Semba,Lisbon,European,1.0,3.5,49.0,2771.0,0.36274326791208816,71.93915752520559,97.65516301344215
d12331888,Adega Sao Domingos,Lisbon,Unknown,1.0,4.0,3.0,2772.0,0.28711829874263145,71.93915752520559,97.65516301344215
d6788100,Coreto de Carnide,Lisbon,European,1.0,3.5,41.0,2773.0,0.35493407112774816,71.93915752520559,97.65516301344215
d2616667,Petra Rio,Lisbon,Mediterranean,1.0,4.0,25.0,2774.0,0.37095442016208563,71.93915752520559,97.65516301344215
d10150006,Yang,Lisbon,Unknown,1.0,4.5,3.0,2775.0,0.324618181711029,71.93915752520559,97.65516301344215
d11998285,Sushi cafe,Lisbon,Sushi,1.0,3.5,3.0,2776.0,0.24961814275670596,71.93915752520559,97.65516301344215
d2367900,A Morgadinha de Alfama,Lisbon,Mediterranean,1.0,3.0,279.0,2777.0,0.4024040747248821,71.93915752520559,97.65516301344215
d4174263,Pastelaria Sao Carlos,Lisbon,European,1.0,4.0,12.0,2778.0,0.3399088761607532,71.93915752520559,97.65516301344215
d8651391,Vicius Bar Lounge,Lisbon,European,1.0,4.5,6.0,2779.0,0.3496826730647712,71.93915752520559,97.65516301344215
d1081733,Churascaria,Lisbon,Unknown,1.0,4.5,3.0,2780.0,0.3246179872196608,71.93915752520559,97.65516301344215
d1495852,Restaurante D'Avis,Lisbon,Unknown,1.0,3.0,18.0,2781.0,0.28190573079574544,71.93915752520559,97.65516301344215
d8539789,Restaurante Cova Funda Do Chile,Lisbon,European,1.0,3.5,8.0,2782.0,0.2859386855004272,71.93915752520559,97.65516301344215
d4861309,Cacao Sampaka,Lisbon,Cafe,1.0,4.0,5.0,2783.0,0.3052782588010723,71.93915752520559,97.65516301344215
d7083109,Cariocas do Rio,Lisbon,Unknown,1.0,4.0,9.0,2784.0,0.3281576030608213,71.93915752520559,97.65516301344215
d8467817,Restaurante Fonte Dos Passarinhos,Lisbon,European,1.0,4.0,7.0,2785.0,0.31816318166673535,71.93915752520559,97.65516301344215
d10804834,"Restaurante Africano ""O Nelson""",Lisbon,Unknown,1.0,4.0,2.0,2786.0,0.2742327544522067,71.93915752520559,97.65516301344215
d5539715,Bar Das Imagens,Lisbon,European,1.0,4.0,14.0,2787.0,0.34631787497617894,71.93915752520559,97.65516301344215
d7714183,La Creperie Das Amoreiras,Lisbon,French,1.0,3.5,23.0,2788.0,0.3298688419054445,71.93915752520559,97.65516301344215
d12124508,Restaurante da Madalena,Lisbon,Unknown,1.0,3.5,11.0,2789.0,0.2988234150733957,71.93915752520559,97.65516301344215
d3323112,Taberna Ti Camila,Lisbon,Bar,1.0,3.5,122.0,2790.0,0.4030598820287606,71.93915752520559,97.65516301344215
d12635855,Cockpit,Lisbon,European,1.0,3.5,18.0,2791.0,0.31940534418200484,71.93915752520559,97.65516301344215
d12565441,Gazpaxo,Lisbon,Unknown,1.0,4.0,6.0,2792.0,0.3121821702853402,71.93915752520559,97.65516301344215
d5981495,Restaurante Abrantino,Lisbon,Unknown,1.0,4.0,6.0,2793.0,0.3121821318038607,71.93915752520559,97.65516301344215
d8734570,Restaurante Portas Verdes,Lisbon,Unknown,1.0,3.5,27.0,2794.0,0.3367728698301063,71.93915752520559,97.65516301344215
d3786688,Mr. Papas,Lisbon,Unknown,1.0,4.5,57.0,2795.0,0.4443899257373067,71.93915752520559,97.65516301344215
d3569950,Restaurante Alcaide,Lisbon,European,1.0,4.0,16.0,2796.0,0.35192346386513057,71.93915752520559,97.65516301344215
d10810357,Pontivirgula - Pastelaria - Snack bar,Lisbon,Unknown,1.0,4.0,5.0,2797.0,0.3052777190910617,71.93915752520559,97.65516301344215
d9986891,Restaurante So Peso,Lisbon,Unknown,1.0,4.0,7.0,2798.0,0.31816268104632356,71.93915752520559,97.65516301344215
d5963789,a nini,Lisbon,Unknown,1.0,3.5,12.0,2799.0,0.3024080657181454,71.93915752520559,97.65516301344215
d3908959,A Lontra,Lisbon,Mediterranean,1.0,3.5,69.0,2800.0,0.3778124106145734,71.93915752520559,97.65516301344215
d8800535,Gingole,Lisbon,Unknown,1.0,4.0,13.0,2801.0,0.34322721318128496,71.93915752520559,97.65516301344215
d3370690,Da Beppi,Lisbon,Italian,1.0,3.5,24.0,2802.0,0.331696681566262,71.93915752520559,97.65516301344215
d7254360,Das Tripas Coracao,Lisbon,European,1.0,5.0,8.0,2803.0,0.3984378773779587,71.93915752520559,97.65516301344215
d12516582,Love Lisbon Martim Moniz,Lisbon,European,1.0,4.0,4.0,2804.0,0.29711144600747036,71.93915752520559,97.65516301344215
d7995552,Nutmania,Lisbon,Unknown,1.0,3.5,61.0,2805.0,0.3723765847969182,71.93915752520559,97.65516301344215
d11645327,Pokhara Restaurant,Lisbon,Italian,1.0,4.0,2.0,2806.0,0.27423198673844196,71.93915752520559,97.65516301344215
d9851971,O Bar da Odete,Lisbon,Unknown,1.0,4.0,8.0,2807.0,0.3234377248208,71.93915752520559,97.65516301344215
d12455809,Farggi,Lisbon,Unknown,1.0,3.5,6.0,2808.0,0.2746815578706838,71.93915752520559,97.65516301344215
d5958884,Lisboa Marina,Lisbon,Seafood,1.0,3.5,61.0,2809.0,0.3723764324570775,71.93915752520559,97.65516301344215
d799933,Lagoa Azul,Lisbon,Unknown,1.0,4.5,3.0,2810.0,0.3246168348063938,71.93915752520559,97.65516301344215
d4358003,Dim Sum Light & Fun,Lisbon,Asian,1.0,4.0,39.0,2811.0,0.39024734422768875,71.93915752520559,97.65516301344215
d3793075,A Baiuca,Lisbon,Portuguese,1.0,3.5,42.0,2812.0,0.3559864783761869,71.93915752520559,97.65516301344215
d9999938,Academia de Golfe de Lisboa e Restaurante Golf Spot,Lisbon,Japanese,1.0,3.5,17.0,2813.0,0.31698288503864525,71.93915752520559,97.65516301344215
d6840648,Mr.Kebab and Grill House,Lisbon,Unknown,1.0,3.0,7.0,2814.0,0.24316207124791045,71.93915752520559,97.65516301344215
d3815400,Kyoto House,Lisbon,Japanese,1.0,4.5,3.0,2815.0,0.32461664512558375,71.93915752520559,97.65516301344215
d4777670,Tian Yi Jiao,Lisbon,Chinese,1.0,4.0,11.0,2816.0,0.33632238345112314,71.93915752520559,97.65516301344215
d12670694,Ikea,Lisbon,Unknown,1.0,3.5,5.0,2817.0,0.26777695738257784,71.93915752520559,97.65516301344215
d8055706,Jin Man Lou,Lisbon,Chinese,1.0,4.0,10.0,2818.0,0.332425152850645,71.93915752520559,97.65516301344215
d12995043,O Prego,Lisbon,American,1.0,3.5,3.0,2819.0,0.2496164938653989,71.93915752520559,97.65516301344215
d10107366,Casa Mocambo,Lisbon,African,1.0,3.5,12.0,2820.0,0.30240726734595935,71.93915752520559,97.65516301344215
d6165830,2 a Esquina,Lisbon,European,1.0,4.0,19.0,2821.0,0.35920157756751425,71.93915752520559,97.65516301344215
d5979656,Cafe Fnac,Lisbon,Unknown,1.0,4.0,12.0,2822.0,0.3399071919302208,71.93915752520559,97.65516301344215
d6451020,Bom Garfo,Lisbon,Chinese,1.0,3.5,7.0,2823.0,0.2806617312739545,71.93915752520559,97.65516301344215
d10177773,Sfizio Restaurante,Lisbon,Unknown,1.0,3.5,16.0,2824.0,0.314422399736122,71.93915752520559,97.65516301344215
d10276602,A Padaria Portuguesa,Lisbon,European,1.0,4.0,12.0,2825.0,0.33990707900683176,71.93915752520559,97.65516301344215
d11882497,Pastelaria Chilena,Lisbon,Unknown,1.0,4.0,2.0,2826.0,0.27423122989111404,71.93915752520559,97.65516301344215
d10689420,Bellezza D'Italia,Lisbon,Italian,1.0,3.5,14.0,2827.0,0.3088163515012045,71.93915752520559,97.65516301344215
d13473338,Jamie's Italian,Lisbon,Italian,1.0,3.5,22.0,2828.0,0.3279611157681768,71.93915752520559,97.65516301344215
d8611111,Folha Verde,Lisbon,Unknown,1.0,3.5,7.0,2829.0,0.2806615058263966,71.93915752520559,97.65516301344215
d1918289,Varanda da Uniao,Lisbon,Mediterranean,1.0,3.5,32.0,2830.0,0.34413047749598363,71.93915752520559,97.65516301344215
d8794766,Discobolo,Lisbon,Unknown,1.0,3.5,3.0,2831.0,0.24961604264948192,71.93915752520559,97.65516301344215
d10792479,Petit Gateau Cafe,Lisbon,French,1.0,3.5,13.0,2832.0,0.30572604046367563,71.93915752520559,97.65516301344215
d8625685,Shangrilla,Lisbon,Unknown,1.0,4.0,2.0,2833.0,0.27423096751915477,71.93915752520559,97.65516301344215
d10474266,Tapas Bar 47,Lisbon,Bar,1.0,3.5,90.0,2834.0,0.38956216515412323,71.93915752520559,97.65516301344215
d12478941,Sabor Com Caracter,Lisbon,Unknown,1.0,4.0,4.0,2835.0,0.29711027578419513,71.93915752520559,97.65516301344215
d8818037,A Chilena,Lisbon,Unknown,1.0,4.0,6.0,2836.0,0.31218050277265447,71.93915752520559,97.65516301344215
d12946201,Brasili America,Lisbon,Unknown,1.0,4.0,2.0,2837.0,0.2742308181736374,71.93915752520559,97.65516301344215
d10063501,Goldfield 4,Lisbon,Unknown,1.0,4.0,4.0,2838.0,0.2971101638935157,71.93915752520559,97.65516301344215
d12498397,Clube dos Sabores,Lisbon,Unknown,1.0,4.0,2.0,2839.0,0.2742307436586937,71.93915752520559,97.65516301344215
d3802906,Mei Wei,Lisbon,Chinese,1.0,4.0,0.0,2840.0,0.22502493025970677,71.93915752520559,97.65516301344215
d4491713,Churrasqueira Vitoria,Lisbon,European,1.0,4.0,0.0,2841.0,0.2250248930677921,71.93915752520559,97.65516301344215
d5122437,Ristorante Calcana,Lisbon,Italian,1.0,4.0,4.0,2842.0,0.2971100150734003,71.93915752520559,97.65516301344215
d8768713,O Socio,Lisbon,Unknown,1.0,4.0,0.0,2843.0,0.2250248187624543,71.93915752520559,97.65516301344215
d13448920,Floresta do Alcaide,Lisbon,Unknown,1.0,4.0,0.0,2844.0,0.22502478164897602,71.93915752520559,97.65516301344215
d5039193,Flor De Mandala,Lisbon,Asian,1.0,4.0,2.0,2845.0,0.27423052074245957,71.93915752520559,97.65516301344215
d6479082,Restaurante D'El Rei,Lisbon,European,1.0,4.0,0.0,2846.0,0.22502470750026285,71.93915752520559,97.65516301344215
d11956707,Sala de Cha,Lisbon,Unknown,1.0,4.0,0.0,2847.0,0.22502467046497301,71.93915752520559,97.65516301344215
d12969258,Arena Cafe,Lisbon,Unknown,1.0,4.0,0.0,2848.0,0.22502463345569113,71.93915752520559,97.65516301344215
d12213543,Snack-Bar Pica Pau,Lisbon,Unknown,1.0,4.0,2.0,2849.0,0.27423037265326133,71.93915752520559,97.65516301344215
d13139218,Cafe Cunha,Lisbon,Unknown,1.0,4.0,0.0,2850.0,0.2250245595150416,71.93915752520559,97.65516301344215
d12331250,Cascata,Lisbon,European,1.0,4.0,0.0,2851.0,0.22502452258361935,71.93915752520559,97.65516301344215
d5963134,Pastelaria Caricia,Lisbon,Unknown,1.0,4.0,0.0,2852.0,0.2250244856780957,71.93915752520559,97.65516301344215
d5988475,Cafe Girassol,Lisbon,Unknown,1.0,4.0,0.0,2853.0,0.2250244487984434,71.93915752520559,97.65516301344215
d6656827,Delhi Heat,Lisbon,Indian,1.0,4.0,0.0,2854.0,0.22502441194463532,71.93915752520559,97.65516301344215
d7994062,A Vizinha,Lisbon,Unknown,1.0,4.0,2.0,2855.0,0.2742301512975158,71.93915752520559,97.65516301344215
d5267780,A Parra - Restaurante,Lisbon,Mediterranean,1.0,4.0,0.0,2856.0,0.22502433831444307,71.93915752520559,97.65516301344215
d11825506,Alecrim do Bairro,Lisbon,European,1.0,4.0,0.0,2857.0,0.22502430153800476,71.93915752520559,97.65516301344215
d4830356,Restaurante Tapas Bar,Lisbon,Spanish,1.0,4.0,3.0,2858.0,0.2871150412674814,71.93915752520559,97.65516301344215
d6373199,Prontinho,Lisbon,European,1.0,4.0,0.0,2859.0,0.22502422806230846,71.93915752520559,97.65516301344215
d10796501,Noori Sushi,Lisbon,Unknown,1.0,4.0,2.0,2860.0,0.2742299675438681,71.93915752520559,97.65516301344215
d10230549,Raffaeles Pizzaria,Lisbon,Unknown,1.0,4.0,0.0,2861.0,0.22502415468933945,71.93915752520559,97.65516301344215
d7967312,Doce Larica,Lisbon,Brazilian,1.0,4.0,2.0,2862.0,0.27422989422218197,71.93915752520559,97.65516301344215
d10341702,Cantinho da Mimi,Lisbon,Cafe,1.0,4.0,0.0,2863.0,0.22502408141888244,71.93915752520559,97.65516301344215
d2386263,Capuchinho,Lisbon,European,1.0,4.0,2.0,2864.0,0.2742298210029004,71.93915752520559,97.65516301344215
d5559691,Goot Unique Handmade Sausages,Lisbon,American,1.0,4.0,0.0,2865.0,0.22502400825072277,71.93915752520559,97.65516301344215
d12476664,Flor Comercial,Lisbon,Unknown,1.0,4.0,0.0,2866.0,0.2250239717049375,71.93915752520559,97.65516301344215
d2617116,Varanda do Marques,Lisbon,Unknown,1.0,4.0,4.0,2867.0,0.2971090943559961,71.93915752520559,97.65516301344215
d5008714,D. Jamon,Lisbon,Unknown,1.0,4.0,0.0,2868.0,0.22502389868982256,71.93915752520559,97.65516301344215
d7734614,O Valente,Lisbon,Pub,1.0,4.0,0.0,2869.0,0.22502386222043963,71.93915752520559,97.65516301344215
d12595085,Anastacia Restaurant,Lisbon,African,1.0,4.0,0.0,2870.0,0.22502382577647087,71.93915752520559,97.65516301344215
d5111408,Paparazzi,Lisbon,European,1.0,4.0,2.0,2871.0,0.2742295655387614,71.93915752520559,97.65516301344215
d2616843,Restaurante Picco Bello,Lisbon,Unknown,1.0,4.0,2.0,2872.0,0.2742295291455414,71.93915752520559,97.65516301344215
d5959944,Janela Do Capitulo,Lisbon,Unknown,1.0,4.0,0.0,2873.0,0.2250237165967845,71.93915752520559,97.65516301344215
d5959913,Speak Easy,Lisbon,Unknown,1.0,4.0,0.0,2874.0,0.22502368025420735,71.93915752520559,97.65516301344215
d13160666,Pastelaria Novo Milenio,Lisbon,European,1.0,4.0,0.0,2875.0,0.22502364393691204,71.93915752520559,97.65516301344215
d10486080,Mentiras,Lisbon,Unknown,1.0,4.0,2.0,2876.0,0.2742293838257437,71.93915752520559,97.65516301344215
d11874662,Churrasquinho De Leiao,Lisbon,Unknown,1.0,4.0,0.0,2877.0,0.2250235713780613,71.93915752520559,97.65516301344215
d12850830,kebab Ali House,Lisbon,Indian,1.0,4.0,0.0,2878.0,0.2250235351364533,71.93915752520559,97.65516301344215
d12645762,Jardins De Benfica,Lisbon,Unknown,1.0,4.0,0.0,2879.0,0.22502349892002177,71.93915752520559,97.65516301344215
d8505253,Soundwich,Lisbon,Unknown,1.0,4.0,0.0,2880.0,0.22502346272874055,71.93915752520559,97.65516301344215
d6782102,McDonald's,Lisbon,Fast Food,1.0,4.0,0.0,2881.0,0.22502342656258345,71.93915752520559,97.65516301344215
d5959108,Matilde Bazar Do Pao-Oficial,Lisbon,Unknown,1.0,4.0,0.0,2882.0,0.22502339042152433,71.93915752520559,97.65516301344215
d13506863,Cacau da Ribeira,Lisbon,Unknown,1.0,4.0,0.0,2883.0,0.22502335430553702,71.93915752520559,97.65516301344215
d2615542,Distinto,Lisbon,Unknown,1.0,4.0,0.0,2884.0,0.22502331821459548,71.93915752520559,97.65516301344215
d4132766,Chouperia Lisboa,Lisbon,Mediterranean,1.0,4.0,0.0,2885.0,0.22502328214867365,71.93915752520559,97.65516301344215
d8813086,Bif's & Bitok's,Lisbon,European,1.0,4.0,0.0,2886.0,0.22502324610774554,71.93915752520559,97.65516301344215
d2615209,Akatonbo,Lisbon,Unknown,1.0,4.0,0.0,2887.0,0.22502321009178516,71.93915752520559,97.65516301344215
d12816981,Ginginha de Campolide,Lisbon,Unknown,1.0,4.0,0.0,2888.0,0.2250231741007666,71.93915752520559,97.65516301344215
d5958006,Aqui E Fish - O Pirata,Lisbon,Seafood,1.0,4.0,0.0,2889.0,0.22502313813466393,71.93915752520559,97.65516301344215
d7603856,Restaurante Diwali de Goa,Lisbon,Unknown,1.0,4.0,0.0,2890.0,0.22502310219345129,71.93915752520559,97.65516301344215
d6369256,Cervejeria Prado,Lisbon,European,1.0,4.0,0.0,2891.0,0.22502306627710286,71.93915752520559,97.65516301344215
d8066105,Maria Henriqueta Santos,Lisbon,Unknown,1.0,4.0,4.0,2892.0,0.2971081895569426,71.93915752520559,97.65516301344215
d10251653,Outof,Lisbon,Unknown,1.0,4.0,0.0,2893.0,0.22502299451889549,71.93915752520559,97.65516301344215
d12951633,Pateo,Lisbon,European,1.0,4.0,0.0,2894.0,0.22502295867698507,71.93915752520559,97.65516301344215
d12925705,Pastelaria Dom Giovanni,Lisbon,Unknown,1.0,4.0,0.0,2895.0,0.22502292285983588,71.93915752520559,97.65516301344215
d11871212,Restarante Outeiral,Lisbon,Unknown,1.0,4.0,2.0,2896.0,0.2742286632482939,71.93915752520559,97.65516301344215
d2303957,Islamabad,Lisbon,Pakistani,1.0,4.0,0.0,2897.0,0.22502285129971875,71.93915752520559,97.65516301344215
d5981359,Cafe Doce Tentacao,Lisbon,Unknown,1.0,4.0,0.0,2898.0,0.22502281555669956,71.93915752520559,97.65516301344215
d10532987,Restaurante Pastelaria Adriano Manuel Da Costa,Lisbon,Unknown,1.0,4.0,0.0,2899.0,0.22502277983833924,71.93915752520559,97.65516301344215
d12636284,A Tasca do Beco,Lisbon,European,1.0,4.0,0.0,2900.0,0.2250227441446123,71.93915752520559,97.65516301344215
d2174671,XPTO Restaurante,Lisbon,European,1.0,4.0,3.0,2901.0,0.2871134849556724,71.93915752520559,97.65516301344215
d4283359,Franguini,Lisbon,European,1.0,4.0,2.0,2902.0,0.27422844901182813,71.93915752520559,97.65516301344215
d12229667,O Cabaz,Lisbon,Unknown,1.0,4.0,2.0,2903.0,0.2742284133918485,71.93915752520559,97.65516301344215
d5003144,Gut Your Flavour,Lisbon,European,1.0,4.0,2.0,2904.0,0.2742283777964006,71.93915752520559,97.65516301344215
d4077109,Cafe do Viajante,Lisbon,European,1.0,4.0,0.0,2905.0,0.22502256604458737,71.93915752520559,97.65516301344215
d12868560,Hanami Sushi,Lisbon,Japanese,1.0,4.0,0.0,2906.0,0.2250225304981268,71.93915752520559,97.65516301344215
d11689090,Be Lounge,Lisbon,Unknown,1.0,4.0,0.0,2907.0,0.22502249497612198,71.93915752520559,97.65516301344215
d8397262,Po,Lisbon,Unknown,1.0,4.0,2.0,2908.0,0.2742282356594193,71.93915752520559,97.65516301344215
d10043086,La Restinga,Lisbon,Unknown,1.0,4.0,3.0,2909.0,0.28711320048555794,71.93915752520559,97.65516301344215
d7985252,O Piteu do Alentejo,Lisbon,European,1.0,4.0,0.0,2910.0,0.22502238855659004,71.93915752520559,97.65516301344215
d12997830,Restaurante Luz,Lisbon,Mediterranean,1.0,4.0,0.0,2911.0,0.22502235313215635,71.93915752520559,97.65516301344215
d12999699,Brasao-actividades Hoteleiras,Lisbon,Unknown,1.0,4.0,0.0,2912.0,0.22502231773205264,71.93915752520559,97.65516301344215
d6107125,Love Store Restaurante e Loja,Lisbon,Unknown,1.0,4.0,0.0,2913.0,0.22502228235625385,71.93915752520559,97.65516301344215
d13307292,Taberna do Bairro,Lisbon,European,1.0,4.0,0.0,2914.0,0.22502224700473492,71.93915752520559,97.65516301344215
d3483280,Peixe ao Paco,Lisbon,Seafood,1.0,4.0,2.0,2915.0,0.27422798785834246,71.93915752520559,97.65516301344215
d9681061,Sushi Ocean,Lisbon,Sushi,1.0,4.0,2.0,2916.0,0.2742279525553084,71.93915752520559,97.65516301344215
d12406954,Snack Bar Volta Ca,Lisbon,Unknown,1.0,4.0,0.0,2917.0,0.2250221410956078,71.93915752520559,97.65516301344215
d10297991,Boutique Doce Tentacao,Lisbon,Unknown,1.0,4.0,0.0,2918.0,0.2250221058409589,71.93915752520559,97.65516301344215
d5977410,Sabores Do Paco,Lisbon,Unknown,1.0,4.0,0.0,2919.0,0.2250220706104653,71.93915752520559,97.65516301344215
d5977383,Tasquinha Da Maria,Lisbon,Unknown,1.0,4.0,0.0,2920.0,0.2250220354041022,71.93915752520559,97.65516301344215
d5977222,Garfada Na Net,Lisbon,Unknown,1.0,4.0,0.0,2921.0,0.22502200022184476,71.93915752520559,97.65516301344215
d5977183,Cafe O Jorge,Lisbon,Barbecue,1.0,4.0,0.0,2922.0,0.22502196506366828,71.93915752520559,97.65516301344215
d12509173,Snack Bar serra da estrela,Lisbon,Unknown,1.0,4.0,0.0,2923.0,0.225021929929548,71.93915752520559,97.65516301344215
d4026235,Bata Preta,Lisbon,European,1.0,4.0,2.0,2924.0,0.27422767100033085,71.93915752520559,97.65516301344215
d7597162,Pastelaria Delicias de Sonho,Lisbon,European,1.0,4.0,0.0,2925.0,0.22502185973337746,71.93915752520559,97.65516301344215
d12946237,Avanti,Lisbon,Italian,1.0,4.0,0.0,2926.0,0.22502182467127793,71.93915752520559,97.65516301344215
d10400045,Restaurante velha Balanca,Lisbon,European,1.0,4.0,2.0,2927.0,0.2742275658140077,71.93915752520559,97.65516301344215
d12434745,Conforto,Lisbon,Unknown,1.0,4.0,2.0,2928.0,0.274227530799799,71.93915752520559,97.65516301344215
d6542083,A Xicara,Lisbon,European,1.0,4.0,0.0,2929.0,0.2250217196286274,71.93915752520559,97.65516301344215
d7364833,Restaurante Brilha Sol,Lisbon,Unknown,1.0,4.0,0.0,2930.0,0.22502168466221154,71.93915752520559,97.65516301344215
d7621975,Bella Sintra,Lisbon,European,1.0,4.0,4.0,2931.0,0.29710680889100516,71.93915752520559,97.65516301344215
d5981454,Restaurante o Saltitao,Lisbon,Unknown,1.0,4.0,0.0,2932.0,0.22502161480093455,71.93915752520559,97.65516301344215
d12790648,Restaurante o Dificil,Lisbon,European,1.0,4.0,0.0,2933.0,0.22502157990602462,71.93915752520559,97.65516301344215
d13341137,Restaurante Linha 27,Lisbon,European,1.0,4.0,0.0,2934.0,0.2250215450349013,71.93915752520559,97.65516301344215
d10662137,Marcelo's Restaurante,Lisbon,Unknown,1.0,4.0,0.0,2935.0,0.2250215101875402,71.93915752520559,97.65516301344215
d13162855,Huang He Restaurante,Lisbon,Unknown,1.0,4.0,0.0,2936.0,0.22502147536391712,71.93915752520559,97.65516301344215
d10063272,O Banquete,Lisbon,Unknown,1.0,4.0,2.0,2937.0,0.2742272167448793,71.93915752520559,97.65516301344215
d13149199,Wood Sushi,Lisbon,Sushi,1.0,4.0,0.0,2938.0,0.22502140578778793,71.93915752520559,97.65516301344215
d8571233,Avo Vina,Lisbon,Unknown,1.0,4.0,0.0,2939.0,0.22502137103523343,71.93915752520559,97.65516301344215
d12871848,Restaurante O Cacoilo Preto,Lisbon,European,1.0,4.0,0.0,2940.0,0.22502133630632012,71.93915752520559,97.65516301344215
d10627976,Restaurante dhaulaghiri Nepales,Lisbon,Asian,1.0,4.0,0.0,2941.0,0.22502130160102393,71.93915752520559,97.65516301344215
d4815615,restaurante Ninho da Rola,Lisbon,European,1.0,4.0,4.0,2942.0,0.29710642609067045,71.93915752520559,97.65516301344215
d12427748,Taste - Restaurante Indiano,Lisbon,Unknown,1.0,4.0,2.0,2943.0,0.274227008442058,71.93915752520559,97.65516301344215
d8672779,Iogurteria,Lisbon,Unknown,1.0,4.0,0.0,2944.0,0.22502119762659706,71.93915752520559,97.65516301344215
d10344155,A Fabulosa,Lisbon,European,1.0,4.0,0.0,2945.0,0.22502116301552866,71.93915752520559,97.65516301344215
d9598065,Forno Do Paco,Lisbon,Unknown,1.0,4.0,2.0,2946.0,0.2742269046088288,71.93915752520559,97.65516301344215
d11809349,La Bottega,Lisbon,Italian,1.0,4.0,2.0,2947.0,0.27422687004473045,71.93915752520559,97.65516301344215
d13455210,Bacalhau da Praca by Chefe Cordeiro,Lisbon,Unknown,1.0,4.0,0.0,2948.0,0.22502105932320973,71.93915752520559,97.65516301344215
d9740205,Tarantela,Lisbon,Unknown,1.0,4.0,2.0,2949.0,0.2742268009868575,71.93915752520559,97.65516301344215
d9700155,Cafe Gelsiu,Lisbon,Unknown,1.0,4.0,0.0,2950.0,0.2250209903121636,71.93915752520559,97.65516301344215
d10511873,Taberna do Leitao,Lisbon,European,1.0,4.0,2.0,2951.0,0.27422673202259057,71.93915752520559,97.65516301344215
d4093352,O Castelhano,Lisbon,European,1.0,4.0,2.0,2952.0,0.27422669757549994,71.93915752520559,97.65516301344215
d4041851,Letap Pastelaria,Lisbon,Brew Pub,1.0,4.0,4.0,2953.0,0.2971060461422177,71.93915752520559,97.65516301344215
d13273661,Central Do Rato,Lisbon,Unknown,1.0,4.0,0.0,2954.0,0.22502085257041407,71.93915752520559,97.65516301344215
d12621405,Papa Zoo,Lisbon,Unknown,1.0,4.0,0.0,2955.0,0.22502081819324307,71.93915752520559,97.65516301344215
d2472164,Conceicao Nunes,Lisbon,European,1.0,4.0,0.0,2956.0,0.22502078383933133,71.93915752520559,97.65516301344215
d12071193,Restaurante San Sebastian,Lisbon,Unknown,1.0,4.0,0.0,2957.0,0.22502074950865525,71.93915752520559,97.65516301344215
d12185442,Churrasqueira Conde Barao,Lisbon,Unknown,1.0,4.0,0.0,2958.0,0.22502071520119124,71.93915752520559,97.65516301344215
d11677926,Se7e Pecados,Lisbon,Unknown,1.0,4.0,0.0,2959.0,0.2250206809169158,71.93915752520559,97.65516301344215
d11909308,Mongolian Cafe,Lisbon,Chinese,1.0,4.0,0.0,2960.0,0.2250206466558054,71.93915752520559,97.65516301344215
d12449203,cafe Largo Da Princessa,Lisbon,Chinese,1.0,4.0,2.0,2961.0,0.2742263885987082,71.93915752520559,97.65516301344215
d8848222,Clube I,Lisbon,Unknown,1.0,4.0,3.0,2962.0,0.2871113546831651,71.93915752520559,97.65516301344215
d6610712,Conceicao Vasco Costa,Lisbon,European,1.0,4.0,0.0,2963.0,0.22502054401122998,71.93915752520559,97.65516301344215
d8385113,Coelho E Gomes,Lisbon,Cafe,1.0,4.0,0.0,2964.0,0.2250205098425454,71.93915752520559,97.65516301344215
d13116599,A Padaria Portuguesa Miraflores,Lisbon,Cafe,1.0,4.0,0.0,2965.0,0.22502047569690883,71.93915752520559,97.65516301344215
d12267836,Cafe Paladares,Lisbon,Brazilian,1.0,4.0,0.0,2966.0,0.225020441574297,71.93915752520559,97.65516301344215
d7738877,O Forno Da Rosa,Lisbon,European,1.0,4.0,2.0,2967.0,0.2742261836555581,71.93915752520559,97.65516301344215
d12627622,Restaurante Lince Vermelho,Lisbon,Unknown,1.0,4.0,0.0,2968.0,0.22502037339805428,71.93915752520559,97.65516301344215
d5786738,Magloca,Lisbon,Unknown,1.0,4.0,0.0,2969.0,0.22502033934437699,71.93915752520559,97.65516301344215
d13087781,A Casa Da Dona Rosita,Lisbon,European,1.0,4.0,0.0,2970.0,0.22502030531363146,71.93915752520559,97.65516301344215
d10106916,Taverna Amadeu,Lisbon,Unknown,1.0,4.0,0.0,2971.0,0.22502027130579452,71.93915752520559,97.65516301344215
d7648876,Serravda Estrela,Lisbon,Unknown,1.0,4.0,2.0,2972.0,0.27422601350171466,71.93915752520559,97.65516301344215
d8448295,Baga Baga,Lisbon,Portuguese,1.0,4.0,17.0,2973.0,0.3544771439605868,71.93915752520559,97.65516301344215
d5977637,Speakeasy - Restaurante Bar,Lisbon,Unknown,1.0,4.0,7.0,2974.0,0.3181563341397731,71.93915752520559,97.65516301344215
d5958954,everiday,Lisbon,Unknown,1.0,3.5,3.0,2975.0,0.24961091198325017,71.93915752520559,97.65516301344215
d3330742,Pastelaria Corinto,Lisbon,European,1.0,4.0,11.0,2976.0,0.33631665427048163,71.93915752520559,97.65516301344215
d3626750,Pastelaria Pomona,Lisbon,European,1.0,3.5,32.0,2977.0,0.3441252416100692,71.93915752520559,97.65516301344215
d13507346,Tapas N Friends Se,Lisbon,European,1.0,3.5,5.0,2978.0,0.26777119831139995,71.93915752520559,97.65516301344215
d5786930,Sabores de Outono,Lisbon,Unknown,1.0,4.0,5.0,2979.0,0.30527116448600206,71.93915752520559,97.65516301344215
d5786914,Restaurante Del Rei,Lisbon,Unknown,1.0,3.5,13.0,2980.0,0.30572077798543895,71.93915752520559,97.65516301344215
d2374182,OndaJazz,Lisbon,European,1.0,4.0,28.0,2981.0,0.37583783853903935,71.93915752520559,97.65516301344215
d1552466,Restaurante Marisqueira Porto Novo,Lisbon,European,1.0,4.5,13.0,2982.0,0.3807207104480599,71.93915752520559,97.65516301344215
d3619645,Twig,Lisbon,European,1.0,4.5,6.0,2983.0,0.3496752884732419,71.93915752520559,97.65516301344215
d12446122,A Padaria Portuguesa,Lisbon,Unknown,1.0,3.5,6.0,2984.0,0.27467525476112387,71.93915752520559,97.65516301344215
d5959776,Grelha D'Ouro,Lisbon,Unknown,1.0,4.0,7.0,2985.0,0.3181559623088575,71.93915752520559,97.65516301344215
d6033438,Cafe Buondi,Lisbon,Cafe,1.0,4.0,16.0,2986.0,0.35191663474518,71.93915752520559,97.65516301344215
d7732080,Bar Real,Lisbon,Spanish,1.0,5.0,4.0,2987.0,0.37210488944855025,71.93915752520559,97.65516301344215
d3514433,Restaurante Coudelaria,Lisbon,Mediterranean,1.0,4.5,9.0,2988.0,0.3656502440667366,71.93915752520559,97.65516301344215
d8769628,Associacao Caboverdeana,Lisbon,Unknown,1.0,4.0,9.0,2989.0,0.3281502104673303,71.93915752520559,97.65516301344215
d3568542,Restaurante gastronomico,Lisbon,European,1.0,4.0,6.0,2990.0,0.312175052961964,71.93915752520559,97.65516301344215
d4581424,Wok Mundo,Lisbon,Chinese,1.0,3.5,73.0,2991.0,0.38029448641916136,71.93915752520559,97.65516301344215
d5981215,Perola de Palma,Lisbon,Unknown,1.0,3.5,5.0,2992.0,0.26777072681339054,71.93915752520559,97.65516301344215
d12930608,Central Da Avenida,Lisbon,European,1.0,3.5,7.0,2993.0,0.2806556936030548,71.93915752520559,97.65516301344215
d4026834,Restaurante Grill House,Lisbon,Indian,1.0,3.5,21.0,2994.0,0.3259642813262534,71.93915752520559,97.65516301344215
d7737651,Zip-Zip,Lisbon,European,1.0,4.0,11.0,2995.0,0.3363160145916814,71.93915752520559,97.65516301344215
d4870823,Cafeteria Correio Azul,Lisbon,Seafood,1.0,3.5,11.0,2996.0,0.29881598114912455,71.93915752520559,97.65516301344215
d8842872,Lisboa Tejo,Lisbon,Unknown,1.0,4.0,3.0,2997.0,0.28711017154801344,71.93915752520559,97.65516301344215
d4296253,Mimosa do Camoes,Lisbon,European,1.0,3.5,39.0,2998.0,0.3527406855615083,71.93915752520559,97.65516301344215
d3742955,Restaurante Asiatico,Lisbon,Chinese,1.0,3.5,25.0,2999.0,0.33344630424304544,71.93915752520559,97.65516301344215
d10847428,Hamburguer a medida.,Lisbon,Unknown,1.0,4.0,6.0,3000.0,0.3121747184238013,71.93915752520559,97.65516301344215
d7059189,Capricciosa Rossio,Lisbon,Italian,1.0,3.0,123.0,3001.0,0.3659149859633626,71.93915752520559,97.65516301344215
d3469684,A Gaiola,Lisbon,Mediterranean,1.0,3.0,43.0,3002.0,0.3195094024714319,71.93915752520559,97.65516301344215
d7648871,Restaurante Bago de Arroz,Lisbon,European,1.0,4.0,5.0,3003.0,0.30527035943477404,71.93915752520559,97.65516301344215
d12850794,O Japones,Lisbon,Unknown,1.0,4.0,2.0,3004.0,0.2742249379300427,71.93915752520559,97.65516301344215
d5979280,Restaurante Casa da Amendoeira,Lisbon,Unknown,1.0,4.0,6.0,3005.0,0.31217455198967375,71.93915752520559,97.65516301344215
d3177106,Andorinhas,Lisbon,European,1.0,4.0,12.0,3006.0,0.33990068299502213,71.93915752520559,97.65516301344215
d13220605,Okavango,Lisbon,Unknown,1.0,3.5,5.0,3007.0,0.2677702265089561,71.93915752520559,97.65516301344215
d12429889,Terraco Chill-Out Limao,Lisbon,Unknown,1.0,4.0,2.0,3008.0,0.2742248050926504,71.93915752520559,97.65516301344215
d4099966,Remakefood,Lisbon,European,1.0,3.5,117.0,3009.0,0.4011933213430067,71.93915752520559,97.65516301344215
d3411334,Sereia do Mar,Lisbon,Seafood,1.0,3.0,31.0,3010.0,0.30524590382592676,71.93915752520559,97.65516301344215
d6180287,Prestige Park,Lisbon,Unknown,1.0,4.5,4.0,3011.0,0.33460408868670055,71.93915752520559,97.65516301344215
d8431860,Sushi Em Tua Casa,Lisbon,Japanese,1.0,4.5,6.0,3012.0,0.3496743199102131,71.93915752520559,97.65516301344215
d3847673,O Arado,Lisbon,European,1.0,4.0,6.0,3013.0,0.3121742868440341,71.93915752520559,97.65516301344215
d7284863,Vitaminas E Sabores,Lisbon,Unknown,1.0,3.5,14.0,3014.0,0.3088097656690135,71.93915752520559,97.65516301344215
d6123233,Taberna da Malu,Lisbon,Spanish,1.0,5.0,20.0,3015.0,0.4363799969583512,71.93915752520559,97.65516301344215
d8093780,Marcos Silva & Ana Santos Lda.,Lisbon,Seafood,1.0,4.0,17.0,3016.0,0.3544757048958884,71.93915752520559,97.65516301344215
d1483490,Cafeteria Quadrante,Lisbon,European,1.0,3.5,18.0,3017.0,0.3193972901861273,71.93915752520559,97.65516301344215
d5980935,Pastelaria Arcadas Do Areeiro,Lisbon,Unknown,1.0,4.0,4.0,3018.0,0.2971038575301742,71.93915752520559,97.65516301344215
d5454315,Utopia,Lisbon,European,1.0,4.0,13.0,3019.0,0.3432194771470633,71.93915752520559,97.65516301344215
d8018877,Pastelaria Venezuela,Lisbon,European,1.0,4.0,6.0,3020.0,0.3121740559939294,71.93915752520559,97.65516301344215
d10351210,Bar 10A,Lisbon,Bar,1.0,4.0,2.0,3021.0,0.2742243758005414,71.93915752520559,97.65516301344215
d2155116,Alma Lusitana,Lisbon,Unknown,1.0,3.5,29.0,3022.0,0.3398548903424939,71.93915752520559,97.65516301344215
d9555677,Oliveira Silva E Pinho Lda,Lisbon,Unknown,1.0,4.0,3.0,3023.0,0.2871093103826214,71.93915752520559,97.65516301344215
d7714695,Taberna Do Rossio,Lisbon,European,1.0,4.0,9.0,3024.0,0.3281490484878656,71.93915752520559,97.65516301344215
d10052279,Santiago Restaurante Marisqueira Churrasqueira,Lisbon,Mediterranean,1.0,3.5,25.0,3025.0,0.33344544422094097,71.93915752520559,97.65516301344215
d1065943,Grupo Chimarrao,Lisbon,Brazilian,1.0,3.5,125.0,3026.0,0.4041307995743198,71.93915752520559,97.65516301344215
d8592394,Garam Masala,Lisbon,Unknown,1.0,4.0,4.0,3027.0,0.297103561899861,71.93915752520559,97.65516301344215
d3675434,restaurant Sao Cristovao,Lisbon,Portuguese,1.0,3.5,51.0,3028.0,0.364490734178096,71.93915752520559,97.65516301344215
d12475546,H3 Dolce Vita Monumental,Lisbon,Unknown,1.0,4.0,4.0,3029.0,0.29710349644281353,71.93915752520559,97.65516301344215
d5482059,Grelhados,Lisbon,European,1.0,3.5,3.0,3030.0,0.2496090810555237,71.93915752520559,97.65516301344215
d1582039,Restaurant Hollywood,Lisbon,Filipino,1.0,4.0,17.0,3031.0,0.3544752125026325,71.93915752520559,97.65516301344215
d5977620,Food Moments,Lisbon,Unknown,1.0,3.5,13.0,3032.0,0.30571905097090246,71.93915752520559,97.65516301344215
d5964495,Pao Quente do Jardim,Lisbon,Unknown,1.0,4.0,3.0,3033.0,0.28710898309652744,71.93915752520559,97.65516301344215
d2646976,O Fogareiro,Lisbon,Unknown,1.0,4.5,24.0,3034.0,0.4066884923490985,71.93915752520559,97.65516301344215
d7389259,Ganda Lata Sandwich Bar,Lisbon,Unknown,1.0,4.0,8.0,3035.0,0.323429693779682,71.93915752520559,97.65516301344215
d4594162,Letaria academica,Lisbon,European,1.0,3.5,31.0,3036.0,0.3427450500513949,71.93915752520559,97.65516301344215
d8387533,More Than Wine,Lisbon,European,1.0,4.5,7.0,3037.0,0.3556542410256705,71.93915752520559,97.65516301344215
d7046771,Gomo,Lisbon,Healthy,1.0,3.5,37.0,3038.0,0.3504419908919862,71.93915752520559,97.65516301344215
d5977580,Restaurante o Fininho,Lisbon,Seafood,1.0,4.0,7.0,3039.0,0.3181541759988357,71.93915752520559,97.65516301344215
d5977255,Restaurante 5D,Lisbon,Unknown,1.0,4.0,8.0,3040.0,0.32342953115897843,71.93915752520559,97.65516301344215
d4225439,Painel Grill,Lisbon,European,1.0,3.5,15.0,3041.0,0.3116994992976242,71.93915752520559,97.65516301344215
d12361926,Pastelaria Paulista,Lisbon,Unknown,1.0,4.0,2.0,3042.0,0.27422369007950914,71.93915752520559,97.65516301344215
d10390994,Pastelaria ALVARIO,Lisbon,Portuguese,1.0,4.0,9.0,3043.0,0.32814842889276885,71.93915752520559,97.65516301344215
d1014055,Maria Caxuxa,Lisbon,Bar,1.0,4.0,33.0,3044.0,0.3829601081489667,71.93915752520559,97.65516301344215
d2639524,Restaurante Varanda Azul,Lisbon,International,1.0,4.0,61.0,3045.0,0.40986815282425937,71.93915752520559,97.65516301344215
d2655592,Monteiro Mor,Lisbon,Unknown,1.0,3.5,10.0,3046.0,0.2949171820477527,71.93915752520559,97.65516301344215
d10080643,Bistro & Tapas Restaurante - TRYP Lisboa Oriente Hotel,Lisbon,Unknown,1.0,3.5,27.0,3047.0,0.33676395198806297,71.93915752520559,97.65516301344215
d8084414,Poema Do Semba,Lisbon,African,4.0,4.0,7.0,3048.0,0.3181538844341258,71.93915752520559,97.65516301344215
d5981471,Restaurante o Manjar Do Duque,Lisbon,African,4.0,3.5,25.0,3049.0,0.3334446633728572,71.93915752520559,97.65516301344215
d1049980,Cervejeira Lusitana,Lisbon,European,1.0,3.0,62.0,3050.0,0.33558463100012387,71.93915752520559,97.65516301344215
d8692873,Bagga,Lisbon,Unknown,1.0,4.0,13.0,3051.0,0.3432184346309694,71.93915752520559,97.65516301344215
d10762247,Pateo,Lisbon,Unknown,1.0,4.0,5.0,3052.0,0.30526875510246737,71.93915752520559,97.65516301344215
d8396172,Tasquinha Do Fadista,Lisbon,Unknown,1.0,4.0,5.0,3053.0,0.3052687228972098,71.93915752520559,97.65516301344215
d5982813,Espaco Junqueira,Lisbon,Unknown,1.0,4.5,5.0,3054.0,0.34276869071304283,71.93915752520559,97.65516301344215
d12822118,T-Bone Restaurant,Lisbon,Steakhouse,1.0,3.5,7.0,3055.0,0.28065365884925314,71.93915752520559,97.65516301344215
d11550512,Canto das Tapas,Lisbon,Unknown,1.0,4.0,4.0,3056.0,0.2971026211582861,71.93915752520559,97.65516301344215
d8362416,Aromas & Sabores,Lisbon,Portuguese,1.0,4.0,13.0,3057.0,0.34321824158901115,71.93915752520559,97.65516301344215
d5977720,S. Joao Pastelaria Restaurante,Lisbon,Unknown,1.0,5.0,8.0,3058.0,0.3984289501276483,71.93915752520559,97.65516301344215
d13350640,Barra Cascabel,Lisbon,Mexican,1.0,3.5,14.0,3059.0,0.308808301039102,71.93915752520559,97.65516301344215
d11436157,Imperio Carioca,Lisbon,Unknown,1.0,3.5,7.0,3060.0,0.28065349834909165,71.93915752520559,97.65516301344215
d7732552,Pizzaria Central de Tires,Lisbon,European,1.0,4.0,5.0,3061.0,0.30526846601267243,71.93915752520559,97.65516301344215
d8461914,Irish Parque Das Nacoes,Lisbon,Unknown,1.0,4.0,6.0,3062.0,0.31217269305853,71.93915752520559,97.65516301344215
d1576153,Agua e Sal,Lisbon,International,1.0,4.0,11.0,3063.0,0.3363137902412951,71.93915752520559,97.65516301344215
d4258920,Canela Grill,Lisbon,Mediterranean,1.0,3.5,19.0,3064.0,0.3216931412573771,71.93915752520559,97.65516301344215
d8448780,Restaurante O Escondidinho,Lisbon,European,1.0,4.0,2.0,3065.0,0.2742229498331876,71.93915752520559,97.65516301344215
d7808581,Wine Up Lisboa,Lisbon,Unknown,1.0,4.5,7.0,3066.0,0.3556533064398966,71.93915752520559,97.65516301344215
d7689925,Restaurante Astrolabio,Lisbon,Unknown,1.0,3.5,9.0,3067.0,0.2906476572192023,71.93915752520559,97.65516301344215
d2264301,Restaurante Forno Velho,Lisbon,European,1.0,3.0,183.0,3068.0,0.3835889797908591,71.93915752520559,97.65516301344215
d10350158,Indiano Nawab Halal,Lisbon,Indian,1.0,3.5,20.0,3069.0,0.32387824571029844,71.93915752520559,97.65516301344215
d4139424,Masstige Praia Restaurante Bar,Lisbon,Unknown,1.0,4.0,12.0,3070.0,0.33989860190564325,71.93915752520559,97.65516301344215
d12418765,O Mercado,Lisbon,Unknown,1.0,3.5,2.0,3071.0,0.23672275854900235,71.93915752520559,97.65516301344215
d13377429,Unique Sushi Lab,Lisbon,Japanese,1.0,5.0,5.0,3072.0,0.38026811498103924,71.93915752520559,97.65516301344215
d2410866,Quente & Bom,Lisbon,Unknown,1.0,4.0,4.0,3073.0,0.29710207794407667,71.93915752520559,97.65516301344215
d11912188,Casinha Boutique Cafe,Lisbon,Cafe,1.0,3.5,16.0,3074.0,0.3144137578296138,71.93915752520559,97.65516301344215
d10590712,Cervejaria Ti Jorge,Lisbon,European,1.0,4.0,4.0,3075.0,0.2971020144313986,71.93915752520559,97.65516301344215
d6965674,COA - Cafe da Ordem dos Arquitectos,Lisbon,International,1.0,3.5,13.0,3076.0,0.3057176352577759,71.93915752520559,97.65516301344215
d8498634,Loja das Sopas,Lisbon,Unknown,1.0,3.5,22.0,3077.0,0.32795252898382427,71.93915752520559,97.65516301344215
d4039759,Restaurante Taberna Vintage,Lisbon,Unknown,1.0,4.0,9.0,3078.0,0.328147307557229,71.93915752520559,97.65516301344215
d10910876,Ice Gourmet,Lisbon,Unknown,1.0,3.5,2.0,3079.0,0.23672250466309655,71.93915752520559,97.65516301344215
d5568748,Restaurante Grao Do Adao,Lisbon,European,1.0,4.0,2.0,3080.0,0.2742224730200926,71.93915752520559,97.65516301344215
d4698639,Guarda Real Lisbon,Lisbon,International,1.0,3.5,12.0,3081.0,0.30239825292549577,71.93915752520559,97.65516301344215
d2507544,D'Oliva,Lisbon,Mediterranean,1.0,3.5,91.0,3082.0,0.39004314724888367,71.93915752520559,97.65516301344215
d3570056,Velho Pateo de Sant'Ana,Lisbon,Portuguese,1.0,3.5,58.0,3083.0,0.3701455393786767,71.93915752520559,97.65516301344215
d10636375,Bunker,Lisbon,Unknown,1.0,3.0,48.0,3084.0,0.32432741743842247,71.93915752520559,97.65516301344215
d4131508,Comer at Cultura,Lisbon,European,1.0,3.5,2.0,3085.0,0.23672231511278455,71.93915752520559,97.65516301344215
d10454189,Caneca De Prata,Lisbon,Portuguese,1.0,3.5,34.0,3086.0,0.3467570900662087,71.93915752520559,97.65516301344215
d11719228,Pastelaria Columbia,Lisbon,Unknown,1.0,4.0,5.0,3087.0,0.3052676403331775,71.93915752520559,97.65516301344215
d10151135,Pans & Campany,Lisbon,Unknown,1.0,3.5,14.0,3088.0,0.3088073797852013,71.93915752520559,97.65516301344215
d1307575,SPIANATA,Lisbon,Italian,1.0,3.5,74.0,3089.0,0.3808925074976961,71.93915752520559,97.65516301344215
d11964296,Churrasqueira O Piteu,Lisbon,European,1.0,4.0,2.0,3090.0,0.2742221577165034,71.93915752520559,97.65516301344215
d2470556,Cervejaria Marisqueira Camoes,Lisbon,Seafood,1.0,3.5,33.0,3091.0,0.3454586091811267,71.93915752520559,97.65516301344215
d2338056,Restaurante O Muni,Lisbon,European,1.0,3.0,128.0,3092.0,0.36768259090376426,71.93915752520559,97.65516301344215
d1837013,Bom Apetite,Lisbon,European,1.0,3.5,35.0,3093.0,0.3480186161840474,71.93915752520559,97.65516301344215
d7792181,Charlot Tiptop,Lisbon,European,1.0,4.5,3.0,3094.0,0.3246070324650605,71.93915752520559,97.65516301344215
d1214549,Santo Amaro,Lisbon,Unknown,1.0,4.0,12.0,3095.0,0.3398978123566387,71.93915752520559,97.65516301344215
d3250954,Sabores do Douro,Lisbon,European,1.0,3.5,3.0,3096.0,0.24960696981134298,71.93915752520559,97.65516301344215
d1972408,Lighthouse - bar & kitchen,Lisbon,Bar,1.0,3.5,59.0,3097.0,0.37089787386705125,71.93915752520559,97.65516301344215
d10637906,Pastelaria sumus,Lisbon,Unknown,1.0,3.5,2.0,3098.0,0.23672190693921352,71.93915752520559,97.65516301344215
d7051655,Tasca Japonesa,Lisbon,Japanese,1.0,3.5,4.0,3099.0,0.25960125867356776,71.93915752520559,97.65516301344215
d2276156,Bistro No Ponto,Lisbon,European,4.0,3.5,10.0,3100.0,0.2949154659568957,71.93915752520559,97.65516301344215
d10329504,Grelhados Do Bistek,Lisbon,Unknown,1.0,3.5,4.0,3101.0,0.259601196221796,71.93915752520559,97.65516301344215
d8462379,Restaurante chaves,Lisbon,European,1.0,4.0,4.0,3102.0,0.2971011650261092,71.93915752520559,97.65516301344215
d5979253,Restaurante Petite Folie,Lisbon,Unknown,1.0,4.0,7.0,3103.0,0.31815213939944825,71.93915752520559,97.65516301344215
d6885386,Retiro do Gil,Lisbon,European,1.0,4.0,6.0,3104.0,0.3121713670066917,71.93915752520559,97.65516301344215
d5959801,Solar de Telheiras,Lisbon,Unknown,1.0,3.5,2.0,3105.0,0.23672168856913384,71.93915752520559,97.65516301344215
d2669346,Restaurante Mercearia,Lisbon,European,1.0,4.0,8.0,3106.0,0.32342743363462934,71.93915752520559,97.65516301344215
d12112467,A Camponesa Lda,Lisbon,European,1.0,3.5,6.0,3107.0,0.27467127366054406,71.93915752520559,97.65516301344215
d11982125,H3,Lisbon,Unknown,1.0,3.5,2.0,3108.0,0.23672159528307388,71.93915752520559,97.65516301344215
d697222,Cafe da Lapa,Lisbon,Unknown,1.0,3.5,3.0,3109.0,0.24960656452703506,71.93915752520559,97.65516301344215
d4543497,Petit Cabanon,Lisbon,European,1.0,3.5,7.0,3110.0,0.28065192173174947,71.93915752520559,97.65516301344215
d12458928,McDonald's,Lisbon,Unknown,1.0,3.5,6.0,3111.0,0.27467114947906235,71.93915752520559,97.65516301344215
d5979273,Esplanada do Torel,Lisbon,Unknown,1.0,4.0,4.0,3112.0,0.297100854171917,71.93915752520559,97.65516301344215
d12871888,Gandhi Palace,Lisbon,Indian,1.0,4.0,4.0,3113.0,0.2971008231963403,71.93915752520559,97.65516301344215
d7992658,Cafe Imperio,Lisbon,Unknown,1.0,3.5,56.0,3114.0,0.3685999681207943,71.93915752520559,97.65516301344215
d5964708,eSpai Cafe,Lisbon,Unknown,1.0,3.5,7.0,3115.0,0.2806517668537698,71.93915752520559,97.65516301344215
d12895702,Estrela de Santa marta,Lisbon,Unknown,1.0,3.5,4.0,3116.0,0.2596007303888998,71.93915752520559,97.65516301344215
d10636919,Amalia,Lisbon,European,1.0,3.5,9.0,3117.0,0.29064608773287537,71.93915752520559,97.65516301344215
d12535699,Cafetaria Nicola,Lisbon,Unknown,1.0,3.5,3.0,3118.0,0.24960628592531908,71.93915752520559,97.65516301344215
d7747016,39 Degraus Restaurante Bar,Lisbon,European,1.0,3.5,18.0,3119.0,0.3193940374592571,71.93915752520559,97.65516301344215
d9777327,Restaurante Chimarrao,Lisbon,Unknown,1.0,3.5,35.0,3120.0,0.3480177765938475,71.93915752520559,97.65516301344215
d7077375,Castro Beer,Lisbon,International,1.0,3.5,13.0,3121.0,0.30571622865806286,71.93915752520559,97.65516301344215
d7146936,Honorato Telheiras,Lisbon,Bar,1.0,3.0,104.0,3122.0,0.3584617449729797,71.93915752520559,97.65516301344215
d8000931,International Restaurant,Lisbon,Indian,1.0,3.0,97.0,3123.0,0.35537159056636075,71.93915752520559,97.65516301344215
d4557465,Parlatorio restaurante,Lisbon,European,1.0,3.5,20.0,3124.0,0.32387652426634983,71.93915752520559,97.65516301344215
d2077034,di Casa,Lisbon,Italian,1.0,3.0,75.0,3125.0,0.34398462921516404,71.93915752520559,97.65516301344215
d3297230,Di Casa - Vasco da Gama,Lisbon,Italian,1.0,3.0,133.0,3126.0,0.3693847454027952,71.93915752520559,97.65516301344215
d11633782,Restaurante chines Royal,Lisbon,Unknown,1.0,3.5,3.0,3127.0,0.2496060089273226,71.93915752520559,97.65516301344215
d4275084,Toni dos Bifes,Lisbon,European,1.0,3.5,12.0,3128.0,0.3023967894767199,71.93915752520559,97.65516301344215
d3569849,Mercearia Vencedora Docas de Alcantara,Lisbon,Italian,1.0,3.5,13.0,3129.0,0.30571598283152446,71.93915752520559,97.65516301344215
d1877225,Rio Grande Restaurante,Lisbon,Mediterranean,1.0,3.5,157.0,3130.0,0.41426384941611916,71.93915752520559,97.65516301344215
d8686035,Restaurante Chines Shanghai Family,Lisbon,Chinese,1.0,3.5,17.0,3131.0,0.3169720504499126,71.93915752520559,97.65516301344215
d8554419,Beira Tejo,Lisbon,Unknown,1.0,3.5,3.0,3132.0,0.24960585572742316,71.93915752520559,97.65516301344215
d1860269,Coracao de Alfama,Lisbon,European,1.0,3.5,214.0,3133.0,0.4280607038405336,71.93915752520559,97.65516301344215
d4881338,S. Paio,Lisbon,European,1.0,3.5,2.0,3134.0,0.2367207942850287,71.93915752520559,97.65516301344215
d10714162,La Pausa,Lisbon,European,1.0,3.0,14.0,3135.0,0.27130592291409006,71.93915752520559,97.65516301344215
d2615366,Bengal Tandoori Lisboa,Lisbon,Asian,1.0,4.5,241.0,3136.0,0.5083591406604214,71.93915752520559,97.65516301344215
d1773593,New Wok,Lisbon,Chinese,1.0,3.0,17.0,3137.0,0.27947186713754163,71.93915752520559,97.65516301344215
d12956766,Joshua's Shoarma,Lisbon,Unknown,1.0,3.5,2.0,3138.0,0.23672067223267176,71.93915752520559,97.65516301344215
d1381869,Espalha Brasas,Lisbon,European,1.0,3.5,10.0,3139.0,0.2949142632779506,71.93915752520559,97.65516301344215
d1554796,Restaurante Regional,Lisbon,Mediterranean,1.0,3.5,89.0,3140.0,0.38905693491541476,71.93915752520559,97.65516301344215
d948178,Piazza di Mare,Lisbon,Italian,1.0,3.5,105.0,3141.0,0.3963857072768905,71.93915752520559,97.65516301344215
d697300,Frascati,Lisbon,Italian,1.0,3.5,32.0,3142.0,0.3441199481817148,71.93915752520559,97.65516301344215
d10595424,Compadres,Lisbon,Unknown,1.0,3.5,2.0,3143.0,0.2367205201040977,71.93915752520559,97.65516301344215
d12254421,Tapas Wine Bar 139,Lisbon,Unknown,1.0,3.5,14.0,3144.0,0.308805648907797,71.93915752520559,97.65516301344215
d2518308,Cafe da Palha,Lisbon,Italian,1.0,4.0,4.0,3145.0,0.2970998423785866,71.93915752520559,97.65516301344215
d6827822,Maria do Bairro,Lisbon,Healthy,1.0,4.0,8.0,3146.0,0.32342620523993454,71.93915752520559,97.65516301344215
d13119193,Sr. Frango da Guia,Lisbon,American,1.0,3.5,2.0,3147.0,0.23672039874929238,71.93915752520559,97.65516301344215
d2346670,Extreme Taste,Lisbon,European,1.0,3.5,8.0,3148.0,0.2859261446396499,71.93915752520559,97.65516301344215
d2046101,Primeira Sinfonia,Lisbon,Sushi,1.0,4.5,19.0,3149.0,0.3966904976581598,71.93915752520559,97.65516301344215
d13220602,Bohemia LX,Lisbon,Unknown,1.0,3.5,14.0,3150.0,0.3088054671067962,71.93915752520559,97.65516301344215
d4504858,Wine & Pisco,Lisbon,Wine Bar,1.0,3.5,47.0,3151.0,0.36090183066295034,71.93915752520559,97.65516301344215
d5959849,Tunel de santos,Lisbon,Portuguese,1.0,3.5,36.0,3152.0,0.3492439735626413,71.93915752520559,97.65516301344215
d8630375,Sabor Minhoto,Lisbon,Unknown,1.0,3.5,4.0,3153.0,0.25959960028489276,71.93915752520559,97.65516301344215
d10148561,Coffee and Bread - Restelo,Lisbon,European,1.0,3.5,4.0,3154.0,0.25959957010953344,71.93915752520559,97.65516301344215
d5482056,Dong Hai,Lisbon,Chinese,1.0,3.5,10.0,3155.0,0.2949137784725893,71.93915752520559,97.65516301344215
d10629928,Confeitaria Nacional,Lisbon,International,1.0,3.5,7.0,3156.0,0.28065051536510127,71.93915752520559,97.65516301344215
d12988395,O Thalo,Lisbon,Unknown,1.0,3.5,2.0,3157.0,0.23672009670767602,71.93915752520559,97.65516301344215
d2267180,Radicchio,Lisbon,Unknown,1.0,4.0,14.0,3158.0,0.3463052257800718,71.93915752520559,97.65516301344215
d9561864,Esplanando,Lisbon,Unknown,1.0,4.0,6.0,3159.0,0.3121696838309572,71.93915752520559,97.65516301344215
d5277941,A penultima ceia,Lisbon,European,1.0,4.0,5.0,3160.0,0.3052653947080536,71.93915752520559,97.65516301344215
d10131615,Burger King,Lisbon,Unknown,1.0,3.5,9.0,3161.0,0.2906447476566915,71.93915752520559,97.65516301344215
d1073700,Belem Bar Cafe,Lisbon,Unknown,1.0,4.0,29.0,3162.0,0.37735049381472474,71.93915752520559,97.65516301344215
d2343533,Restaurante la Campania,Lisbon,Italian,1.0,3.5,131.0,3163.0,0.4062100905702463,71.93915752520559,97.65516301344215
d8008358,Bar de Petiscos,Lisbon,Unknown,1.0,4.0,4.0,3164.0,0.29709926940501996,71.93915752520559,97.65516301344215
d10484113,The Aroma - Bistro & Cafe,Lisbon,Pizza,1.0,3.5,24.0,3165.0,0.3316843986104287,71.93915752520559,97.65516301344215
d10200947,Tasca do Tejo,Lisbon,Portuguese,1.0,3.5,84.0,3166.0,0.38649608031562416,71.93915752520559,97.65516301344215
d12158078,Restaurante El Rey D. Carlos,Lisbon,Unknown,1.0,3.5,2.0,3167.0,0.23671979657349015,71.93915752520559,97.65516301344215
d5977154,Quiosque Da Alameda,Lisbon,Unknown,1.0,3.5,7.0,3168.0,0.28065015520368203,71.93915752520559,97.65516301344215
d3802863,Maracane,Lisbon,European,1.0,4.0,17.0,3169.0,0.3544709011949168,71.93915752520559,97.65516301344215
d812179,Capricciosa,Lisbon,Italian,1.0,3.0,299.0,3170.0,0.40548080172536344,71.93915752520559,97.65516301344215
d7699521,Javali,Lisbon,European,1.0,4.0,7.0,3171.0,0.31815006558925124,71.93915752520559,97.65516301344215
d6864931,Snack-Bar Maria Delicia,Lisbon,European,1.0,3.5,3.0,3172.0,0.24960464751535374,71.93915752520559,97.65516301344215
d10466923,Vincenzo's,Lisbon,Italian,1.0,3.0,98.0,3173.0,0.355824791272551,71.93915752520559,97.65516301344215
d10403855,Casa Pizza/Dicasa,Lisbon,Italian,1.0,3.5,10.0,3174.0,0.29491320911459173,71.93915752520559,97.65516301344215
d12204770,Heineken Grand Cafe,Lisbon,American,1.0,3.0,12.0,3175.0,0.2648953693552463,71.93915752520559,97.65516301344215
d2225254,Tokyoto,Lisbon,Chinese,1.0,3.5,16.0,3176.0,0.31441062271136955,71.93915752520559,97.65516301344215
d3743141,Namur II,Lisbon,European,1.0,3.0,92.0,3177.0,0.3530244462023031,71.93915752520559,97.65516301344215
d11929463,Lisboa Restaurante Indiano,Lisbon,Indian,1.0,3.5,3.0,3178.0,0.24960446890678542,71.93915752520559,97.65516301344215
d13087448,Sun Tan,Lisbon,Unknown,1.0,3.5,3.0,3179.0,0.24960443920423855,71.93915752520559,97.65516301344215
d12357682,O Cantinho do Museu,Lisbon,Unknown,1.0,3.5,2.0,3180.0,0.23671940922106494,71.93915752520559,97.65516301344215
d12251521,Namaste Nepal,Lisbon,Unknown,1.0,4.0,4.0,3181.0,0.2970987625463403,71.93915752520559,97.65516301344215
d5984510,Delicia de Alcantara,Lisbon,Unknown,1.0,3.5,3.0,3182.0,0.2496043502086126,71.93915752520559,97.65516301344215
d6857273,Fora de Moda,Lisbon,European,1.0,3.0,230.0,3183.0,0.39377414145501716,71.93915752520559,97.65516301344215
d4581431,Doka Grill,Lisbon,International,1.0,3.5,2.0,3184.0,0.23671929067205733,71.93915752520559,97.65516301344215
d6737454,O Piao,Lisbon,European,1.0,3.5,7.0,3185.0,0.2806496496207289,71.93915752520559,97.65516301344215
d5981463,The Bikini Restaurant,Lisbon,Unknown,1.0,3.5,4.0,3186.0,0.25959861449965976,71.93915752520559,97.65516301344215
d8681162,Apeadeiro Do Rego,Lisbon,Unknown,1.0,3.5,5.0,3187.0,0.26776459019567905,71.93915752520559,97.65516301344215
d8773740,Taska Real,Lisbon,European,1.0,3.5,18.0,3188.0,0.31939195511028073,71.93915752520559,97.65516301344215
d10455702,Angulo,Lisbon,European,1.0,4.0,4.0,3189.0,0.29709852589448743,71.93915752520559,97.65516301344215
d10172946,Restaurant Grand Palace Hong Kong,Lisbon,Unknown,1.0,3.5,7.0,3190.0,0.2806495019453836,71.93915752520559,97.65516301344215
d3510380,Mestico,Lisbon,African,1.0,4.5,11.0,3192.0,0.3738098309455673,71.93915752520559,97.65516301344215
d12379220,Nene Restaurante,Lisbon,European,1.0,3.5,19.0,3193.0,0.3216891844934352,71.93915752520559,97.65516301344215
d8526035,Hamburgaria Da Linha,Lisbon,Fast Food,1.0,3.5,4.0,3194.0,0.259598378589082,71.93915752520559,97.65516301344215
d5977851,Papagaio Da Serafina,Lisbon,Seafood,1.0,3.5,2.0,3195.0,0.2367189661928487,71.93915752520559,97.65516301344215
d4009889,Pastelaria Baloico 1,Lisbon,Portuguese,1.0,3.0,149.0,3196.0,0.37443464338828436,71.93915752520559,97.65516301344215
d5445020,Pastelaria do Nene Restaurante,Lisbon,Cafe,1.0,3.0,110.0,3197.0,0.36094840969111813,71.93915752520559,97.65516301344215
d12826485,A Minha Cozinha,Lisbon,Unknown,1.0,3.5,5.0,3198.0,0.2677642663260135,71.93915752520559,97.65516301344215
d8533986,Espumantaria do Cais,Lisbon,European,1.0,3.5,36.0,3199.0,0.34924257482739224,71.93915752520559,97.65516301344215
d10326152,O Conchas,Lisbon,Unknown,1.0,3.0,16.0,3200.0,0.27690991408243704,71.93915752520559,97.65516301344215
d8745268,Leitaria Academica,Lisbon,European,1.0,3.5,21.0,3201.0,0.3259577998940025,71.93915752520559,97.65516301344215
d7142986,MO Petiscaria,Lisbon,Mediterranean,1.0,4.0,41.0,3202.0,0.3924195725899366,71.93915752520559,97.65516301344215
d2322692,Fixe Mix,Lisbon,Healthy,1.0,3.5,3.0,3203.0,0.2496037319071252,71.93915752520559,97.65516301344215
d3968225,Merca-Tudo,Lisbon,European,1.0,3.5,11.0,3204.0,0.29880947884723624,71.93915752520559,97.65516301344215
d12611429,Sea Me at the Market,Lisbon,Unknown,1.0,3.0,17.0,3205.0,0.2794698375655046,71.93915752520559,97.65516301344215
d9770186,Home Sweet Sushi - Laranjeiras,Lisbon,Japanese,1.0,3.5,35.0,3206.0,0.3480151966013106,71.93915752520559,97.65516301344215
d7009055,Oh Nesta Mente,Lisbon,Unknown,1.0,4.0,6.0,3207.0,0.31216826205632203,71.93915752520559,97.65516301344215
d10838882,SUSHICOME - Roma,Lisbon,Sushi,1.0,3.5,6.0,3208.0,0.274668232888447,71.93915752520559,97.65516301344215
d8779567,Paco D'agua,Lisbon,Cafe,1.0,3.0,54.0,3209.0,0.32949733711773227,71.93915752520559,97.65516301344215
d8397890,Kitsch'n Live,Lisbon,Unknown,1.0,3.5,4.0,3210.0,0.25959791029556134,71.93915752520559,97.65516301344215
d1988012,Restaurante Xi-Hu,Lisbon,Chinese,1.0,3.5,16.0,3211.0,0.3144095928343784,71.93915752520559,97.65516301344215
d2276096,Restaurante Piri Piri,Lisbon,Seafood,1.0,3.0,197.0,3212.0,0.3868690312080294,71.93915752520559,97.65516301344215
d8299167,O Bolo Da Nonna,Lisbon,Unknown,1.0,4.5,10.0,3213.0,0.36991206152904593,71.93915752520559,97.65516301344215
d7053033,Palacio do Mar,Lisbon,Chinese,1.0,3.5,15.0,3214.0,0.3116941877397111,71.93915752520559,97.65516301344215
d7596075,Pizzeria Di Casa,Lisbon,Italian,1.0,3.5,46.0,3215.0,0.3599569731527789,71.93915752520559,97.65516301344215
d8802922,Narezushi,Lisbon,Unknown,1.0,4.0,17.0,3216.0,0.3544695173172867,71.93915752520559,97.65516301344215
d6908476,Meson de Tapas,Lisbon,Mediterranean,1.0,3.0,37.0,3217.0,0.31293649482128233,71.93915752520559,97.65516301344215
d6420536,Restaurante Japones Samurai,Lisbon,Japanese,1.0,3.5,19.0,3218.0,0.32168845437525806,71.93915752520559,97.65516301344215
d8461901,Saudade Fado Bar,Lisbon,Unknown,1.0,3.5,4.0,3219.0,0.2595976489262396,71.93915752520559,97.65516301344215
d12084859,Il Matriciano Al Mare,Lisbon,Italian,1.0,3.0,9.0,3220.0,0.25314300821548297,71.93915752520559,97.65516301344215
d7701376,Restaurante Mariazinha,Lisbon,European,1.0,4.0,10.0,3221.0,0.33241182956181015,71.93915752520559,97.65516301344215
d8697182,Mr. Coco,Lisbon,Unknown,1.0,3.5,4.0,3222.0,0.2595975621276132,71.93915752520559,97.65516301344215
d5959945,Mcdonald's,Lisbon,American,1.0,3.5,86.0,3223.0,0.3875360562968798,71.93915752520559,97.65516301344215
d1572944,Restaurante Sagresjaria,Lisbon,Unknown,1.0,4.0,8.0,3224.0,0.3234238975419978,71.93915752520559,97.65516301344215
d10164556,Prego de Ouro Restaurante Cervejaria,Lisbon,European,1.0,3.5,2.0,3225.0,0.23671809249999443,71.93915752520559,97.65516301344215
d8499674,Galinha Gorda,Lisbon,European,1.0,3.0,4.0,3226.0,0.2220974466472336,71.93915752520559,97.65516301344215
d10127412,Copo de Tres,Lisbon,European,1.0,3.5,12.0,3227.0,0.302393846359259,71.93915752520559,97.65516301344215
d8803900,Alif Kebab House,Lisbon,Asian,1.0,3.5,7.0,3228.0,0.2806483945632866,71.93915752520559,97.65516301344215
d784880,Real Indiana Parque das Nacoes,Lisbon,Indian,1.0,3.5,92.0,3229.0,0.3905229251078091,71.93915752520559,97.65516301344215
d2301948,Almargem,Lisbon,Mediterranean,1.0,3.5,102.0,3230.0,0.3950971771154906,71.93915752520559,97.65516301344215
d7993001,Carcutaria Carrossel,Lisbon,Unknown,1.0,3.0,5.0,3231.0,0.230263307948461,71.93915752520559,97.65516301344215
d5977749,Pastelaria o Planetario,Lisbon,Unknown,1.0,3.5,15.0,3232.0,0.3116936677516276,71.93915752520559,97.65516301344215
d10355577,Pizza Vignoli,Lisbon,Italian,1.0,3.5,5.0,3233.0,0.26776325049377664,71.93915752520559,97.65516301344215
d3747123,Simphonya Restaurante,Lisbon,European,1.0,4.0,2.0,3234.0,0.2742178335529935,71.93915752520559,97.65516301344215
d5979712,Athenas Cafe,Lisbon,Unknown,1.0,4.5,3.0,3235.0,0.3246028051693515,71.93915752520559,97.65516301344215
d9981533,Cervejaria O Infante,Lisbon,Unknown,1.0,3.5,9.0,3236.0,0.2906425474353895,71.93915752520559,97.65516301344215
d11914502,Casa de Fados Ti Jorge,Lisbon,Unknown,1.0,3.5,4.0,3237.0,0.2595971305477887,71.93915752520559,97.65516301344215
d7254656,Casa de Pasto,Lisbon,European,1.0,4.0,32.0,3238.0,0.38161711661813036,71.93915752520559,97.65516301344215
d3800620,Tasca Pombalina,Lisbon,Bar,1.0,3.0,135.0,3239.0,0.37004494967830914,71.93915752520559,97.65516301344215
d10155370,Loja das Sopas,Lisbon,Unknown,1.0,3.5,7.0,3240.0,0.28064805026027595,71.93915752520559,97.65516301344215
d11658272,Talho Burger,Lisbon,Unknown,1.0,3.5,7.0,3241.0,0.28064802168344477,71.93915752520559,97.65516301344215
d1118134,Coliseu Cafe,Lisbon,Unknown,1.0,4.0,9.0,3242.0,0.3281423758154133,71.93915752520559,97.65516301344215
d1519119,Restaurante 560,Lisbon,European,1.0,4.0,40.0,3243.0,0.39133908186222344,71.93915752520559,97.65516301344215
d10479088,Restaurante A Tuna,Lisbon,European,1.0,3.0,5.0,3244.0,0.23026293575935322,71.93915752520559,97.65516301344215
d3505236,Matas Snack Bar,Lisbon,Mediterranean,1.0,3.5,35.0,3245.0,0.348014071673902,71.93915752520559,97.65516301344215
d10248474,Pastelaria Delta,Lisbon,Unknown,1.0,3.5,10.0,3246.0,0.2949111120337677,71.93915752520559,97.65516301344215
d8730814,Solar Minhoto,Lisbon,European,1.0,4.5,6.0,3247.0,0.3496671093548355,71.93915752520559,97.65516301344215
d8363952,Cervejaria Portugalia - Colombo,Lisbon,European,1.0,3.5,56.0,3248.0,0.36859599246954783,71.93915752520559,97.65516301344215
d12286606,Leitaria Sao Jorge,Lisbon,Unknown,1.0,3.5,4.0,3249.0,0.2595967881531579,71.93915752520559,97.65516301344215
d3842722,Vinyl,Lisbon,European,1.0,4.0,8.0,3250.0,0.32342315292479684,71.93915752520559,97.65516301344215
d10374872,Tasca Limalha D'Ouro,Lisbon,European,1.0,3.5,11.0,3251.0,0.29880812482283325,71.93915752520559,97.65516301344215
d10831750,Prego LX,Lisbon,Unknown,1.0,3.5,7.0,3252.0,0.2806477084982469,71.93915752520559,97.65516301344215
d4220220,Tmn ao Vivo,Lisbon,Bar,1.0,3.5,4.0,3253.0,0.2595966745829745,71.93915752520559,97.65516301344215
d3514002,Empadaria do Chef,Lisbon,Fast Food,1.0,3.0,15.0,3254.0,0.2741930400230644,71.93915752520559,97.65516301344215
d6019643,Big Slice Pizzeria,Lisbon,Italian,1.0,3.5,24.0,3255.0,0.3316817770739055,71.93915752520559,97.65516301344215
d13003623,Dote Cervejaria Moderna,Lisbon,European,1.0,3.0,14.0,3256.0,0.27130236576932987,71.93915752520559,97.65516301344215
d1064270,McDonald's,Lisbon,Fast Food,1.0,3.5,51.0,3257.0,0.36448376630931495,71.93915752520559,97.65516301344215
d12133833,Pastelaria Mexicana,Lisbon,Unknown,1.0,3.0,9.0,3258.0,0.253141921252497,71.93915752520559,97.65516301344215
d5043670,Lvso Central,Lisbon,Italian,1.0,3.0,230.0,3259.0,0.3937719429335849,71.93915752520559,97.65516301344215
d3518995,Pappadouche,Lisbon,Unknown,1.0,2.5,2.0,3260.0,0.16171709351529673,71.93915752520559,97.65516301344215
d5959948,O Bico-Actividades Hoteleiras,Lisbon,Unknown,1.0,4.0,2.0,3261.0,0.2742170652879725,71.93915752520559,97.65516301344215
d12790910,All Saints Restaurant & Bar,Lisbon,European,1.0,3.0,5.0,3262.0,0.23026242531804464,71.93915752520559,97.65516301344215
d3330738,Companhia Das Sandes,Lisbon,Fast Food,1.0,3.0,32.0,3263.0,0.306616406575865,71.93915752520559,97.65516301344215
d1372441,Restaurante Marisqueira Concha D`ouro,Lisbon,International,1.0,3.0,773.0,3264.0,0.4479286411339792,71.93915752520559,97.65516301344215
d10499632,Marineca,Lisbon,Unknown,1.0,3.5,5.0,3265.0,0.2677623407916738,71.93915752520559,97.65516301344215
d8607409,Eua Caffe,Lisbon,Unknown,1.0,3.5,2.0,3266.0,0.23671692441063485,71.93915752520559,97.65516301344215
d5482060,Samurai,Lisbon,Japanese,1.0,3.0,74.0,3267.0,0.3433872146296124,71.93915752520559,97.65516301344215
d8534515,Quiosque de San Pedro de Alcantara,Lisbon,Unknown,1.0,3.5,12.0,3268.0,0.3023926797082689,71.93915752520559,97.65516301344215
d7910822,SushiCorner Saldanha,Lisbon,Japanese,1.0,3.0,17.0,3269.0,0.2794680045120491,71.93915752520559,97.65516301344215
d12498357,O Roseiral Restaurante,Lisbon,Unknown,1.0,3.5,3.0,3270.0,0.24960181231826098,71.93915752520559,97.65516301344215
d8042211,Gelataria Tipica Lda,Lisbon,Unknown,1.0,4.0,5.0,3271.0,0.30526217220407265,71.93915752520559,97.65516301344215
d10782043,Nova Bagdad,Lisbon,Unknown,1.0,3.5,3.0,3272.0,0.24960175622546885,71.93915752520559,97.65516301344215
d8461906,Nagoya - Marques,Lisbon,Unknown,1.0,3.0,22.0,3273.0,0.29044668887848973,71.93915752520559,97.65516301344215
d4420341,Restaurant Botequim Do Rei,Lisbon,European,1.0,3.5,34.0,3274.0,0.3467515063753833,71.93915752520559,97.65516301344215
d1097634,Mexicana Cafe,Lisbon,Cafe,1.0,3.0,76.0,3275.0,0.3445657169081995,71.93915752520559,97.65516301344215
d11965948,K-Delicia,Lisbon,Unknown,1.0,3.0,5.0,3276.0,0.23026203218613464,71.93915752520559,97.65516301344215
d11829224,My Bistro,Lisbon,Unknown,1.0,3.0,18.0,3277.0,0.28188939868347335,71.93915752520559,97.65516301344215
d3743137,cervejaria restaurante Alga,Lisbon,Mediterranean,1.0,3.5,44.0,3278.0,0.35800752341069164,71.93915752520559,97.65516301344215
d6107137,Goji-Uma Atitude Saudavel,Lisbon,Unknown,1.0,3.5,3.0,3279.0,0.24960156043955664,71.93915752520559,97.65516301344215
d8058337,Lagar Do Cais,Lisbon,European,1.0,3.5,85.0,3280.0,0.3870166403015103,71.93915752520559,97.65516301344215
d12950996,A Nossa Churrasqueira II,Lisbon,European,1.0,3.5,4.0,3281.0,0.2595958873453391,71.93915752520559,97.65516301344215
d1437764,Rock'n Sushi,Lisbon,Japanese,1.0,3.5,45.0,3282.0,0.35899182570077004,71.93915752520559,97.65516301344215
d3293585,Mercado 1143,Lisbon,European,1.0,4.0,20.0,3283.0,0.36137187212044636,71.93915752520559,97.65516301344215
d12354947,O Petisco de Alvalade,Lisbon,Unknown,1.0,3.0,3.0,3284.0,0.21210142110348898,71.93915752520559,97.65516301344215
d12443502,Weeel Frozen Yoghurt,Lisbon,Unknown,1.0,3.0,9.0,3285.0,0.2531411642184347,71.93915752520559,97.65516301344215
d10843023,"Alentejo - Pao, Azeite & Alho",Lisbon,Unknown,1.0,3.5,13.0,3286.0,0.30571140073070535,71.93915752520559,97.65516301344215
d12413347,A Li,Lisbon,Unknown,1.0,3.5,4.0,3287.0,0.2595957203964912,71.93915752520559,97.65516301344215
d6725182,Byblos ArtCafe,Lisbon,Unknown,1.0,4.5,5.0,3288.0,0.34276169788053235,71.93915752520559,97.65516301344215
d8659717,Domino's Pizza,Lisbon,Pizza,1.0,3.0,48.0,3289.0,0.3243213526768943,71.93915752520559,97.65516301344215
d7283485,A Ucharia,Lisbon,European,1.0,3.5,20.0,3290.0,0.32387167764294333,71.93915752520559,97.65516301344215
d7246472,Restaurante Chines Neptuno,Lisbon,Chinese,1.0,3.5,4.0,3291.0,0.259595609435452,71.93915752520559,97.65516301344215
d13078171,Tasca Fit,Lisbon,European,1.0,3.0,9.0,3292.0,0.25314096997741464,71.93915752520559,97.65516301344215
d8619241,Tapas do Bairro,Lisbon,Mediterranean,1.0,3.5,54.0,3293.0,0.36699495174665697,71.93915752520559,97.65516301344215
d4270299,Lisboatrevida,Lisbon,Italian,1.0,3.5,12.0,3294.0,0.3023919549289112,71.93915752520559,97.65516301344215
d8765502,Real Principe,Lisbon,Unknown,1.0,3.5,8.0,3295.0,0.2859218919342108,71.93915752520559,97.65516301344215
d12624748,Happy Grill,Lisbon,Unknown,1.0,3.0,2.0,3296.0,0.19921608812241015,71.93915752520559,97.65516301344215
d7218539,"Piadina's, Wine & Co.",Lisbon,European,1.0,4.0,14.0,3297.0,0.34630121967959204,71.93915752520559,97.65516301344215
d802965,Doca de Santo,Lisbon,Bar,1.0,3.0,195.0,3298.0,0.38641188017613765,71.93915752520559,97.65516301344215
d2711442,Os Arcos de Campolide,Lisbon,Unknown,1.0,3.5,12.0,3299.0,0.3023918168579957,71.93915752520559,97.65516301344215
d3702576,Restaurante Japones Dao,Lisbon,Japanese,1.0,3.0,85.0,3300.0,0.34951608582861304,71.93915752520559,97.65516301344215
d4106163,Restaurante Central,Lisbon,European,1.0,3.5,6.0,3301.0,0.27466559752101194,71.93915752520559,97.65516301344215
d12435110,Tsubaki,Lisbon,Unknown,1.0,3.5,6.0,3302.0,0.2746655699904221,71.93915752520559,97.65516301344215
d13071885,Crave,Lisbon,Fast Food,1.0,5.0,10.0,3303.0,0.40740951668413394,71.93915752520559,97.65516301344215
d2386249,Peter's Cafe Sport,Lisbon,Bar,1.0,3.0,84.0,3304.0,0.34899212149113873,71.93915752520559,97.65516301344215
d5121932,Okinawa,Lisbon,Japanese,1.0,3.0,49.0,3305.0,0.32522577059839647,71.93915752520559,97.65516301344215
d8822086,Sensacoes Lisboa,Lisbon,European,1.0,4.0,31.0,3306.0,0.3802369777520549,71.93915752520559,97.65516301344215
d6405252,Frutaria Saldanha,Lisbon,Unknown,1.0,3.0,11.0,3307.0,0.2613065617652669,71.93915752520559,97.65516301344215
d3734868,Restaurante pessoa,Lisbon,European,1.0,3.0,31.0,3308.0,0.30523692287386783,71.93915752520559,97.65516301344215
d7021530,Assim e Assado,Lisbon,Mediterranean,1.0,4.5,4.0,3309.0,0.3345951134305528,71.93915752520559,97.65516301344215
d1892030,Alecrim as Flores,Lisbon,Mediterranean,1.0,3.0,10.0,3310.0,0.25740932455218724,71.93915752520559,97.65516301344215
d11848410,A Grelha,Lisbon,European,1.0,3.0,9.0,3311.0,0.2531404468918873,71.93915752520559,97.65516301344215
d7945976,Bar Do Ricardo,Lisbon,Bar,1.0,3.0,136.0,3312.0,0.37037103387200104,71.93915752520559,97.65516301344215
d10735234,Esplanada da Mouraria,Lisbon,European,1.0,3.0,29.0,3313.0,0.3023461683601417,71.93915752520559,97.65516301344215
d8407884,La Siesta Taqueria,Lisbon,Latin,1.0,3.0,23.0,3314.0,0.29235175833742694,71.93915752520559,97.65516301344215
d2615380,Brasileirissimo,Lisbon,Latin,1.0,3.5,5.0,3315.0,0.2677609545421931,71.93915752520559,97.65516301344215
d793866,Ze Varunca,Lisbon,Portuguese,1.0,3.5,157.0,3316.0,0.4142584717703022,71.93915752520559,97.65516301344215
d7398495,O Provador,Lisbon,European,1.0,3.0,24.0,3317.0,0.2941800538832313,71.93915752520559,97.65516301344215
d10525163,Chimarrao,Lisbon,Unknown,1.0,3.5,11.0,3318.0,0.29880626093590734,71.93915752520559,97.65516301344215
d10637638,Shrimp House,Lisbon,Unknown,1.0,3.0,16.0,3319.0,0.27690655184916796,71.93915752520559,97.65516301344215
d11728715,Entre Copos,Lisbon,Unknown,1.0,3.0,15.0,3320.0,0.27419120675313985,71.93915752520559,97.65516301344215
d2615851,Mercearia Vencedora Lisboa,Lisbon,Steakhouse,1.0,4.0,21.0,3321.0,0.36345441250707794,71.93915752520559,97.65516301344215
d6878911,Pizzaria Artesanal Azeit'alhos com Tomate,Lisbon,Italian,1.0,3.5,20.0,3322.0,0.32387079904018423,71.93915752520559,97.65516301344215
d3505588,Restaurante JinNaIgor,Lisbon,Chinese,1.0,3.0,14.0,3323.0,0.27130050754485596,71.93915752520559,97.65516301344215
d7593713,Sushi Lovers,Lisbon,Japanese,1.0,3.0,8.0,3324.0,0.24842109738706056,71.93915752520559,97.65516301344215
d10837891,Letters Matters,Lisbon,Mexican,1.0,3.5,10.0,3325.0,0.29490891556497784,71.93915752520559,97.65516301344215
d12157490,Trigo D'Aldeia,Lisbon,Unknown,1.0,3.5,4.0,3326.0,0.2595946499110417,71.93915752520559,97.65516301344215
d10397052,Kitchen By Monte Mar,Lisbon,Seafood,1.0,3.0,12.0,3327.0,0.2648910513300921,71.93915752520559,97.65516301344215
d5977461,Cafe Da Ponte Docas de Lisboa,Lisbon,Unknown,1.0,2.5,11.0,3328.0,0.22380598918036435,71.93915752520559,97.65516301344215
d10491876,Self Service Betinho,Lisbon,Unknown,1.0,3.0,5.0,3329.0,0.2302605738545165,71.93915752520559,97.65516301344215
d4844748,Sabores Da Aldeia,Lisbon,European,1.0,3.0,26.0,3330.0,0.2976267109066796,71.93915752520559,97.65516301344215
d8069733,Restaurante TA TA,Lisbon,European,1.0,3.5,3.0,3331.0,0.24960013179100657,71.93915752520559,97.65516301344215
d10690623,Sushibar.pt,Lisbon,Sushi,1.0,4.5,4.0,3332.0,0.33459448744517817,71.93915752520559,97.65516301344215
d1014569,Clube da Esquina,Lisbon,Bar,1.0,3.5,12.0,3333.0,0.3023908889617911,71.93915752520559,97.65516301344215
d9770053,Restaurantes Chines Nuvem Mar,Lisbon,Unknown,1.0,3.5,9.0,3334.0,0.2906398216599266,71.93915752520559,97.65516301344215
d3446060,Sao Cristovao e Sao Lourenco,Lisbon,European,1.0,3.5,20.0,3335.0,0.3238704469239923,71.93915752520559,97.65516301344215
d8128913,Tejo,Lisbon,Unknown,1.0,3.0,38.0,3336.0,0.31409658417753417,71.93915752520559,97.65516301344215
d6782125,Ilha Doce,Lisbon,European,1.0,3.0,9.0,3337.0,0.25313974074333834,71.93915752520559,97.65516301344215
d8705722,Ninho De Perdiz,Lisbon,Unknown,1.0,3.5,6.0,3338.0,0.274664589875029,71.93915752520559,97.65516301344215
d6908352,Gelados Come,Lisbon,Italian,1.0,3.5,6.0,3339.0,0.2746645629512908,71.93915752520559,97.65516301344215
d5505213,Chopperia,Lisbon,European,1.0,3.5,12.0,3340.0,0.30239070026940773,71.93915752520559,97.65516301344215
d2615860,Na Ordem com Luis Suspiro,Lisbon,Unknown,1.0,4.0,2.0,3341.0,0.2742148618500327,71.93915752520559,97.65516301344215
d8097766,Pastelaria Foia,Lisbon,Unknown,1.0,3.5,4.0,3342.0,0.2595942179650953,71.93915752520559,97.65516301344215
d12905332,Spleen,Lisbon,European,1.0,3.0,5.0,3343.0,0.23026019635536968,71.93915752520559,97.65516301344215
d9836520,Electrico Cafe,Lisbon,European,1.0,5.0,4.0,3344.0,0.3720941642624855,71.93915752520559,97.65516301344215
d8772965,Lamosa Grill,Lisbon,European,1.0,3.5,3.0,3345.0,0.24959975474409188,71.93915752520559,97.65516301344215
d7380492,Lisbon Nuts,Lisbon,Cafe,1.0,3.5,3.0,3346.0,0.24959972793290425,71.93915752520559,97.65516301344215
d12850705,Don'Ardosia,Lisbon,Unknown,1.0,3.0,5.0,3347.0,0.23026008907851964,71.93915752520559,97.65516301344215
d9740175,Taska Da Avenida,Lisbon,Unknown,1.0,3.5,4.0,3348.0,0.2595940570497483,71.93915752520559,97.65516301344215
d8543723,"Restaurante ""DA Gare""",Lisbon,European,1.0,3.0,11.0,3349.0,0.26130542377628174,71.93915752520559,97.65516301344215
d10525060,Restaurante Arte Da Baixa Lda,Lisbon,Unknown,1.0,3.5,5.0,3350.0,0.2677600087890026,71.93915752520559,97.65516301344215
d10786753,Sabores do Cais - Pastelaria & Snack-Bar,Lisbon,Unknown,1.0,3.5,6.0,3351.0,0.2746642411198203,71.93915752520559,97.65516301344215
d8748534,Hamburgueria Lusitana,Lisbon,Bar,1.0,3.0,34.0,3352.0,0.3092493735758936,71.93915752520559,97.65516301344215
d10228683,Marialfarroba,Lisbon,European,1.0,4.5,3.0,3353.0,0.32459954070237695,71.93915752520559,97.65516301344215
d9838692,Taberna 132,Lisbon,European,1.0,3.0,54.0,3354.0,0.3294932944007636,71.93915752520559,97.65516301344215
d7646295,Sabores de Belem,Lisbon,Unknown,1.0,3.5,46.0,3355.0,0.3599530782856693,71.93915752520559,97.65516301344215
d804015,Afreudite,Lisbon,Fusion,4.0,3.0,39.0,3356.0,0.31523000811126084,71.93915752520559,97.65516301344215
d7927751,Pratos com Lata,Lisbon,Unknown,1.0,4.0,4.0,3357.0,0.297093816755249,71.93915752520559,97.65516301344215
d4832581,Cascos de Rolha,Lisbon,Spanish,1.0,3.5,2.0,3358.0,0.23671440714489175,71.93915752520559,97.65516301344215
d6848557,Flor Vasco Da Gama,Lisbon,Unknown,1.0,3.5,7.0,3359.0,0.2806447690802598,71.93915752520559,97.65516301344215
d2693798,Adega do Artur,Lisbon,Unknown,1.0,3.5,6.0,3360.0,0.2746640012548024,71.93915752520559,97.65516301344215
d8605223,Executive Villa Rica Restaurant,Lisbon,Unknown,1.0,3.0,8.0,3361.0,0.248420103561169,71.93915752520559,97.65516301344215
d12163970,Telepizza,Lisbon,Italian,1.0,3.0,12.0,3362.0,0.2648901123515994,71.93915752520559,97.65516301344215
d946355,Armazem,Lisbon,Brazilian,1.0,3.5,3.0,3363.0,0.24959927458226971,71.93915752520559,97.65516301344215
d10147986,Tasca dos Petiscos,Lisbon,European,1.0,3.5,10.0,3364.0,0.2949078692677353,71.93915752520559,97.65516301344215
d7792371,Novo Dia,Lisbon,Seafood,1.0,3.5,27.0,3365.0,0.33675464503105645,71.93915752520559,97.65516301344215
d11639596,Capricciosa Doca Santo Amaro,Lisbon,Italian,1.0,3.0,58.0,3366.0,0.3326373559197001,71.93915752520559,97.65516301344215
d2285672,Restaurante Adega das Merces,Lisbon,Portuguese,1.0,3.5,71.0,3367.0,0.379056109178671,71.93915752520559,97.65516301344215
d4292514,Sr. Frango Da Guia,Lisbon,European,1.0,3.0,59.0,3368.0,0.3333900774670446,71.93915752520559,97.65516301344215
d2299420,O Minhoto,Lisbon,Mediterranean,1.0,3.0,99.0,3369.0,0.35626943401121686,71.93915752520559,97.65516301344215
d5243324,Rosa Castil,Lisbon,European,1.0,3.5,6.0,3370.0,0.2746637362407322,71.93915752520559,97.65516301344215
d8638436,Love Lisbon,Lisbon,Street Food,1.0,4.0,19.0,3371.0,0.3591842219943268,71.93915752520559,97.65516301344215
d6276129,Mandala De Sabores,Lisbon,European,1.0,3.0,90.0,3372.0,0.35204527113527817,71.93915752520559,97.65516301344215
d7615442,Pastelaria Nectar,Lisbon,European,1.0,3.5,6.0,3373.0,0.27466365704293116,71.93915752520559,97.65516301344215
d12624949,Club Life to Go,Lisbon,Unknown,1.0,3.0,6.0,3374.0,0.23716363067496152,71.93915752520559,97.65516301344215
d5414906,Il Caffe Di Roma,Lisbon,Unknown,1.0,3.0,48.0,3375.0,0.324319027805622,71.93915752520559,97.65516301344215
d2250135,Miradouro de Santa Luzia,Lisbon,Mediterranean,1.0,3.0,153.0,3376.0,0.3756083639166107,71.93915752520559,97.65516301344215
d7721215,Burger Rouge,Lisbon,Unknown,1.0,3.0,7.0,3377.0,0.24314429290201364,71.93915752520559,97.65516301344215
d10672858,Sol Brasil,Lisbon,European,1.0,3.5,54.0,3378.0,0.36699265873818004,71.93915752520559,97.65516301344215
d8298318,Avila,Lisbon,Unknown,1.0,3.0,4.0,3379.0,0.22209323475756243,71.93915752520559,97.65516301344215
d2711426,EstaFado,Lisbon,Portuguese,1.0,3.0,99.0,3380.0,0.35626914413466654,71.93915752520559,97.65516301344215
d3871768,Harlem,Lisbon,Unknown,1.0,3.0,13.0,3381.0,0.26820883477599977,71.93915752520559,97.65516301344215
d1147912,Galeria Gemelli,Lisbon,European,4.0,3.0,31.0,3382.0,0.3052349380099995,71.93915752520559,97.65516301344215
d2660129,Miro Douro,Lisbon,European,1.0,3.0,5.0,3383.0,0.23025913500267362,71.93915752520559,97.65516301344215
d5981465,Restaurante Central de Paris,Lisbon,French,1.0,3.5,4.0,3384.0,0.2595931035407243,71.93915752520559,97.65516301344215
d3543805,Rota dos Mares,Lisbon,European,1.0,4.0,16.0,3385.0,0.3519047889960804,71.93915752520559,97.65516301344215
d8007843,McDonald's,Lisbon,Unknown,1.0,3.5,12.0,3386.0,0.3023894796998849,71.93915752520559,97.65516301344215
d7603927,"Pimenta & Marques, Lda - Restaurante O Anjo",Lisbon,European,1.0,4.5,34.0,3387.0,0.4217484484795845,71.93915752520559,97.65516301344215
d8461909,Lizarran Telheiras,Lisbon,Unknown,1.0,3.0,22.0,3388.0,0.29044357682864824,71.93915752520559,97.65516301344215
d12683988,O Sitar,Lisbon,Unknown,1.0,3.0,2.0,3389.0,0.1992135897205925,71.93915752520559,97.65516301344215
d5964678,London Square,Lisbon,Unknown,1.0,3.0,7.0,3390.0,0.24314395214037032,71.93915752520559,97.65516301344215
d5959949,Solar dos Canadianos,Lisbon,Unknown,1.0,2.5,3.0,3391.0,0.17459853779606663,71.93915752520559,97.65516301344215
d5959997,Bairru's Bodega,Lisbon,Unknown,1.0,3.5,6.0,3392.0,0.27466315871006974,71.93915752520559,97.65516301344215
d12419975,Delicias do Pescador,Lisbon,Unknown,1.0,3.0,0.0,3393.0,0.15000770915362058,71.93915752520559,97.65516301344215
d13527533,Empadaria Alentejana,Lisbon,Caribbean,1.0,3.0,0.0,3394.0,0.1500076830955406,71.93915752520559,97.65516301344215
d12613463,Cacua Da Riberia,Lisbon,Unknown,1.0,3.0,0.0,3395.0,0.15000765705281147,71.93915752520559,97.65516301344215
d12443500,Dots Bakery,Lisbon,Unknown,1.0,3.0,0.0,3396.0,0.15000763102541964,71.93915752520559,97.65516301344215
d12680879,Docaria de Azeitao,Lisbon,Unknown,1.0,3.0,0.0,3397.0,0.15000760501335156,71.93915752520559,97.65516301344215
d2616613,Passaparola,Lisbon,Unknown,1.0,3.0,0.0,3398.0,0.15000757901659367,71.93915752520559,97.65516301344215
d11907937,Pasteleria Uniao,Lisbon,European,1.0,3.0,0.0,3399.0,0.15000755303513252,71.93915752520559,97.65516301344215
d2615745,Jardim do Sushi,Lisbon,Sushi,1.0,3.0,0.0,3400.0,0.1500075270689546,71.93915752520559,97.65516301344215
d5982603,Quatro Estacoes,Lisbon,Unknown,1.0,3.0,0.0,3401.0,0.1500075011180464,71.93915752520559,97.65516301344215
d12506165,Cozinha a Bras,Lisbon,Unknown,1.0,3.0,2.0,3402.0,0.19921325136326604,71.93915752520559,97.65516301344215
d8605386,Confeitaria de Portugal,Lisbon,European,1.0,3.0,0.0,3403.0,0.1500074492619853,71.93915752520559,97.65516301344215
d5981415,Seisarte - Exploracao de Bares E Restaurantes Lda,Lisbon,Unknown,1.0,3.0,0.0,3404.0,0.15000742335680559,71.93915752520559,97.65516301344215
d10373337,Produtos E Territorios,Lisbon,Unknown,1.0,3.0,0.0,3405.0,0.1500073974668418,71.93915752520559,97.65516301344215
d9863741,Restaurante O Operario,Lisbon,Unknown,1.0,3.0,2.0,3406.0,0.19921314777295218,71.93915752520559,97.65516301344215
d12073334,Hora Unica Lda,Lisbon,French,1.0,3.0,0.0,3407.0,0.15000734573250854,71.93915752520559,97.65516301344215
d13385549,Restaurante A Ladeira,Lisbon,Bar,1.0,3.0,2.0,3408.0,0.1992130960689839,71.93915752520559,97.65516301344215
d11916543,O Patamar,Lisbon,Unknown,1.0,3.0,0.0,3409.0,0.15000729405887853,71.93915752520559,97.65516301344215
d8855818,Barra Actividades Hotleiras,Lisbon,African,1.0,3.0,0.0,3410.0,0.15000726824479385,71.93915752520559,97.65516301344215
d11914527,La Francezinha,Lisbon,Unknown,1.0,3.0,2.0,3411.0,0.19921301862671656,71.93915752520559,97.65516301344215
d10140016,Santander Totta,Lisbon,Unknown,1.0,3.0,0.0,3412.0,0.15000721666201855,71.93915752520559,97.65516301344215
d2615781,Magnolia Caffe Racket Centre,Lisbon,Unknown,1.0,3.0,0.0,3413.0,0.15000719089330133,71.93915752520559,97.65516301344215
d5958883,Cafe O Cantinho Do Teo,Lisbon,Unknown,1.0,3.0,0.0,3414.0,0.15000716513968002,71.93915752520559,97.65516301344215
d9778442,Chocolate & Pimenta,Lisbon,Unknown,1.0,3.0,0.0,3415.0,0.15000713940114135,71.93915752520559,97.65516301344215
d9752090,"Restaurante e Cafetaria ""Docinhos Da Cleu""",Lisbon,Unknown,1.0,3.0,0.0,3416.0,0.15000711367767208,71.93915752520559,97.65516301344215
d13171768,A Grelha do Bairro,Lisbon,Unknown,1.0,3.0,0.0,3417.0,0.150007087969259,71.93915752520559,97.65516301344215
d10058519,A Casinha dos Doces,Lisbon,Unknown,1.0,3.0,0.0,3418.0,0.15000706227588886,71.93915752520559,97.65516301344215
d10058514,Cafe Angolano,Lisbon,Unknown,1.0,3.0,0.0,3419.0,0.1500070365975485,71.93915752520559,97.65516301344215
d4888768,Compadre Alentejano,Lisbon,Pub,1.0,3.0,2.0,3420.0,0.1992127871150963,71.93915752520559,97.65516301344215
d12148796,Chapiforno,Lisbon,Unknown,1.0,3.0,0.0,3421.0,0.15000698528590428,71.93915752520559,97.65516301344215
d12689621,Restaurante Fofo,Lisbon,Unknown,1.0,3.0,0.0,3422.0,0.15000695965257413,71.93915752520559,97.65516301344215
d10468717,Euforia De Sabores Pump Nacoes,Lisbon,Cafe,1.0,3.0,0.0,3423.0,0.1500069340342211,71.93915752520559,97.65516301344215
d10596827,Barbacoa Grill,Lisbon,Unknown,1.0,3.0,0.0,3424.0,0.15000690843083206,71.93915752520559,97.65516301344215
d10802112,Cunha & Alves Lda,Lisbon,Unknown,1.0,3.0,0.0,3425.0,0.1500068828423939,71.93915752520559,97.65516301344215
d12895351,Aruki Sushi Delivery,Lisbon,Sushi,1.0,3.0,2.0,3426.0,0.19921263344976514,71.93915752520559,97.65516301344215
d13474212,Raffis Bagels Estefania,Lisbon,American,1.0,3.0,0.0,3427.0,0.1500068317103179,71.93915752520559,97.65516301344215
d8769772,Nut',Lisbon,Unknown,1.0,3.0,0.0,3428.0,0.15000680616665388,71.93915752520559,97.65516301344215
d3923803,Cervejaria a Berlenga,Lisbon,European,1.0,3.0,26.0,3429.0,0.29762410918050325,71.93915752520559,97.65516301344215
d12618636,Sushishop,Lisbon,Sushi,1.0,3.0,2.0,3430.0,0.19921253130488029,71.93915752520559,97.65516301344215
d10809661,Hokkaido Restaurante,Lisbon,Unknown,1.0,3.5,3.0,3431.0,0.24959750610518064,71.93915752520559,97.65516301344215
d1990038,Restaurante Fumeiro,Lisbon,European,1.0,3.0,163.0,3432.0,0.37842476262087166,71.93915752520559,97.65516301344215
d877239,Alfaia,Lisbon,Seafood,1.0,3.0,752.0,3433.0,0.4466921193576095,71.93915752520559,97.65516301344215
d1904951,Restaurante Milano,Lisbon,Mediterranean,1.0,3.0,180.0,3434.0,0.3828422805224224,71.93915752520559,97.65516301344215
d10391883,Queijadaria,Lisbon,Unknown,1.0,3.0,4.0,3435.0,0.22209178694878803,71.93915752520559,97.65516301344215
d4115682,Restaurante Vela Branca,Lisbon,Mediterranean,1.0,3.0,271.0,3436.0,0.40108502613651403,71.93915752520559,97.65516301344215
d3674374,A Arte da Comida,Lisbon,Mediterranean,1.0,3.0,225.0,3437.0,0.39278706893771537,71.93915752520559,97.65516301344215
d3562571,Gostos&Sabores,Lisbon,African,1.0,4.5,8.0,3438.0,0.3609181039090355,71.93915752520559,97.65516301344215
d1070736,Restaurante Trinidade,Lisbon,Seafood,1.0,3.0,225.0,3439.0,0.3927870181619594,71.93915752520559,97.65516301344215
d1573001,Caldo Verde,Lisbon,European,1.0,3.0,253.0,3440.0,0.39801831842956187,71.93915752520559,97.65516301344215
d10337633,GO natural,Lisbon,Italian,1.0,3.0,7.0,3441.0,0.24314264017033602,71.93915752520559,97.65516301344215
d2298026,Cais De Belem,Lisbon,Mediterranean,1.0,3.5,140.0,3442.0,0.4091565937090808,71.93915752520559,97.65516301344215
d10463502,Brasil Caffe,Lisbon,Unknown,1.0,3.5,3.0,3443.0,0.24959720127243643,71.93915752520559,97.65516301344215
d6823253,Tapas Lisboa Wine & Gin,Lisbon,Mediterranean,1.0,3.5,23.0,3444.0,0.32984834038655614,71.93915752520559,97.65516301344215
d8684892,Bhudha Indian Restaurent,Lisbon,Unknown,1.0,3.0,11.0,3445.0,0.26130292685431694,71.93915752520559,97.65516301344215
d12176094,Atomic Morning,Lisbon,Unknown,1.0,3.0,5.0,3446.0,0.2302575133367569,71.93915752520559,97.65516301344215
d12681762,Chave D'Ouro,Lisbon,Unknown,1.0,3.0,9.0,3447.0,0.253136871064431,71.93915752520559,97.65516301344215
d4876823,Cheiro Ao Sabor,Lisbon,European,1.0,3.0,18.0,3448.0,0.2818848572754557,71.93915752520559,97.65516301344215
d10813861,Seven Steps,Lisbon,Bar,1.0,4.5,3.0,3449.0,0.32459704965151076,71.93915752520559,97.65516301344215
d7621058,Restaurante Estrela do Parque,Lisbon,European,1.0,3.0,38.0,3450.0,0.31409361184205953,71.93915752520559,97.65516301344215
d7070040,Cervejaria Bar Derbi,Lisbon,Mediterranean,1.0,3.0,161.0,3451.0,0.37787471571175985,71.93915752520559,97.65516301344215
d5979460,Adega dos Mastros - Restaurante,Lisbon,Unknown,1.0,3.5,9.0,3452.0,0.2906367449699599,71.93915752520559,97.65516301344215
d12429109,M & M Bar and Resturant,Lisbon,Seafood,1.0,4.0,17.0,3453.0,0.35446311298527994,71.93915752520559,97.65516301344215
d2403268,Agora,Lisbon,Seafood,1.0,3.5,48.0,3454.0,0.3618169941889607,71.93915752520559,97.65516301344215
d2375198,restaurante securas,Lisbon,Portuguese,1.0,2.5,164.0,3455.0,0.34119645511987756,71.93915752520559,97.65516301344215
d2615439,Caruso,Lisbon,Italian,1.0,3.0,40.0,3456.0,0.3163333789454792,71.93915752520559,97.65516301344215
d6953091,"Alentejo - Pao, azeite e alho",Lisbon,European,1.0,3.0,62.0,3457.0,0.3355730476735485,71.93915752520559,97.65516301344215
d8117001,Onda de SAbores 2,Lisbon,European,1.0,3.0,60.0,3458.0,0.33412808992112264,71.93915752520559,97.65516301344215
d12966638,Pastelaria Londres,Lisbon,Unknown,1.0,3.0,2.0,3459.0,0.1992117978195602,71.93915752520559,97.65516301344215
d7187503,Acepipe & Piteu,Lisbon,European,1.0,3.0,5.0,3460.0,0.23025716098635252,71.93915752520559,97.65516301344215
d12878705,Hanaya Chiado,Lisbon,Japanese,1.0,3.5,11.0,3461.0,0.29880252416763387,71.93915752520559,97.65516301344215
d12323194,Restaurante Bar Tradicao da Baixa,Lisbon,Unknown,1.0,3.0,8.0,3462.0,0.24841749882399455,71.93915752520559,97.65516301344215
d6750995,Espaco Academico de Lisboa,Lisbon,European,1.0,3.5,13.0,3463.0,0.30570673315547797,71.93915752520559,97.65516301344215
d8331936,Pastelaria Dourado,Lisbon,Unknown,1.0,3.0,10.0,3464.0,0.2574052941076037,71.93915752520559,97.65516301344215
d9761892,Sr. Bacalhau,Lisbon,European,1.0,3.0,33.0,3465.0,0.307948130479636,71.93915752520559,97.65516301344215
d7397994,Adega Triunfo,Lisbon,European,1.0,3.0,34.0,3466.0,0.30924642908379335,71.93915752520559,97.65516301344215
d2020565,Tasca do Manel,Lisbon,Unknown,1.0,4.0,18.0,3467.0,0.3568843803279162,71.93915752520559,97.65516301344215
d10201222,Sabores Da Baixa,Lisbon,Seafood,1.0,3.0,72.0,3468.0,0.3421713030680375,71.93915752520559,97.65516301344215
d12543832,BENI's,Lisbon,Italian,1.0,3.0,7.0,3469.0,0.24314193627648822,71.93915752520559,97.65516301344215
d5963219,Magnetic,Lisbon,Bar,1.0,3.0,60.0,3470.0,0.3341277898218845,71.93915752520559,97.65516301344215
d2363172,El Carpaccio,Lisbon,Italian,1.0,3.0,131.0,3471.0,0.36870167206433074,71.93915752520559,97.65516301344215
d6677139,Pastel do Fado,Lisbon,Mediterranean,1.0,3.0,327.0,3472.0,0.4094691435324968,71.93915752520559,97.65516301344215
d6549997,Cadete,Lisbon,Portuguese,1.0,3.0,102.0,3473.0,0.3575906767604413,71.93915752520559,97.65516301344215
d3203784,O Lirio,Lisbon,Mediterranean,1.0,3.0,120.0,3474.0,0.3648044424361595,71.93915752520559,97.65516301344215
d7285802,Atlantica Cafetaria,Lisbon,Seafood,1.0,2.5,14.0,3475.0,0.2337965575498346,71.93915752520559,97.65516301344215
d6979515,Wok Oriental,Lisbon,Chinese,1.0,3.0,108.0,3476.0,0.36012650739783053,71.93915752520559,97.65516301344215
d5964697,Disco Cafe,Lisbon,Unknown,1.0,3.0,2.0,3477.0,0.1992113487068326,71.93915752520559,97.65516301344215
d12248346,Hediard,Lisbon,Unknown,1.0,3.0,5.0,3478.0,0.23025671213251853,71.93915752520559,97.65516301344215
d10004354,Manuel Cacador,Lisbon,Unknown,1.0,3.0,4.0,3479.0,0.22209068208276875,71.93915752520559,97.65516301344215
d6542173,Cafe Vitoria,Lisbon,Cafe,1.0,3.0,137.0,3480.0,0.37069239970038387,71.93915752520559,97.65516301344215
d3395634,Restaurante Adega Do Atum,Lisbon,Portuguese,1.0,3.0,55.0,3481.0,0.3302970615571625,71.93915752520559,97.65516301344215
d2190077,Cafe Nicola,Lisbon,Unknown,1.0,3.0,1248.0,3482.0,0.46935562795969854,71.93915752520559,97.65516301344215
d5959903,Churrasqueira de Alvalade,Lisbon,Unknown,1.0,3.0,8.0,3483.0,0.24841697621501543,71.93915752520559,97.65516301344215
d5959183,MODERNA - Restaurante Cervejaria,Lisbon,Seafood,1.0,3.0,150.0,3484.0,0.3747244844955276,71.93915752520559,97.65516301344215
d3346333,Restaurante Nagoya,Lisbon,Japanese,1.0,3.0,114.0,3485.0,0.36252627073471017,71.93915752520559,97.65516301344215
d1529582,Restaurante Lautasco,Lisbon,Seafood,1.0,3.0,387.0,3486.0,0.4169929827254779,71.93915752520559,97.65516301344215
d12671927,Taqueria Patron,Lisbon,Unknown,1.0,4.0,12.0,3487.0,0.33988691273112615,71.93915752520559,97.65516301344215
d7645590,Restaurante Chique,Lisbon,Unknown,1.0,3.5,7.0,3488.0,0.2806414650703542,71.93915752520559,97.65516301344215
d2181250,Tertulia do Tejo,Lisbon,Seafood,1.0,3.0,23.0,3489.0,0.2923472165930659,71.93915752520559,97.65516301344215
d8796047,Pizzaria do Bairro,Lisbon,Unknown,1.0,3.5,6.0,3490.0,0.2746606745309011,71.93915752520559,97.65516301344215
d3844290,Nectar Winebar,Lisbon,Portuguese,1.0,3.0,31.0,3491.0,0.3052321676184338,71.93915752520559,97.65516301344215
d2616952,Sensei Lounge Lisboa,Lisbon,Unknown,1.0,3.0,5.0,3492.0,0.23025636622314286,71.93915752520559,97.65516301344215
d5977659,Chiado Terrasse,Lisbon,European,1.0,3.0,100.0,3493.0,0.3567119376671241,71.93915752520559,97.65516301344215
d3638607,El Sombrero,Lisbon,Mexican,1.0,3.0,19.0,3494.0,0.28418108826437344,71.93915752520559,97.65516301344215
d10391402,Ruposhi Bangla Indian and Portuguese Restuarent,Lisbon,Indian,1.0,5.0,2.0,3495.0,0.3492109042201588,71.93915752520559,97.65516301344215
d4572330,Restaurante Patrono,Lisbon,Seafood,1.0,3.0,100.0,3496.0,0.35671186394644017,71.93915752520559,97.65516301344215
d7778378,Boizao Grill,Lisbon,Barbecue,1.0,3.0,38.0,3497.0,0.31409244282394444,71.93915752520559,97.65516301344215
d3365282,Frei Papinhas,Lisbon,Mediterranean,1.0,3.0,170.0,3498.0,0.38029516563527344,71.93915752520559,97.65516301344215
d10130339,Weekend Cocktail Bar,Lisbon,Bar,1.0,5.0,2.0,3499.0,0.34921080606639016,71.93915752520559,97.65516301344215
d8612489,Retiro dos Sentidos,Lisbon,European,1.0,3.0,406.0,3500.0,0.41913390532735995,71.93915752520559,97.65516301344215
d3474189,Restaurante Cervejaria Santiago,Lisbon,Seafood,1.0,3.0,219.0,3501.0,0.39158031423490747,71.93915752520559,97.65516301344215
d9769784,Restaurant Asia Bamboo,Lisbon,Unknown,1.0,3.0,22.0,3502.0,0.29044069357122776,71.93915752520559,97.65516301344215
d6976645,Taste of India,Lisbon,Indian,1.0,3.0,38.0,3503.0,0.31409229584551873,71.93915752520559,97.65516301344215
d11305967,Lyso Central Restaurante,Lisbon,Unknown,1.0,3.0,5.0,3504.0,0.230256071929403,71.93915752520559,97.65516301344215
d2484729,Restaurant Unidos do Minho,Lisbon,European,1.0,2.5,11.0,3505.0,0.22380143573597527,71.93915752520559,97.65516301344215
d11688754,Pho House,Lisbon,Asian,1.0,3.0,7.0,3506.0,0.24314102337561402,71.93915752520559,97.65516301344215
d6899301,Cafe Pastelaria Castrense,Lisbon,European,1.0,3.0,34.0,3507.0,0.3092454169040468,71.93915752520559,97.65516301344215
d1830172,Restaurante Maritima Das Colunas,Lisbon,Seafood,1.0,3.0,223.0,3508.0,0.39238717454140626,71.93915752520559,97.65516301344215
d8624556,Barbeque Inn & Shawarma Kebab,Lisbon,Grill,1.0,3.5,5.0,3509.0,0.2677559499010783,71.93915752520559,97.65516301344215
d5445018,A Covelense,Lisbon,Portuguese,1.0,3.0,83.0,3510.0,0.3484567372602268,71.93915752520559,97.65516301344215
d13129532,Mc Donald's Rossio,Lisbon,Unknown,1.0,3.0,5.0,3511.0,0.23025590118706518,71.93915752520559,97.65516301344215
d10634900,Sushicome,Lisbon,Chinese,1.0,3.0,7.0,3512.0,0.24314087715017235,71.93915752520559,97.65516301344215
d2296046,Restaurante Canto do Camoes,Lisbon,European,1.0,3.0,139.0,3513.0,0.3713360472420918,71.93915752520559,97.65516301344215
d10399941,loja do Intendente,Lisbon,European,1.0,3.0,9.0,3514.0,0.25313521121049504,71.93915752520559,97.65516301344215
d4237025,Taberna a Preciosa,Lisbon,Mediterranean,1.0,3.0,239.0,3515.0,0.3954771278169643,71.93915752520559,97.65516301344215
d8705673,Perola de Londres,Lisbon,European,1.0,4.5,3.0,3516.0,0.32459539170371215,71.93915752520559,97.65516301344215
d10251651,Restaurante Take Away O Guerreiro,Lisbon,European,1.0,3.0,67.0,3517.0,0.3389922382602248,71.93915752520559,97.65516301344215
d9747762,Telepizza,Lisbon,Unknown,1.0,3.0,29.0,3518.0,0.30234089029555206,71.93915752520559,97.65516301344215
d2333520,Marques da se Fado,Lisbon,Portuguese,4.0,3.0,77.0,3519.0,0.34513729459347636,71.93915752520559,97.65516301344215
d5981444,Botequim Do Rei,Lisbon,Unknown,1.0,3.0,20.0,3520.0,0.28636571790196225,71.93915752520559,97.65516301344215
d3387936,Alfama Grill,Lisbon,Mediterranean,1.0,3.0,403.0,3521.0,0.4188020309729865,71.93915752520559,97.65516301344215
d8461910,Cheira a Lisboa,Lisbon,Unknown,1.0,3.0,4.0,3522.0,0.22208962899932325,71.93915752520559,97.65516301344215
d697267,Solmar,Lisbon,Portuguese,1.0,2.5,112.0,3523.0,0.32423954939859995,71.93915752520559,97.65516301344215
d12153732,Coreto das Gravatas,Lisbon,Unknown,1.0,2.5,15.0,3524.0,0.23668597443316852,71.93915752520559,97.65516301344215
d1925513,Tapas Bar 52,Lisbon,Bar,1.0,3.0,665.0,3525.0,0.4411908401722301,71.93915752520559,97.65516301344215
d11910293,Curry and Pizza House,Lisbon,Unknown,1.0,3.0,5.0,3526.0,0.2302555375934635,71.93915752520559,97.65516301344215
d2484689,Roman's,Lisbon,Italian,1.0,3.0,242.0,3527.0,0.39603322994724804,71.93915752520559,97.65516301344215
d7747593,Lina,Lisbon,Unknown,1.0,3.5,4.0,3528.0,0.25958948409830657,71.93915752520559,97.65516301344215
d6429670,Taberna Saudade,Lisbon,Portuguese,1.0,4.5,40.0,3529.0,0.4288315828245295,71.93915752520559,97.65516301344215
d10683591,Churrasqueira Campo Grande by Chimarrao,Lisbon,European,1.0,3.0,44.0,3530.0,0.3205009882691733,71.93915752520559,97.65516301344215
d7723066,Coracao da Se,Lisbon,Mediterranean,1.0,3.0,84.0,3531.0,0.3489862826560204,71.93915752520559,97.65516301344215
d11876617,Portugalia Balcao Chiado,Lisbon,Unknown,1.0,2.5,7.0,3532.0,0.2056403933200491,71.93915752520559,97.65516301344215
d2103726,Restaurante Churrascaria Damas,Lisbon,Portuguese,1.0,3.0,24.0,3533.0,0.294174522894767,71.93915752520559,97.65516301344215
d12631014,Taberna 90,Lisbon,European,1.0,2.5,23.0,3534.0,0.2548461214191043,71.93915752520559,97.65516301344215
d12002313,Sr. Frango da Guia,Lisbon,Barbecue,1.0,2.5,11.0,3535.0,0.22380070915850891,71.93915752520559,97.65516301344215
d7994633,San Siro,Lisbon,Seafood,1.0,2.5,301.0,3536.0,0.36826860610187984,71.93915752520559,97.65516301344215
d1902950,Gallassa Cafe,Lisbon,European,1.0,3.0,128.0,3537.0,0.36767038068130664,71.93915752520559,97.65516301344215
d4409922,Farm,Lisbon,Unknown,1.0,3.0,24.0,3538.0,0.29417440286011187,71.93915752520559,97.65516301344215
d10594543,Spoon Cafe,Lisbon,Unknown,1.0,2.5,4.0,3539.0,0.18458921972253234,71.93915752520559,97.65516301344215
d1484701,Restaurante Adega do Ribatejo,Lisbon,European,1.0,2.5,269.0,3540.0,0.36325191255254713,71.93915752520559,97.65516301344215
d13352561,Koi Sushi Saldanha,Lisbon,Japanese,1.0,4.5,6.0,3541.0,0.349659436142337,71.93915752520559,97.65516301344215
d2433879,A Tasquinha,Lisbon,Portuguese,1.0,3.0,55.0,3542.0,0.3302955769369624,71.93915752520559,97.65516301344215
d7255677,Boizao,Lisbon,Unknown,1.0,3.0,15.0,3543.0,0.2741855177819095,71.93915752520559,97.65516301344215
d9800261,Laboratorio do Gelado sub 196,Lisbon,Unknown,1.0,3.0,9.0,3544.0,0.2531344883343473,71.93915752520559,97.65516301344215
d2174326,Cafeteria Sao Nicolau,Lisbon,Portuguese,1.0,3.0,631.0,3545.0,0.43884340246557724,71.93915752520559,97.65516301344215
d6897434,Rock in Chiado Cafe,Lisbon,European,1.0,3.0,32.0,3546.0,0.30660906703756735,71.93915752520559,97.65516301344215
d10391420,Honeylicious Cake,Lisbon,Unknown,1.0,5.0,2.0,3547.0,0.3492096454887025,71.93915752520559,97.65516301344215
d8408392,Bitoque and Company,Lisbon,Unknown,1.0,2.5,17.0,3548.0,0.24196078606488414,71.93915752520559,97.65516301344215
d3405255,Taberna da Barroca,Lisbon,European,1.0,3.5,8.0,3549.0,0.2859153739934525,71.93915752520559,97.65516301344215
d7792335,Tutaska Mitaska,Lisbon,European,1.0,4.0,11.0,3550.0,0.33630035047484413,71.93915752520559,97.65516301344215
d6102613,Irish & Co,Lisbon,Bar,1.0,3.0,121.0,3551.0,0.365171205444017,71.93915752520559,97.65516301344215
d4591262,Pateo,Lisbon,European,1.0,3.5,8.0,3552.0,0.28591530257993764,71.93915752520559,97.65516301344215
d5959221,Restaurante O Melhor,Lisbon,Unknown,1.0,3.5,4.0,3553.0,0.2595888856118387,71.93915752520559,97.65516301344215
d7026097,Confeitaria Nova,Lisbon,Unknown,1.0,3.5,4.0,3554.0,0.2595888618475139,71.93915752520559,97.65516301344215
d5959916,Restaurante O Petisqueiro,Lisbon,Unknown,1.0,4.5,3.0,3555.0,0.324594455405388,71.93915752520559,97.65516301344215
d10520643,Prego Gourmet Lda,Lisbon,Unknown,1.0,2.5,19.0,3556.0,0.2466795908391407,71.93915752520559,97.65516301344215
d11660761,Restaurante Clube Tap,Lisbon,Unknown,1.0,3.0,24.0,3557.0,0.2941739498060612,71.93915752520559,97.65516301344215
d7905919,O Reitor,Lisbon,Brazilian,1.0,3.0,2.0,3558.0,0.19920938393331897,71.93915752520559,97.65516301344215
d6898769,Restaurante Garphus,Lisbon,European,1.0,3.0,89.0,3559.0,0.35154568382804,71.93915752520559,97.65516301344215
d3223832,el gordo,Lisbon,Spanish,1.0,2.5,111.0,3560.0,0.3238405368139441,71.93915752520559,97.65516301344215
d8609101,Chez Nino,Lisbon,Unknown,1.0,3.0,12.0,3561.0,0.2648851244083443,71.93915752520559,97.65516301344215
d1908978,Txakoli,Lisbon,Spanish,1.0,3.0,4.0,3562.0,0.22208867221327236,71.93915752520559,97.65516301344215
d5608403,grande mundo,Lisbon,Chinese,1.0,2.5,24.0,3563.0,0.256673807740218,71.93915752520559,97.65516301344215
d5981414,Restaurante Marisqueira Chinesa Lon Xiang,Lisbon,Unknown,1.0,2.5,2.0,3564.0,0.16170924194725445,71.93915752520559,97.65516301344215
d7626250,Taberna de Petiscos,Lisbon,European,1.0,3.0,25.0,3565.0,0.2959304180973321,71.93915752520559,97.65516301344215
d2637276,Grelhador de Alfama,Lisbon,Barbecue,1.0,3.0,222.0,3566.0,0.3921853845589743,71.93915752520559,97.65516301344215
d12243681,TACHO - Petiscaria & Bar,Lisbon,Unknown,1.0,2.5,15.0,3567.0,0.23668494791283357,71.93915752520559,97.65516301344215
d8357769,Restaurante Sabe Bem,Lisbon,Unknown,1.0,3.0,5.0,3568.0,0.23025453579526306,71.93915752520559,97.65516301344215
d10108774,A Grelha do Manel,Lisbon,Unknown,1.0,2.5,2.0,3569.0,0.16170912399021292,71.93915752520559,97.65516301344215
d8441441,Big Bitoque Gourmet,Lisbon,Unknown,1.0,3.0,21.0,3570.0,0.28844811018830857,71.93915752520559,97.65516301344215
d9568114,Patio das Cantigas,Lisbon,Bar,1.0,2.5,17.0,3571.0,0.2419602413208469,71.93915752520559,97.65516301344215
d10072605,Nanda Brigadeiros e Coxinhas Gourmet,Lisbon,Unknown,1.0,4.5,2.0,3572.0,0.31170905337449695,71.93915752520559,97.65516301344215
d4232475,Caminho Da Ronda,Lisbon,Mediterranean,1.0,3.0,129.0,3573.0,0.3680153888015822,71.93915752520559,97.65516301344215
d11965870,Al Paxa,Lisbon,Unknown,1.0,3.0,4.0,3574.0,0.22208838935369166,71.93915752520559,97.65516301344215
d2616609,Papagayo,Lisbon,Unknown,1.0,2.5,5.0,3575.0,0.19275437111738639,71.93915752520559,97.65516301344215
d12910025,Cup & Cino,Lisbon,Unknown,1.0,2.5,2.0,3576.0,0.16170895940451538,71.93915752520559,97.65516301344215
d3539598,A Parreirinha da Centieira,Lisbon,European,1.0,3.0,19.0,3577.0,0.2841790954155156,71.93915752520559,97.65516301344215
d4085473,Tapas Bar 28,Lisbon,Bar,1.0,2.5,229.0,3578.0,0.3560694208827713,71.93915752520559,97.65516301344215
d5959842,Tasca da Armada,Lisbon,Unknown,1.0,3.0,7.0,3579.0,0.2431392776042701,71.93915752520559,97.65516301344215
d5959767,Restaurante o Adriano,Lisbon,Portuguese,1.0,2.5,119.0,3580.0,0.3269301895361412,71.93915752520559,97.65516301344215
d6979814,Kono Pizza Zoo,Lisbon,Pizza,1.0,2.5,13.0,3581.0,0.23070387777947554,71.93915752520559,97.65516301344215
d13211987,Domino's Pizza,Lisbon,Unknown,1.0,2.5,4.0,3582.0,0.18458820183353042,71.93915752520559,97.65516301344215
d12833026,SushiBoy & NoodlesGirl,Lisbon,Japanese,1.0,2.5,4.0,3583.0,0.18458817845238834,71.93915752520559,97.65516301344215
d12174052,Creme de la Creme,Lisbon,Diner,1.0,2.5,4.0,3584.0,0.1845881550842938,71.93915752520559,97.65516301344215
d2081711,Meninos do Rio,Lisbon,Bar,1.0,2.5,75.0,3585.0,0.3064723079086798,71.93915752520559,97.65516301344215
d10846196,Arte Restaurante,Lisbon,Unknown,1.0,2.5,18.0,3586.0,0.2443815080864683,71.93915752520559,97.65516301344215
d2477666,Canas Restaurante,Lisbon,European,1.0,3.0,24.0,3587.0,0.29417324422953584,71.93915752520559,97.65516301344215
d12336932,Armaha Restaurante,Lisbon,Mediterranean,1.0,4.0,14.0,3588.0,0.3462938379230441,71.93915752520559,97.65516301344215
d2297700,Adega Regional da Beira,Lisbon,European,1.0,2.0,14.0,3589.0,0.19629381462002354,71.93915752520559,97.65516301344215
d10074581,Pastelaria Basilica,Lisbon,Unknown,1.0,2.5,2.0,3590.0,0.1617086321586354,71.93915752520559,97.65516301344215
d10271717,Cafe 1890,Lisbon,Portuguese,1.0,2.5,49.0,3591.0,0.28771853928348595,71.93915752520559,97.65516301344215
d1569250,Restaurante Cervejaria Ruca,Lisbon,Portuguese,1.0,2.5,323.0,3592.0,0.37141669064025584,71.93915752520559,97.65516301344215
d6104281,Restaurante Ogaya,Lisbon,Unknown,1.0,3.0,5.0,3593.0,0.2302539506063947,71.93915752520559,97.65516301344215
d12994019,Restaurante sao Rafael,Lisbon,European,1.0,2.5,7.0,3594.0,0.20563892766748434,71.93915752520559,97.65516301344215
d3911811,Restaurante O Galera,Lisbon,European,1.0,2.5,4.0,3595.0,0.18458789889327548,71.93915752520559,97.65516301344215
d8440604,Utopia & Sabores,Lisbon,Unknown,1.0,5.0,3.0,3596.0,0.3620934929897323,71.93915752520559,97.65516301344215
d6690580,Restaurante Snack Bar Farol,Lisbon,European,1.0,2.5,79.0,3597.0,0.3087694054417952,71.93915752520559,97.65516301344215
d5454330,A Nossa Churrasqueira Cova Funda,Lisbon,Portuguese,1.0,2.5,57.0,3598.0,0.29436596442031865,71.93915752520559,97.65516301344215
d2484404,Restaurante Marisqueira Popular,Lisbon,Seafood,1.0,2.5,210.0,3599.0,0.35220716890348686,71.93915752520559,97.65516301344215
d2375213,Cammino di Santiago,Lisbon,European,1.0,2.0,12.0,3601.0,0.18988418834981088,71.93915752520559,97.65516301344215
d5959077,O Seculo,Lisbon,Unknown,1.0,2.0,9.0,3602.0,0.17813312491741767,71.93915752520559,97.65516301344215
d5977660,Os Raposos,Lisbon,Unknown,1.0,3.0,3.0,3603.0,0.21209333086390497,71.93915752520559,97.65516301344215
d8461904,1a Direito,Lisbon,Unknown,1.0,3.0,7.0,3604.0,0.2431386959945735,71.93915752520559,97.65516301344215
d7132962,Farggi,Lisbon,European,1.0,3.0,31.0,3605.0,0.3052294493781524,71.93915752520559,97.65516301344215
d3844219,Restaurante Agra,Lisbon,Indian,1.0,3.0,2.0,3606.0,0.19920826127478575,71.93915752520559,97.65516301344215
d12864149,Crave,Lisbon,Fast Food,1.0,4.5,2.0,3607.0,0.31170823820379495,71.93915752520559,97.65516301344215
d12419948,Restaurant Ti Rosa,Lisbon,Unknown,1.0,2.5,2.0,3608.0,0.16170821514559294,71.93915752520559,97.65516301344215
d7649083,Fabrica do Pao,Lisbon,Unknown,1.0,2.5,17.0,3609.0,0.2419593565211303,71.93915752520559,97.65516301344215
d9746545,Pao Com Manteiga,Lisbon,Unknown,1.0,3.0,3.0,3610.0,0.21209316936682046,71.93915752520559,97.65516301344215
d11910214,OITOnove,Lisbon,European,1.0,3.0,2.0,3611.0,0.19920814604761355,71.93915752520559,97.65516301344215
d1104924,S. Miguel D'Alfama,Lisbon,European,1.0,2.5,335.0,3612.0,0.3730450994838237,71.93915752520559,97.65516301344215
d6027834,Sorraia,Lisbon,Unknown,1.0,2.5,3.0,3613.0,0.17459310034535092,71.93915752520559,97.65516301344215
d12538047,Pastelaria Eva,Lisbon,Unknown,1.0,2.5,2.0,3614.0,0.16170807706435125,71.93915752520559,97.65516301344215
d12970687,Restaurante Vai La Vai,Lisbon,European,1.0,5.0,4.0,3615.0,0.37208743708585207,71.93915752520559,97.65516301344215
d3365429,Estrela do Sul,Lisbon,Mediterranean,1.0,2.5,46.0,3616.0,0.28494662237263463,71.93915752520559,97.65516301344215
d4990718,Cosi Presto,Lisbon,Italian,1.0,4.0,2.0,3617.0,0.2742080081955207,71.93915752520559,97.65516301344215
d12371049,The Pint Station,Lisbon,Brazilian,1.0,5.0,0.0,3618.0,0.30000220908375236,71.93915752520559,97.65516301344215
d10200968,Tasca do Tejo,Lisbon,European,1.0,2.5,34.0,3619.0,0.27174276881988263,71.93915752520559,97.65516301344215
d2415839,Comidas de Santiago,Lisbon,Mediterranean,1.0,2.5,272.0,3620.0,0.36374495063258017,71.93915752520559,97.65516301344215
d10179184,Sao Miguel Grandes Cantorias,Lisbon,European,1.0,2.5,121.0,3621.0,0.3276695718017798,71.93915752520559,97.65516301344215
d10264736,Lx kebab House,Lisbon,Fast Food,1.0,4.0,10.0,3622.0,0.33240151517742184,71.93915752520559,97.65516301344215
d8549692,Contador-Mor Restaurante-Esplanada,Lisbon,European,1.0,2.5,110.0,3623.0,0.32343737305460996,71.93915752520559,97.65516301344215
d4605663,Restaurante O Sr. Bife,Lisbon,European,1.0,2.0,95.0,3624.0,0.2794347891454467,71.93915752520559,97.65516301344215
d5959124,Restaurante Beiradouro,Lisbon,Unknown,1.0,3.0,4.0,3625.0,0.22208720809306756,71.93915752520559,97.65516301344215
d2079636,Ja Disse,Lisbon,European,1.0,2.0,406.0,3626.0,0.3441309260371363,71.93915752520559,97.65516301344215
d5977345,Viuva,Lisbon,Unknown,1.0,2.0,9.0,3627.0,0.1781325506861257,71.93915752520559,97.65516301344215
d3165712,Casa Madeira,Lisbon,European,1.0,2.0,151.0,3628.0,0.30001670406092673,71.93915752520559,97.65516301344215
d10439135,Cafe Nepalaya,Lisbon,European,1.0,3.0,2.0,3629.0,0.1992077338588401,71.93915752520559,97.65516301344215
d2348997,Nossa Taska,Lisbon,European,1.0,3.5,5.0,3630.0,0.2677530993194124,71.93915752520559,97.65516301344215
d7352851,Fernandes & Ramalhete Lda,Lisbon,Unknown,1.0,2.5,4.0,3631.0,0.1845870713028309,71.93915752520559,97.65516301344215
d13205929,Gambuza,Lisbon,Seafood,1.0,3.5,19.0,3632.0,0.3216778250285769,71.93915752520559,97.65516301344215
d12439450,Subway,Lisbon,Unknown,1.0,3.5,4.0,3633.0,0.25958702580649107,71.93915752520559,97.65516301344215
d4760643,Restaurante Tolan,Lisbon,European,1.0,2.5,59.0,3634.0,0.29588355573815134,71.93915752520559,97.65516301344215
d1753677,Solar do Loreto,Lisbon,Unknown,1.0,2.5,34.0,3635.0,0.2717424038432207,71.93915752520559,97.65516301344215
d3648655,Stephens Cru Bar,Lisbon,Unknown,1.0,5.0,0.0,3636.0,0.30000179848447706,71.93915752520559,97.65516301344215
d6698354,Sushicake Lisboa,Lisbon,Sushi,1.0,2.0,39.0,3637.0,0.24022309968419175,71.93915752520559,97.65516301344215
d4598950,Restaurante Fermentacao,Lisbon,Portuguese,1.0,2.0,104.0,3638.0,0.28344811194837044,71.93915752520559,97.65516301344215
d7649061,Espaco Tejo,Lisbon,Unknown,1.0,2.5,3.0,3639.0,0.1745925069263592,71.93915752520559,97.65516301344215
d8789050,Cafetaria Village Underground Lisboa,Lisbon,European,1.0,3.5,3.0,3640.0,0.2495924842718493,71.93915752520559,97.65516301344215
d1907346,Restaurante O Palheirinho,Lisbon,European,1.0,3.0,11.0,3641.0,0.2612982378106551,71.93915752520559,97.65516301344215
d6850403,Especialides do Recolhimento,Lisbon,European,1.0,2.0,30.0,3642.0,0.22880661039355238,71.93915752520559,97.65516301344215
d4736564,Adega Dos Fadistas,Lisbon,European,1.0,2.0,182.0,3643.0,0.3083294592782708,71.93915752520559,97.65516301344215
d10470731,Sabor di Terra,Lisbon,African,1.0,2.0,2.0,3644.0,0.12420739347884079,71.93915752520559,97.65516301344215
d10527916,Choco Imperial,Lisbon,European,1.0,2.0,0.0,3645.0,0.07500159470557748,71.93915752520559,97.65516301344215
d13207312,Restaurante Fiesta,Lisbon,Unknown,1.0,2.0,0.0,3646.0,0.07500157212557873,71.93915752520559,97.65516301344215
d13510489,RIBS,Lisbon,Unknown,1.0,2.0,0.0,3647.0,0.07500154955796276,71.93915752520559,97.65516301344215
d12296230,Restaurante Cafetaria O Zezere,Lisbon,Unknown,1.0,2.0,0.0,3648.0,0.07500152700271939,71.93915752520559,97.65516301344215
d3782017,Bluebell,Lisbon,Unknown,1.0,2.0,0.0,3649.0,0.07500150445983844,71.93915752520559,97.65516301344215
d11544046,City Lounge,Lisbon,Unknown,1.0,2.0,0.0,3650.0,0.07500148192930976,71.93915752520559,97.65516301344215
d2335485,Be You,Lisbon,International,1.0,2.0,3.0,3651.0,0.1370922358913024,71.93915752520559,97.65516301344215
d8488097,Royal Fado Restaurante,Lisbon,European,1.0,2.0,120.0,3652.0,0.28980023228654156,71.93915752520559,97.65516301344215
d9726360,Iogu,Lisbon,Unknown,1.0,2.0,3.0,3653.0,0.13709219089191504,71.93915752520559,97.65516301344215
d3874973,"Fragil Mar, Lda",Lisbon,Seafood,1.0,2.0,35.0,3654.0,0.23550372077243717,71.93915752520559,97.65516301344215
d8592590,Bella Pasta,Lisbon,Italian,1.0,2.0,39.0,3655.0,0.24022269335321397,71.93915752520559,97.65516301344215
d9453473,Republica Portuguesa Bar E Bistro,Lisbon,European,1.0,2.0,23.0,3656.0,0.21734328790610796,71.93915752520559,97.65516301344215
d1096951,Tapas 28,Lisbon,Mediterranean,1.0,2.0,292.0,3657.0,0.32941073263929527,71.93915752520559,97.65516301344215
d2235733,Restaurante Vossa Merce,Lisbon,Unknown,1.0,3.0,5.0,3658.0,0.2302524665495073,71.93915752520559,97.65516301344215
d6542069,To Do Marisco,Lisbon,Seafood,1.0,2.5,32.0,3659.0,0.2691064535802405,71.93915752520559,97.65516301344215
d10027391,Caffe Wine Bar,Lisbon,Unknown,1.0,2.0,2.0,3660.0,0.12420703348204154,71.93915752520559,97.65516301344215
d13207326,Restaurante do Cantinho,Lisbon,Unknown,1.0,2.0,4.0,3661.0,0.14708639407719848,71.93915752520559,97.65516301344215
d739843,Jardim do Marisco,Lisbon,Seafood,1.0,1.5,19.0,3662.0,0.17167714817428764,71.93915752520559,97.65516301344215
d1093837,Lisboa Solar,Lisbon,Unknown,1.0,2.5,7.0,3663.0,0.2056373548721586,71.93915752520559,97.65516301344215
d5977688,Pastelaria Docesil,Lisbon,Unknown,1.0,2.5,3.0,3664.0,0.17459194427341132,71.93915752520559,97.65516301344215
d2617069,Sushi Rio,Lisbon,Sushi,1.0,2.0,7.0,3665.0,0.16813731016704442,71.93915752520559,97.65516301344215
d9774341,Churrasqueira Frango na Brasa,Lisbon,Unknown,1.0,2.5,2.0,3666.0,0.1617068992933819,71.93915752520559,97.65516301344215
d3341945,barca dos corvos,Lisbon,European,1.0,2.0,9.0,3667.0,0.17813164820186558,71.93915752520559,97.65516301344215
d9566024,Origin,Lisbon,Japanese,1.0,4.5,2.0,3668.0,0.311706854661385,71.93915752520559,97.65516301344215
d11729268,Restaurante Helsinquia,Lisbon,European,1.0,4.0,2.0,3669.0,0.2742068323636334,71.93915752520559,97.65516301344215
d8461913,Dos Bons Amigos,Lisbon,Unknown,1.0,2.0,9.0,3670.0,0.17813158130860104,71.93915752520559,97.65516301344215
d3163818,Restaurante Maria da Fonte,Lisbon,Portuguese,1.0,2.0,139.0,3671.0,0.2963323707582367,71.93915752520559,97.65516301344215
d12323129,Real Sociedade,Lisbon,European,1.0,2.0,36.0,3672.0,0.2367304916169679,71.93915752520559,97.65516301344215
d2154175,Le Xope Xope,Lisbon,European,1.0,2.0,14.0,3673.0,0.19629190246539147,71.93915752520559,97.65516301344215
d8381040,Buzina,Lisbon,Unknown,1.0,2.5,9.0,3674.0,0.21563149228751557,71.93915752520559,97.65516301344215
d7606328,O Peralta,Lisbon,Seafood,1.0,1.5,13.0,3675.0,0.1557017343741785,71.93915752520559,97.65516301344215
d12786492,Restaurante Obrigado Lisboa,Lisbon,Portuguese,1.0,2.0,37.0,3676.0,0.2379248475488881,71.93915752520559,97.65516301344215
d13203716,Bergana & Jorge,Lisbon,European,1.0,2.0,4.0,3677.0,0.14708603740871565,71.93915752520559,97.65516301344215
d13007928,Tiagu’s,Lisbon,European,1.0,1.5,12.0,3678.0,0.152382443757358,71.93915752520559,97.65516301344215
d13003239,Tapas do Atlantico,Lisbon,Steakhouse,1.0,4.5,3.0,3679.0,0.32459161035211576,71.93915752520559,97.65516301344215
d13125675,Subway,Lisbon,Unknown,1.0,4.0,0.0,3680.0,0.22500081170730563,71.93915752520559,97.65516301344215
d5786898,Retiro da Aida,Lisbon,Unknown,1.0,1.5,2.0,3681.0,0.08670656573558903,71.93915752520559,97.65516301344215
d1390804,Taverna del Rey,Lisbon,European,1.0,1.5,544.0,3682.0,0.31970683662870025,71.93915752520559,97.65516301344215
d697257,Restaurant Nilo,Lisbon,European,1.0,1.5,79.0,3683.0,0.23376745741733812,71.93915752520559,97.65516301344215
d12227911,Tamusyo Bhansa Ghar,Lisbon,Indian,1.0,5.0,0.0,3684.0,0.30000072316911114,71.93915752520559,97.65516301344215
d1315969,Touristenrestaurants in Baixa,Lisbon,German,1.0,2.0,12.0,3685.0,0.1898822887733337,71.93915752520559,97.65516301344215
d5959885,Restaurante Altoceira,Lisbon,German,1.0,2.5,2.0,3686.0,0.1617064551529458,71.93915752520559,97.65516301344215
d8700206,Burger Hight,Lisbon,Indian,1.0,1.5,4.0,3687.0,0.10958581606288645,71.93915752520559,97.65516301344215
d8037584,Restaurante Santo Antao,Lisbon,Mediterranean,1.0,1.5,170.0,3688.0,0.2677907460553311,71.93915752520559,97.65516301344215
d2180510,Air Tasty,Lisbon,International,1.0,1.5,9.0,3689.0,0.14063116017781402,71.93915752520559,97.65516301344215
d10047540,Esplanada Do Cantinho,Lisbon,Portuguese,1.0,1.5,121.0,3690.0,0.2526680221564554,71.93915752520559,97.65516301344215
d4926993,Rua de San Tome 48,Lisbon,Portuguese,1.0,1.5,102.0,3691.0,0.24508557352299862,71.93915752520559,97.65516301344215
d12714847,Made in Correeiros,Lisbon,European,1.0,1.0,597.0,3692.0,0.28636325977098487,71.93915752520559,97.65516301344215
d10639072,The Bistro.chic,Lisbon,Unknown,1.0,4.0,0.0,3693.0,0.22500052465943043,71.93915752520559,97.65516301344215
d7355759,Baroes Do Cafe,Lisbon,Unknown,1.0,1.5,3.0,3694.0,0.0995912791426878,71.93915752520559,97.65516301344215
d12285117,Antao Santos e Martins,Lisbon,European,4.0,1.0,25.0,3695.0,0.14592745662632062,71.93915752520559,97.65516301344215
d10541381,Restaurante Arte Da Baixa,Lisbon,European,1.0,1.0,0.0,3696.0,4.5870437420492235e-07,71.93915752520559,97.65516301344215
d5988479,Saboreia Cha e Cafe Telheiras,Lisbon,Unknown,1.0,1.0,2.0,3697.0,0.04920621292401392,71.93915752520559,97.65516301344215
d2643443,Sabores de Culto,Lisbon,European,1.0,1.0,0.0,3698.0,4.1479378781537466e-07,71.93915752520559,97.65516301344215
d10624889,Consulado Restaurante & Bar,Lisbon,European,1.0,1.0,0.0,3699.0,3.9285630102220954e-07,71.93915752520559,97.65516301344215
d10538213,Sabores da Terra,Lisbon,Unknown,1.0,1.0,0.0,3700.0,3.709306723300365e-07,71.93915752520559,97.65516301344215
d12748770,Cinque Terre Lounge,Lisbon,Italian,1.0,1.0,0.0,3701.0,3.4901689212673634e-07,71.93915752520559,97.65516301344215
d8758873,Lisboa City,Lisbon,European,1.0,1.0,2.0,3704.0,0.04920605952741807,71.93915752520559,97.65516301344215
d5981269,Piteu Do Sr. Roubado,Lisbon,Unknown,1.0,1.0,0.0,3706.0,2.3962538274709726e-07,71.93915752520559,97.65516301344215
d12076125,Wei Zhong Wei,Lisbon,Chinese,1.0,1.0,0.0,3707.0,2.1778249220411744e-07,71.93915752520559,97.65516301344215
d11918575,Sumo,Lisbon,Unknown,1.0,1.0,0.0,3708.0,1.9595138315548864e-07,71.93915752520559,97.65516301344215
d3608514,Intervalo. Casa Das Comidas,Lisbon,Mediterranean,1.0,1.0,2.0,3711.0,0.049205906709521324,71.93915752520559,97.65516301344215
d12874510,Nova Peixaria,Lisbon,European,1.0,1.0,0.0,3712.0,1.0874457147099164e-07,71.93915752520559,97.65516301344215
d3964032,Ouro Verde LoungeBar,Lisbon,European,1.0,1.0,0.0,3715.0,4.3462702481868e-08,71.93915752520559,97.65516301344215
d10205607,Crido Bar,Lisbon,Unknown,1.0,1.0,0.0,3716.0,2.1725503191610558e-08,71.93915752520559,97.65516301344215
d13163518,Li28oa - Wine and Tapas,Lisbon,European,1.0,1.0,2.0,3717.0,0.04920577618087159,71.93915752520559,97.65516301344215
d13553378,Bar da Estefania,Lisbon,Unknown,1.0,4.0,0.0,3717.0,0.22499999999999998,71.93915752520559,97.65516301344215
d13543521,Pitaria,Lisbon,Unknown,1.0,4.0,0.0,3717.0,0.22499999999999998,71.93915752520559,97.65516301344215
d13537078,Cruzzeria Lisboa,Lisbon,Unknown,1.0,5.0,2.0,3717.0,0.34920577618087156,71.93915752520559,97.65516301344215
d13531404,Brunch Cafe II,Lisbon,American,1.0,5.0,2.0,3717.0,0.34920577618087156,71.93915752520559,97.65516301344215
d13402184,Junqueira Ponto Come,Lisbon,European,1.0,5.0,0.0,3717.0,0.3,71.93915752520559,97.65516301344215
d8708335,On The Move Street Food,Lisbon,European,1.0,5.0,0.0,3702.0,0.3000003271149508,71.93915752520559,97.65516301344215
d12205751,Gelataria Ice Pleasures,Lisbon,Unknown,1.0,4.0,0.0,3703.0,0.22500030522483877,71.93915752520559,97.65516301344215
d8861586,Papas Bolos,Lisbon,Unknown,1.0,4.0,0.0,3705.0,0.2250002614800643,71.93915752520559,97.65516301344215
d5977420,Espaco Dom Luis,Lisbon,Unknown,1.0,4.0,0.0,3709.0,0.22500017413204604,71.93915752520559,97.65516301344215
d10501609,CharmBar,Lisbon,American,1.0,4.0,0.0,3710.0,0.2250001523244714,71.93915752520559,97.65516301344215
d11707618,Restaurante Timor,Lisbon,European,1.0,4.0,0.0,3713.0,0.22500008697222715,71.93915752520559,97.65516301344215
d12450675,Sabella cafe,Lisbon,French,1.0,4.0,0.0,3714.0,0.2250000652116073,71.93915752520559,97.65516301344215
d4809010,Rua jose farinha,Lisbon,Middle Eastern,1.0,4.0,0.0,3717.0,0.22499999999999998,71.93915752520559,97.65516301344215
d4294408,1400 Restelo,Lisbon,Unknown,1.0,4.0,0.0,3717.0,0.22499999999999998,71.93915752520559,97.65516301344215
d12342606,O Barriguinhas,Lisbon,Portuguese,1.0,4.0,0.0,3717.0,0.22499999999999998,71.93915752520559,97.65516301344215
d10517409,Mezinhas de Alfama,Lisbon,European,1.0,4.0,0.0,3717.0,0.22499999999999998,71.93915752520559,97.65516301344215
d10003850,Terra Vermelha,Lisbon,Unknown,1.0,4.0,0.0,3717.0,0.22499999999999998,71.93915752520559,97.65516301344215
d10366262,Haagen Dazs,Lisbon,Unknown,1.0,4.0,0.0,3717.0,0.22499999999999998,71.93915752520559,97.65516301344215
d10748754,Happygrillchurrasqueiras,Lisbon,Barbecue,1.0,4.0,0.0,3717.0,0.22499999999999998,71.93915752520559,97.65516301344215
d13133940,Tapas na Pedra nutt's away,Lisbon,Cafe,1.0,4.0,0.0,3717.0,0.22499999999999998,71.93915752520559,97.65516301344215
d12446375,Sabor da Terra,Lisbon,Brazilian,1.0,4.0,0.0,3717.0,0.22499999999999998,71.93915752520559,97.65516301344215
d5786963,Hernani & Filhos,Lisbon,Unknown,1.0,4.0,0.0,3717.0,0.22499999999999998,71.93915752520559,97.65516301344215
d10670753,Accua Di Fusion,Lisbon,Unknown,1.0,4.0,0.0,3717.0,0.22499999999999998,71.93915752520559,97.65516301344215
d5964497,3S Gourmet,Lisbon,Unknown,1.0,4.0,0.0,3717.0,0.22499999999999998,71.93915752520559,97.65516301344215
d13550927,Verde Mar,Lisbon,Seafood,1.0,4.0,0.0,3717.0,0.22499999999999998,71.93915752520559,97.65516301344215
d13550836,Quiosque Licor Beirao,Lisbon,European,1.0,4.0,0.0,3717.0,0.22499999999999998,71.93915752520559,97.65516301344215
d13010698,McDonald's,Lisbon,American,1.0,4.0,0.0,3717.0,0.22499999999999998,71.93915752520559,97.65516301344215
d13164802,Bebe do Buda,Lisbon,Steakhouse,1.0,4.0,0.0,3717.0,0.22499999999999998,71.93915752520559,97.65516301344215
d12858833,Gelateria De Alfama,Lisbon,Italian,1.0,4.0,0.0,3717.0,0.22499999999999998,71.93915752520559,97.65516301344215
d5989442,Citania de Ourique,Lisbon,Unknown,1.0,4.0,0.0,3717.0,0.22499999999999998,71.93915752520559,97.65516301344215
d13087325,Restaurante O Sonho,Lisbon,European,1.0,4.0,0.0,3717.0,0.22499999999999998,71.93915752520559,97.65516301344215
d5989431,Aniquila,Lisbon,Unknown,1.0,4.0,0.0,3717.0,0.22499999999999998,71.93915752520559,97.65516301344215
d12007140,"Teixeira e Miranda, Lda.",Lisbon,Brazilian,1.0,4.0,0.0,3717.0,0.22499999999999998,71.93915752520559,97.65516301344215
d13472995,Grao da Vida,Lisbon,Mediterranean,1.0,4.0,0.0,3717.0,0.22499999999999998,71.93915752520559,97.65516301344215
d697288,Casa Gialla,Lisbon,Italian,1.0,4.0,0.0,3717.0,0.22499999999999998,71.93915752520559,97.65516301344215
d5963245,Restaurante Sandoskas,Lisbon,Italian,1.0,4.0,0.0,3717.0,0.22499999999999998,71.93915752520559,97.65516301344215
d5963024,Pastelaria Chafariz,Lisbon,Unknown,1.0,4.0,0.0,3717.0,0.22499999999999998,71.93915752520559,97.65516301344215
d6425899,Prontinho,Lisbon,European,1.0,4.0,0.0,3717.0,0.22499999999999998,71.93915752520559,97.65516301344215
d11491920,Malo Caffee,Lisbon,European,1.0,4.0,0.0,3717.0,0.22499999999999998,71.93915752520559,97.65516301344215
d5525574,restaurant Sala,Lisbon,Unknown,1.0,4.0,0.0,3717.0,0.22499999999999998,71.93915752520559,97.65516301344215
d13163516,TOPO,Lisbon,European,1.0,4.0,0.0,3717.0,0.22499999999999998,71.93915752520559,97.65516301344215
d13373143,TOO Natural Healthy Food - 1 Fight,Lisbon,Healthy,1.0,4.0,0.0,3717.0,0.22499999999999998,71.93915752520559,97.65516301344215
d13111795,Bodza Nova,Lisbon,Healthy,1.0,4.0,0.0,3717.0,0.22499999999999998,71.93915752520559,97.65516301344215
d12860462,Doce Papoila,Lisbon,European,1.0,4.0,0.0,3717.0,0.22499999999999998,71.93915752520559,97.65516301344215
d10771301,Geladaria Surf,Lisbon,Unknown,1.0,4.0,0.0,3717.0,0.22499999999999998,71.93915752520559,97.65516301344215
d13355705,...tem Dente!,Lisbon,European,1.0,4.0,0.0,3717.0,0.22499999999999998,71.93915752520559,97.65516301344215
d3570398,Arcos de Belem,Lisbon,Mediterranean,1.0,4.0,0.0,3717.0,0.22499999999999998,71.93915752520559,97.65516301344215
d13477900,Caffe-Bar Garibaldi,Lisbon,Italian,1.0,4.0,0.0,3717.0,0.22499999999999998,71.93915752520559,97.65516301344215
d12879860,Softaria,Lisbon,Contemporary,1.0,4.0,0.0,3717.0,0.22499999999999998,71.93915752520559,97.65516301344215
d10385287,Spoton,Lisbon,Cafe,1.0,4.0,0.0,3717.0,0.22499999999999998,71.93915752520559,97.65516301344215
d11619591,Meueu Bar,Lisbon,American,1.0,4.0,0.0,3717.0,0.22499999999999998,71.93915752520559,97.65516301344215
d10128000,Bambu Coffee & Tea,Lisbon,Portuguese,1.0,4.0,0.0,3717.0,0.22499999999999998,71.93915752520559,97.65516301344215
d10745151,Shahjalal Restaurante,Lisbon,Unknown,1.0,4.0,0.0,3717.0,0.22499999999999998,71.93915752520559,97.65516301344215
d12931019,Multifood,Lisbon,International,4.0,4.0,0.0,3717.0,0.22499999999999998,71.93915752520559,97.65516301344215
d9176027,Snack-Bar A Gale Dos Manos Lda,Lisbon,Unknown,1.0,4.0,0.0,3717.0,0.22499999999999998,71.93915752520559,97.65516301344215
d12692554,Restaurante Escadinhas,Lisbon,European,1.0,4.0,0.0,3717.0,0.22499999999999998,71.93915752520559,97.65516301344215
d11824287,Open House Opa Maria,Lisbon,European,1.0,4.0,0.0,3717.0,0.22499999999999998,71.93915752520559,97.65516301344215
d8789657,Un Toque De Mexicano,Lisbon,Mexican,1.0,4.0,0.0,3717.0,0.22499999999999998,71.93915752520559,97.65516301344215
d8352447,Flagrantmagia,Lisbon,European,1.0,4.0,0.0,3717.0,0.22499999999999998,71.93915752520559,97.65516301344215
d5981392,Restaurante Abrigo Dos Fieis,Lisbon,Unknown,1.0,4.0,0.0,3717.0,0.22499999999999998,71.93915752520559,97.65516301344215
d13289904,Tapibistro,Lisbon,Unknown,1.0,4.0,0.0,3717.0,0.22499999999999998,71.93915752520559,97.65516301344215
d8326488,Restaurante SiHai,Lisbon,Chinese,1.0,4.0,0.0,3717.0,0.22499999999999998,71.93915752520559,97.65516301344215
d13341278,Taranna - Espai Barcelona,Lisbon,Mediterranean,1.0,4.0,0.0,3717.0,0.22499999999999998,71.93915752520559,97.65516301344215
d13289836,Bom Garfo - Bairro Alto,Lisbon,Unknown,1.0,4.0,0.0,3717.0,0.22499999999999998,71.93915752520559,97.65516301344215
d13289772,Real Nepal II,Lisbon,Unknown,1.0,4.0,0.0,3717.0,0.22499999999999998,71.93915752520559,97.65516301344215
d2617087,TAKA Praia,Lisbon,Unknown,1.0,4.0,0.0,3717.0,0.22499999999999998,71.93915752520559,97.65516301344215
d12800978,Gourmet Cafeteria,Lisbon,Unknown,1.0,4.0,0.0,3717.0,0.22499999999999998,71.93915752520559,97.65516301344215
d13341033,Cozinharmonia,Lisbon,Healthy,1.0,4.0,0.0,3717.0,0.22499999999999998,71.93915752520559,97.65516301344215
d13554328,A Tabua,Lisbon,French,1.0,4.0,0.0,3717.0,0.22499999999999998,71.93915752520559,97.65516301344215
d12440871,Tasca Doce Mastro,Lisbon,Unknown,1.0,4.0,0.0,3717.0,0.22499999999999998,71.93915752520559,97.65516301344215
d5959968,Goaki - Restauracao Indo - Portuguesa Lda,Lisbon,Unknown,1.0,4.0,0.0,3717.0,0.22499999999999998,71.93915752520559,97.65516301344215
d12440589,Burgers & More,Lisbon,Fast Food,1.0,4.0,0.0,3717.0,0.22499999999999998,71.93915752520559,97.65516301344215
d5959838,O Clube do Sushi,Lisbon,Sushi,1.0,4.0,0.0,3717.0,0.22499999999999998,71.93915752520559,97.65516301344215
d5959835,Estrela de Alcantara,Lisbon,Unknown,1.0,4.0,0.0,3717.0,0.22499999999999998,71.93915752520559,97.65516301344215
d919244,Casa de pasto de rua dos inglesinhos,Lisbon,European,1.0,4.0,0.0,3717.0,0.22499999999999998,71.93915752520559,97.65516301344215
d13417691,Acai Natura,Lisbon,Brazilian,1.0,4.0,0.0,3717.0,0.22499999999999998,71.93915752520559,97.65516301344215
d4133798,Heidi Bar,Lisbon,Swiss,1.0,4.0,0.0,3717.0,0.22499999999999998,71.93915752520559,97.65516301344215
d12645992,Ponto de Encontro,Lisbon,American,1.0,4.0,0.0,3717.0,0.22499999999999998,71.93915752520559,97.65516301344215
d13340298,Aromas da Graca,Lisbon,European,1.0,4.0,0.0,3717.0,0.22499999999999998,71.93915752520559,97.65516301344215
d13185921,Restaurante o Luis,Lisbon,European,1.0,4.0,0.0,3717.0,0.22499999999999998,71.93915752520559,97.65516301344215
d5959125,Cafe Ideal,Lisbon,Unknown,1.0,4.0,0.0,3717.0,0.22499999999999998,71.93915752520559,97.65516301344215
d2615899,OPAQ,Lisbon,Greek,1.0,4.0,0.0,3717.0,0.22499999999999998,71.93915752520559,97.65516301344215
d5959066,Izzi,Lisbon,Unknown,1.0,4.0,0.0,3717.0,0.22499999999999998,71.93915752520559,97.65516301344215
d5958992,Palheiro das Eiras,Lisbon,Unknown,1.0,4.0,0.0,3717.0,0.22499999999999998,71.93915752520559,97.65516301344215
d4570271,cafetariarte sta Apolonia no,Lisbon,Unknown,1.0,4.0,0.0,3717.0,0.22499999999999998,71.93915752520559,97.65516301344215
d5958937,CaveirasBar,Lisbon,Unknown,1.0,4.0,0.0,3717.0,0.22499999999999998,71.93915752520559,97.65516301344215
d5958927,Restaurante Relo Portas Verdes,Lisbon,Unknown,1.0,4.0,0.0,3717.0,0.22499999999999998,71.93915752520559,97.65516301344215
d2615699,Il Tartufo,Lisbon,Unknown,1.0,4.0,0.0,3717.0,0.22499999999999998,71.93915752520559,97.65516301344215
d5958878,Restaurante Fundacao,Lisbon,Unknown,1.0,4.0,0.0,3717.0,0.22499999999999998,71.93915752520559,97.65516301344215
d5958870,Cafe-Sport-Bifanas,Lisbon,Unknown,1.0,4.0,0.0,3717.0,0.22499999999999998,71.93915752520559,97.65516301344215
d1586979,Restaurant Nino,Lisbon,European,1.0,4.0,0.0,3717.0,0.22499999999999998,71.93915752520559,97.65516301344215
d10639021,Tapas Lisboa Wine & Gin,Lisbon,Unknown,1.0,4.0,0.0,3717.0,0.22499999999999998,71.93915752520559,97.65516301344215
d13544724,Poke House,Lisbon,Unknown,1.0,4.0,0.0,3717.0,0.22499999999999998,71.93915752520559,97.65516301344215
d8118155,O Mal Amanhado,Lisbon,Unknown,1.0,4.0,0.0,3717.0,0.22499999999999998,71.93915752520559,97.65516301344215
d12644342,Mirita,Lisbon,Unknown,1.0,4.0,0.0,3717.0,0.22499999999999998,71.93915752520559,97.65516301344215
d4723503,Amores,Lisbon,Italian,1.0,4.0,0.0,3717.0,0.22499999999999998,71.93915752520559,97.65516301344215
d12874152,Hua Xia,Lisbon,Chinese,1.0,4.0,0.0,3717.0,0.22499999999999998,71.93915752520559,97.65516301344215
d13508228,Asian Foods House,Lisbon,Central Asian,1.0,4.0,0.0,3717.0,0.22499999999999998,71.93915752520559,97.65516301344215
d13276844,Andre of Tasting Lisbon,Lisbon,European,1.0,4.0,0.0,3717.0,0.22499999999999998,71.93915752520559,97.65516301344215
d12180791,Magazin Romanesc,Lisbon,Unknown,1.0,4.0,0.0,3717.0,0.22499999999999998,71.93915752520559,97.65516301344215
d12875076,O Jardim,Lisbon,Mediterranean,1.0,4.0,0.0,3717.0,0.22499999999999998,71.93915752520559,97.65516301344215
d11640645,"""O Prove""",Lisbon,European,4.0,4.0,0.0,3717.0,0.22499999999999998,71.93915752520559,97.65516301344215
d12309196,Sujan Regmi,Lisbon,Pizza,1.0,4.0,0.0,3717.0,0.22499999999999998,71.93915752520559,97.65516301344215
d5982804,Danca Cafe,Lisbon,Unknown,1.0,4.0,0.0,3717.0,0.22499999999999998,71.93915752520559,97.65516301344215
d11914432,Pau Li,Lisbon,Unknown,1.0,4.0,0.0,3717.0,0.22499999999999998,71.93915752520559,97.65516301344215
d10860280,FaceBar,Lisbon,Mediterranean,1.0,4.0,0.0,3717.0,0.22499999999999998,71.93915752520559,97.65516301344215
d12951925,Republica Da Cerveja,Lisbon,European,1.0,4.0,0.0,3717.0,0.22499999999999998,71.93915752520559,97.65516301344215
d5956897,Os Dois Amigos,Lisbon,African,1.0,4.0,0.0,3717.0,0.22499999999999998,71.93915752520559,97.65516301344215
d13286216,SAPORE Cafeteria,Lisbon,Cafe,1.0,4.0,0.0,3717.0,0.22499999999999998,71.93915752520559,97.65516301344215
d11897292,Ottomans' Bite,Lisbon,Turkish,1.0,4.0,0.0,3717.0,0.22499999999999998,71.93915752520559,97.65516301344215
d12617316,Alcantara kebab house,Lisbon,Turkish,1.0,4.0,0.0,3717.0,0.22499999999999998,71.93915752520559,97.65516301344215
d12874452,Os Dois Irmaos,Lisbon,European,1.0,4.0,0.0,3717.0,0.22499999999999998,71.93915752520559,97.65516301344215
d12917832,Inspira,Lisbon,Moroccan,1.0,4.0,0.0,3717.0,0.22499999999999998,71.93915752520559,97.65516301344215
d9582232,Rota Dos Queijos,Lisbon,Unknown,1.0,4.0,0.0,3717.0,0.22499999999999998,71.93915752520559,97.65516301344215
d5981506,Arlindo Sobral & Dantas Lda,Lisbon,Unknown,1.0,4.0,0.0,3717.0,0.22499999999999998,71.93915752520559,97.65516301344215
d5981500,Cafe Do Combro,Lisbon,Unknown,1.0,4.0,0.0,3717.0,0.22499999999999998,71.93915752520559,97.65516301344215
d5981480,Pizzeria Foglia Di Basilico,Lisbon,Pizza,1.0,4.0,0.0,3717.0,0.22499999999999998,71.93915752520559,97.65516301344215
d12969961,Pangzi Mianguan,Lisbon,Chinese,1.0,4.0,0.0,3717.0,0.22499999999999998,71.93915752520559,97.65516301344215
d5981429,Secundino Passos & Ribeiro Lda,Lisbon,Unknown,1.0,4.0,0.0,3717.0,0.22499999999999998,71.93915752520559,97.65516301344215
d5981419,Pedro & Farinha Lda,Lisbon,Unknown,1.0,4.0,0.0,3717.0,0.22499999999999998,71.93915752520559,97.65516301344215
d5981374,Puladinho Sabores Do Brasil,Lisbon,Unknown,1.0,4.0,0.0,3717.0,0.22499999999999998,71.93915752520559,97.65516301344215
d5981339,Ardesia,Lisbon,Unknown,1.0,4.0,0.0,3717.0,0.22499999999999998,71.93915752520559,97.65516301344215
d5981324,Maricarmo,Lisbon,Unknown,1.0,4.0,0.0,3717.0,0.22499999999999998,71.93915752520559,97.65516301344215
d13432932,Pizza Alif Kebab,Lisbon,Italian,1.0,4.0,0.0,3717.0,0.22499999999999998,71.93915752520559,97.65516301344215
d5981312,Homedelicious,Lisbon,Unknown,1.0,4.0,0.0,3717.0,0.22499999999999998,71.93915752520559,97.65516301344215
d10507477,Anna's Cookies,Lisbon,Vegetarian Friendly,1.0,4.0,0.0,3717.0,0.22499999999999998,71.93915752520559,97.65516301344215
d5981281,MilenioLx,Lisbon,Unknown,1.0,4.0,0.0,3717.0,0.22499999999999998,71.93915752520559,97.65516301344215
d5981246,Taskinha Minhota,Lisbon,Unknown,1.0,4.0,0.0,3717.0,0.22499999999999998,71.93915752520559,97.65516301344215
d5981229,Steve's Bar & Grill,Lisbon,Unknown,1.0,4.0,0.0,3717.0,0.22499999999999998,71.93915752520559,97.65516301344215
d3512089,Spazio Dual,Lisbon,Italian,1.0,4.0,0.0,3717.0,0.22499999999999998,71.93915752520559,97.65516301344215
d10039685,Liven,Lisbon,Unknown,1.0,4.0,0.0,3717.0,0.22499999999999998,71.93915752520559,97.65516301344215
d5977137,Restaurante Cabral,Lisbon,Unknown,1.0,4.0,0.0,3717.0,0.22499999999999998,71.93915752520559,97.65516301344215
d13412481,Heritage Pizza & Cafe,Lisbon,Unknown,1.0,4.0,0.0,3717.0,0.22499999999999998,71.93915752520559,97.65516301344215
d11795793,Gallery Club,Lisbon,Unknown,1.0,4.0,0.0,3717.0,0.22499999999999998,71.93915752520559,97.65516301344215
d5977267,Cafe Angelo,Lisbon,Unknown,1.0,4.0,0.0,3717.0,0.22499999999999998,71.93915752520559,97.65516301344215
d5977276,Ouro Verde,Lisbon,Unknown,1.0,4.0,0.0,3717.0,0.22499999999999998,71.93915752520559,97.65516301344215
d12640822,The Fado Nalfama,Lisbon,Unknown,1.0,4.0,0.0,3717.0,0.22499999999999998,71.93915752520559,97.65516301344215
d12897954,NYC Slice Pizza,Lisbon,Pizza,1.0,4.0,0.0,3717.0,0.22499999999999998,71.93915752520559,97.65516301344215
d13360794,Nikkei,Lisbon,Peruvian,1.0,4.0,0.0,3717.0,0.22499999999999998,71.93915752520559,97.65516301344215
d5977501,Cantinho Do Paco,Lisbon,Unknown,1.0,4.0,0.0,3717.0,0.22499999999999998,71.93915752520559,97.65516301344215
d13540608,Lugar de Fala,Lisbon,African,1.0,4.0,0.0,3717.0,0.22499999999999998,71.93915752520559,97.65516301344215
d5977726,O Pateo Das Delicias,Lisbon,Unknown,1.0,4.0,0.0,3717.0,0.22499999999999998,71.93915752520559,97.65516301344215
d3844836,Mario Ilheu,Lisbon,European,1.0,4.0,0.0,3717.0,0.22499999999999998,71.93915752520559,97.65516301344215
d10248307,Obento Sushi Bar,Lisbon,Japanese,1.0,4.0,0.0,3717.0,0.22499999999999998,71.93915752520559,97.65516301344215
d13051317,Luckies Club,Lisbon,European,1.0,4.0,0.0,3717.0,0.22499999999999998,71.93915752520559,97.65516301344215
d12689453,OM cafe and bar,Lisbon,American,1.0,4.0,0.0,3717.0,0.22499999999999998,71.93915752520559,97.65516301344215
d13486557,Vintte Oito Lisboa,Lisbon,European,1.0,4.0,0.0,3717.0,0.22499999999999998,71.93915752520559,97.65516301344215
d4975587,Casa Macau,Lisbon,Indian,1.0,4.0,0.0,3717.0,0.22499999999999998,71.93915752520559,97.65516301344215
d12614059,Mercado de Santa Clara,Lisbon,Unknown,1.0,4.0,0.0,3717.0,0.22499999999999998,71.93915752520559,97.65516301344215
d11661291,Dom Filipe,Lisbon,Unknown,1.0,4.0,0.0,3717.0,0.22499999999999998,71.93915752520559,97.65516301344215
d10453382,Milky Way Breakfast Club,Lisbon,Unknown,1.0,4.0,0.0,3717.0,0.22499999999999998,71.93915752520559,97.65516301344215
d6107176,A Boutique Dos Cafes,Lisbon,Unknown,1.0,4.0,0.0,3717.0,0.22499999999999998,71.93915752520559,97.65516301344215
d6107135,Eddy's Kitchen,Lisbon,Unknown,1.0,4.0,0.0,3717.0,0.22499999999999998,71.93915752520559,97.65516301344215
d12844351,Restaurante Beira Rio,Lisbon,European,1.0,4.0,0.0,3717.0,0.22499999999999998,71.93915752520559,97.65516301344215
d6107613,Casa da Picanha,Lisbon,Unknown,1.0,4.0,0.0,3717.0,0.22499999999999998,71.93915752520559,97.65516301344215
d11912415,Travelburger,Lisbon,Unknown,1.0,4.0,0.0,3717.0,0.22499999999999998,71.93915752520559,97.65516301344215
d10427273,Gonzalez & Cunha,Lisbon,Unknown,1.0,4.0,0.0,3717.0,0.22499999999999998,71.93915752520559,97.65516301344215
d13410327,Restaurant Long,Lisbon,Japanese,4.0,4.0,0.0,3717.0,0.22499999999999998,71.93915752520559,97.65516301344215
d10349990,Portuguese Chems,Lisbon,Italian,4.0,4.0,0.0,3717.0,0.22499999999999998,71.93915752520559,97.65516301344215
d13230237,Tasty bite Indian restaurant and kebab,Lisbon,Indian,1.0,4.0,0.0,3717.0,0.22499999999999998,71.93915752520559,97.65516301344215
d13435931,Casa dos Amigos,Lisbon,Italian,1.0,4.0,0.0,3717.0,0.22499999999999998,71.93915752520559,97.65516301344215
d6106576,Cafetaria do Museu de Artes Decorativas - FRESS,Lisbon,Unknown,1.0,4.0,0.0,3717.0,0.22499999999999998,71.93915752520559,97.65516301344215
d13075694,Receita Cordial Lda,Lisbon,European,1.0,4.0,0.0,3717.0,0.22499999999999998,71.93915752520559,97.65516301344215
d11866961,Indian Garden,Lisbon,Indian,1.0,4.0,0.0,3717.0,0.22499999999999998,71.93915752520559,97.65516301344215
d5977743,Prova. Te,Lisbon,Unknown,1.0,4.0,0.0,3717.0,0.22499999999999998,71.93915752520559,97.65516301344215
d3791765,The Chilli Room,Lisbon,Unknown,1.0,4.0,0.0,3717.0,0.22499999999999998,71.93915752520559,97.65516301344215
d5977691,Dar Paladar,Lisbon,Unknown,1.0,4.0,0.0,3717.0,0.22499999999999998,71.93915752520559,97.65516301344215
d5977682,Haity,Lisbon,Unknown,1.0,4.0,0.0,3717.0,0.22499999999999998,71.93915752520559,97.65516301344215
d5977676,Restaurante Espada 2,Lisbon,Unknown,1.0,4.0,0.0,3717.0,0.22499999999999998,71.93915752520559,97.65516301344215
d5977671,GelYog,Lisbon,Unknown,1.0,4.0,0.0,3717.0,0.22499999999999998,71.93915752520559,97.65516301344215
d5977664,Taberna Amorim Lda,Lisbon,Unknown,1.0,4.0,0.0,3717.0,0.22499999999999998,71.93915752520559,97.65516301344215
d5977626,Pasta Divina Cafe,Lisbon,Unknown,1.0,4.0,0.0,3717.0,0.22499999999999998,71.93915752520559,97.65516301344215
d5977603,Leandro`S Pao Quente,Lisbon,Unknown,1.0,4.0,0.0,3717.0,0.22499999999999998,71.93915752520559,97.65516301344215
d5977503,Quiosque Paiva Couceiro,Lisbon,Unknown,1.0,4.0,0.0,3717.0,0.22499999999999998,71.93915752520559,97.65516301344215
d5977475,Pitaki,Lisbon,Greek,1.0,4.0,0.0,3717.0,0.22499999999999998,71.93915752520559,97.65516301344215
d5977437,Chez Vous,Lisbon,French,1.0,4.0,0.0,3717.0,0.22499999999999998,71.93915752520559,97.65516301344215
d5977434,Salpico,Lisbon,Unknown,1.0,4.0,0.0,3717.0,0.22499999999999998,71.93915752520559,97.65516301344215
d5977432,Soclimar,Lisbon,Unknown,1.0,4.0,0.0,3717.0,0.22499999999999998,71.93915752520559,97.65516301344215
d5977424,Fruitamour - Fruit Gourmet Bistro,Lisbon,Unknown,1.0,4.0,0.0,3717.0,0.22499999999999998,71.93915752520559,97.65516301344215
d5977378,Aulas de Cozinha Facil,Lisbon,Unknown,1.0,4.0,0.0,3717.0,0.22499999999999998,71.93915752520559,97.65516301344215
d5977369,O Fernando,Lisbon,Unknown,1.0,4.0,0.0,3717.0,0.22499999999999998,71.93915752520559,97.65516301344215
d11789402,Bell Burguer,Lisbon,Italian,1.0,4.0,0.0,3717.0,0.22499999999999998,71.93915752520559,97.65516301344215
d5977317,A Barraquinha,Lisbon,Unknown,1.0,4.0,0.0,3717.0,0.22499999999999998,71.93915752520559,97.65516301344215
d5977254,4 Lovers Food,Lisbon,Unknown,1.0,4.0,0.0,3717.0,0.22499999999999998,71.93915752520559,97.65516301344215
d5977248,O Bar Do Pedro,Lisbon,Unknown,1.0,4.0,0.0,3717.0,0.22499999999999998,71.93915752520559,97.65516301344215
d5977215,Meio Sal,Lisbon,Unknown,1.0,4.0,0.0,3717.0,0.22499999999999998,71.93915752520559,97.65516301344215
d5977178,Restaurante Hora Kom Sabor,Lisbon,Unknown,1.0,4.0,0.0,3717.0,0.22499999999999998,71.93915752520559,97.65516301344215
d12251837,Os Loucos,Lisbon,Unknown,1.0,4.0,0.0,3717.0,0.22499999999999998,71.93915752520559,97.65516301344215
d13360346,Hanami Sushi Forum Sintra,Lisbon,Japanese,1.0,4.0,0.0,3717.0,0.22499999999999998,71.93915752520559,97.65516301344215
d13486083,Quiosque Cais Sodre,Lisbon,European,1.0,4.0,0.0,3717.0,0.22499999999999998,71.93915752520559,97.65516301344215
d8368354,Fogao,Lisbon,International,1.0,4.0,0.0,3717.0,0.22499999999999998,71.93915752520559,97.65516301344215
d12251532,Alecrim aos Molhos,Lisbon,Unknown,1.0,4.0,0.0,3717.0,0.22499999999999998,71.93915752520559,97.65516301344215
d7159345,bernardo,Lisbon,Unknown,1.0,4.0,0.0,3717.0,0.22499999999999998,71.93915752520559,97.65516301344215
d12714213,Bar das Flores,Lisbon,Brazilian,1.0,4.0,0.0,3717.0,0.22499999999999998,71.93915752520559,97.65516301344215
d6104842,Monsanto Caffe,Lisbon,Unknown,1.0,4.0,0.0,3717.0,0.22499999999999998,71.93915752520559,97.65516301344215
d6104799,Pastelaria Abaniko,Lisbon,Unknown,1.0,4.0,0.0,3717.0,0.22499999999999998,71.93915752520559,97.65516301344215
d8753530,On The Move Street Food,Lisbon,Unknown,1.0,4.0,0.0,3717.0,0.22499999999999998,71.93915752520559,97.65516301344215
d13412495,Tasca Phina,Lisbon,Unknown,1.0,4.0,0.0,3717.0,0.22499999999999998,71.93915752520559,97.65516301344215
d5981455,Bar Berimbar,Lisbon,Unknown,1.0,4.0,0.0,3717.0,0.22499999999999998,71.93915752520559,97.65516301344215
d5981473,Restaurante Erva de Cheiro,Lisbon,Unknown,1.0,4.0,0.0,3717.0,0.22499999999999998,71.93915752520559,97.65516301344215
d5981496,Restaurante o Torgo,Lisbon,Unknown,1.0,4.0,0.0,3717.0,0.22499999999999998,71.93915752520559,97.65516301344215
d6078804,Cachalote,Lisbon,Unknown,1.0,4.0,0.0,3717.0,0.22499999999999998,71.93915752520559,97.65516301344215
d13202310,Saber e Sabor,Lisbon,European,1.0,4.0,0.0,3717.0,0.22499999999999998,71.93915752520559,97.65516301344215
d8084462,Jamba 2,Lisbon,Unknown,1.0,4.0,0.0,3717.0,0.22499999999999998,71.93915752520559,97.65516301344215
d6104009,Cafe Manha,Lisbon,Unknown,1.0,4.0,0.0,3717.0,0.22499999999999998,71.93915752520559,97.65516301344215
d12970405,Raus Cafe,Lisbon,Brazilian,1.0,4.0,0.0,3717.0,0.22499999999999998,71.93915752520559,97.65516301344215
d11761703,Prato da semana,Lisbon,European,1.0,4.0,0.0,3717.0,0.22499999999999998,71.93915752520559,97.65516301344215
d10321460,Sea Corner Restaurant,Lisbon,Italian,1.0,4.0,0.0,3717.0,0.22499999999999998,71.93915752520559,97.65516301344215
d10141396,"Chinjiang - Restauracao, Lda",Lisbon,Unknown,1.0,4.0,0.0,3717.0,0.22499999999999998,71.93915752520559,97.65516301344215
d7312440,Lisboa Carmo Hotel,Lisbon,Unknown,1.0,4.0,0.0,3717.0,0.22499999999999998,71.93915752520559,97.65516301344215
d11510623,Cantinho D'Amizade,Lisbon,European,1.0,4.0,0.0,3717.0,0.22499999999999998,71.93915752520559,97.65516301344215
d13289834,Evolution Lisboa,Lisbon,Unknown,1.0,4.0,0.0,3717.0,0.22499999999999998,71.93915752520559,97.65516301344215
d12532550,Tertuliavetor lda,Lisbon,Mediterranean,1.0,4.0,0.0,3717.0,0.22499999999999998,71.93915752520559,97.65516301344215
d13406428,Comer Amor,Lisbon,Healthy,1.0,4.0,0.0,3717.0,0.22499999999999998,71.93915752520559,97.65516301344215
d12969114,Quintal de Santo Amaro,Lisbon,Healthy,1.0,4.0,0.0,3717.0,0.22499999999999998,71.93915752520559,97.65516301344215
d11914557,Gingole,Lisbon,Healthy,1.0,4.0,0.0,3717.0,0.22499999999999998,71.93915752520559,97.65516301344215
d13277554,Restaurante Jose Pereira e Herdeiros,Lisbon,Bar,1.0,4.0,0.0,3717.0,0.22499999999999998,71.93915752520559,97.65516301344215
d11965836,Limao Lisboa Bistro,Lisbon,Unknown,1.0,4.0,0.0,3717.0,0.22499999999999998,71.93915752520559,97.65516301344215
d10525300,Waffle o'stick,Lisbon,Belgian,1.0,4.0,0.0,3717.0,0.22499999999999998,71.93915752520559,97.65516301344215
d2321449,Restaurant Potala Tibetan,Lisbon,Asian,1.0,4.0,0.0,3717.0,0.22499999999999998,71.93915752520559,97.65516301344215
d13276849,Ze of Chez Esteves,Lisbon,European,1.0,4.0,0.0,3717.0,0.22499999999999998,71.93915752520559,97.65516301344215
d13353933,Sailors Bar Lda,Lisbon,Bar,1.0,4.0,0.0,3717.0,0.22499999999999998,71.93915752520559,97.65516301344215
d7593253,Salao de Cha,Lisbon,Cafe,1.0,4.0,0.0,3717.0,0.22499999999999998,71.93915752520559,97.65516301344215
d13338519,Churrasqueira da Tapada,Lisbon,Barbecue,1.0,4.0,0.0,3717.0,0.22499999999999998,71.93915752520559,97.65516301344215
d13329779,Kafofo,Lisbon,Unknown,1.0,4.0,0.0,3717.0,0.22499999999999998,71.93915752520559,97.65516301344215
d12670736,Hoop Pizza,Lisbon,Unknown,1.0,4.0,0.0,3717.0,0.22499999999999998,71.93915752520559,97.65516301344215
d10884040,Mercado Do Pao,Lisbon,Unknown,1.0,4.0,0.0,3717.0,0.22499999999999998,71.93915752520559,97.65516301344215
d12581310,Vitaminas & Companhia - Vasco de Gama,Lisbon,Unknown,1.0,4.0,0.0,3717.0,0.22499999999999998,71.93915752520559,97.65516301344215
d12404192,U'Tanas,Lisbon,Brazilian,1.0,4.0,0.0,3717.0,0.22499999999999998,71.93915752520559,97.65516301344215
d13532722,Casa Indiana,Lisbon,Indian,1.0,4.0,0.0,3717.0,0.22499999999999998,71.93915752520559,97.65516301344215
d11912420,Tasca Grossa,Lisbon,Unknown,1.0,4.0,0.0,3717.0,0.22499999999999998,71.93915752520559,97.65516301344215
d11886537,Wine Fountain - Bar & Petisco,Lisbon,Unknown,1.0,4.0,0.0,3717.0,0.22499999999999998,71.93915752520559,97.65516301344215
d4094274,Palacio do Duque Bar Restaurante,Lisbon,European,1.0,4.0,0.0,3717.0,0.22499999999999998,71.93915752520559,97.65516301344215
d13403307,Sushiria - Actividades de Restauracao,Lisbon,Japanese,4.0,4.0,0.0,3717.0,0.22499999999999998,71.93915752520559,97.65516301344215
d11911666,Churra,Lisbon,Grill,1.0,4.0,0.0,3717.0,0.22499999999999998,71.93915752520559,97.65516301344215
d10779907,mount Dhaulagiri restaurant bar & keab house,Lisbon,Indian,1.0,4.0,0.0,3717.0,0.22499999999999998,71.93915752520559,97.65516301344215
d13428537,Nutri Restaurante,Lisbon,Pub,1.0,4.0,0.0,3717.0,0.22499999999999998,71.93915752520559,97.65516301344215
d13418076,Bras & Paz,Lisbon,Unknown,1.0,4.0,0.0,3717.0,0.22499999999999998,71.93915752520559,97.65516301344215
d10393681,Prohibition,Lisbon,European,1.0,4.0,0.0,3717.0,0.22499999999999998,71.93915752520559,97.65516301344215
d13531118,Subway,Lisbon,European,1.0,4.0,0.0,3717.0,0.22499999999999998,71.93915752520559,97.65516301344215
d13392506,100% Restaurante,Lisbon,Unknown,1.0,4.0,0.0,3717.0,0.22499999999999998,71.93915752520559,97.65516301344215
d2369893,Cas Galera,Lisbon,European,1.0,4.0,0.0,3717.0,0.22499999999999998,71.93915752520559,97.65516301344215
d13376734,D'affetto Pizzeria Artigianale,Lisbon,Italian,1.0,4.0,0.0,3717.0,0.22499999999999998,71.93915752520559,97.65516301344215
d13289780,Black Sushi,Lisbon,Unknown,1.0,4.0,0.0,3717.0,0.22499999999999998,71.93915752520559,97.65516301344215
d13289819,Sancho Panza,Lisbon,Unknown,1.0,4.0,0.0,3717.0,0.22499999999999998,71.93915752520559,97.65516301344215
d4298290,Tokyo,Lisbon,Japanese,1.0,4.0,0.0,3717.0,0.22499999999999998,71.93915752520559,97.65516301344215
d11910480,Rosalie Pereira Martins,Lisbon,Unknown,1.0,4.0,0.0,3717.0,0.22499999999999998,71.93915752520559,97.65516301344215
d8361482,Global Sabores,Lisbon,Unknown,1.0,4.0,0.0,3717.0,0.22499999999999998,71.93915752520559,97.65516301344215
d11910302,Bistro 87,Lisbon,Unknown,1.0,4.0,0.0,3717.0,0.22499999999999998,71.93915752520559,97.65516301344215
d12810343,Domingo a espreita,Lisbon,Mediterranean,1.0,4.0,0.0,3717.0,0.22499999999999998,71.93915752520559,97.65516301344215
d12390448,Lxbeer,Lisbon,Unknown,1.0,4.0,0.0,3717.0,0.22499999999999998,71.93915752520559,97.65516301344215
d8077888,A Orchidea,Lisbon,Unknown,1.0,4.0,0.0,3717.0,0.22499999999999998,71.93915752520559,97.65516301344215
d13008107,Cacita Cafe,Lisbon,European,1.0,4.0,0.0,3717.0,0.22499999999999998,71.93915752520559,97.65516301344215
d6894812,Active Nights,Lisbon,Bar,1.0,4.0,0.0,3717.0,0.22499999999999998,71.93915752520559,97.65516301344215
d13144018,Zurique,Lisbon,European,1.0,4.0,0.0,3717.0,0.22499999999999998,71.93915752520559,97.65516301344215
d11909411,Frens Stick & Grill,Lisbon,European,1.0,4.0,0.0,3717.0,0.22499999999999998,71.93915752520559,97.65516301344215
d13503722,Burrata - Pizzaria Artesanal,Lisbon,Pizza,1.0,4.0,0.0,3717.0,0.22499999999999998,71.93915752520559,97.65516301344215
d12114891,Pastelaria & Restaurante Galaico,Lisbon,Unknown,1.0,4.0,0.0,3717.0,0.22499999999999998,71.93915752520559,97.65516301344215
d11677605,Limao Lisboa,Lisbon,Mediterranean,1.0,4.0,0.0,3717.0,0.22499999999999998,71.93915752520559,97.65516301344215
d13220587,O Barril do Pao,Lisbon,Unknown,1.0,4.0,0.0,3717.0,0.22499999999999998,71.93915752520559,97.65516301344215
d13220561,Lisbon Vintage Wine Bar,Lisbon,Unknown,1.0,4.0,0.0,3717.0,0.22499999999999998,71.93915752520559,97.65516301344215
d8745769,Sweet Caffe,Lisbon,Unknown,1.0,4.0,0.0,3717.0,0.22499999999999998,71.93915752520559,97.65516301344215
d10314482,"Adequada Molecula, Lda",Lisbon,European,1.0,4.0,0.0,3717.0,0.22499999999999998,71.93915752520559,97.65516301344215
d13477532,Almassas,Lisbon,Italian,1.0,4.0,0.0,3717.0,0.22499999999999998,71.93915752520559,97.65516301344215
d13394702,Pizzaria Gordo Chic,Lisbon,Brazilian,1.0,4.0,0.0,3717.0,0.22499999999999998,71.93915752520559,97.65516301344215
d6456723,Portuguese Food Experience,Lisbon,European,1.0,4.0,0.0,3717.0,0.22499999999999998,71.93915752520559,97.65516301344215
d13554391,Bim Bam Bar,Lisbon,Bar,1.0,4.0,0.0,3717.0,0.22499999999999998,71.93915752520559,97.65516301344215
d11826589,Sabores da Montanha,Lisbon,Indian,1.0,4.0,0.0,3717.0,0.22499999999999998,71.93915752520559,97.65516301344215
d10802171,O Dom Limao,Lisbon,Unknown,1.0,4.0,0.0,3717.0,0.22499999999999998,71.93915752520559,97.65516301344215
d8461908,Petra Clube,Lisbon,Unknown,1.0,4.0,0.0,3717.0,0.22499999999999998,71.93915752520559,97.65516301344215
d4501069,Girassol,Lisbon,Unknown,1.0,4.0,0.0,3717.0,0.22499999999999998,71.93915752520559,97.65516301344215
d13373427,Restaurante Mota,Lisbon,European,1.0,4.0,0.0,3717.0,0.22499999999999998,71.93915752520559,97.65516301344215
d5786911,Pronto Tas Aqui Tas a Comer,Lisbon,Unknown,1.0,4.0,0.0,3717.0,0.22499999999999998,71.93915752520559,97.65516301344215
d11673150,Go.Coffee,Lisbon,Cafe,1.0,4.0,0.0,3717.0,0.22499999999999998,71.93915752520559,97.65516301344215
d5786859,UnSushible Sushi House,Lisbon,Sushi,1.0,4.0,0.0,3717.0,0.22499999999999998,71.93915752520559,97.65516301344215
d13373331,Pizzaria Tradicional Turca,Lisbon,Turkish,1.0,4.0,0.0,3717.0,0.22499999999999998,71.93915752520559,97.65516301344215
d5786757,Covil the wolf,Lisbon,Unknown,1.0,4.0,0.0,3717.0,0.22499999999999998,71.93915752520559,97.65516301344215
d10055740,Galaticoururtesy Lda,Lisbon,Unknown,1.0,4.0,0.0,3717.0,0.22499999999999998,71.93915752520559,97.65516301344215
d10156292,Food & Wine Kebab Hous,Lisbon,Fast Food,1.0,4.0,0.0,3717.0,0.22499999999999998,71.93915752520559,97.65516301344215
d12832963,Cento e Quatro0,Lisbon,Unknown,1.0,4.0,0.0,3717.0,0.22499999999999998,71.93915752520559,97.65516301344215
